"cell_id","Patient_ID","Sample","Cell_subtype","Cell_type","doublet_score","doublet_class","CNV_score","CNV_label","final_malignancy_class","malignancy_stringent","malignancy_expanded","CNV_analysis_scope","malignancy_scope","outside_pilot_classification"
"CCTATTATCCATGAAC_EBUS_06","P1006","EBUS_06","Malignant cells","Epithelial cells",0.290101193531756,"singlet",0.0388022801774756,"CNV_positive","Malignant supported","Malignant supported","Malignant supported","inferCNV pilot only","Supported within 2,420-cell pilot only","Not assigned"
"CGCTATCGTAAGAGAG_EBUS_06","P1006","EBUS_06","Malignant cells","Epithelial cells",0.264998853284318,"singlet",0.029659981652517,"CNV_positive","Malignant supported","Malignant supported","Malignant supported","inferCNV pilot only","Supported within 2,420-cell pilot only","Not assigned"
"AGGCCACAGCTAAACA_EBUS_06","P1006","EBUS_06","Malignant cells","Epithelial cells",0.102941176470588,"singlet",0.0376127003918331,"CNV_positive","Malignant supported","Malignant supported","Malignant supported","inferCNV pilot only","Supported within 2,420-cell pilot only","Not assigned"
"CTACGTCTCCTAGGGC_EBUS_06","P1006","EBUS_06","Malignant cells","Epithelial cells",0.132870634565655,"singlet",0.0364452983527876,"CNV_positive","Malignant supported","Malignant supported","Malignant supported","inferCNV pilot only","Supported within 2,420-cell pilot only","Not assigned"
"AGTCTTTTCGGCGGTT_EBUS_06","P1006","EBUS_06","Malignant cells","Epithelial cells",0.18219524127113,"singlet",0.0296997665663153,"CNV_positive","Malignant supported","Malignant supported","Malignant supported","inferCNV pilot only","Supported within 2,420-cell pilot only","Not assigned"
"TACCTTACATTCCTGC_EBUS_06","P1006","EBUS_06","Malignant cells","Epithelial cells",0.536519780863696,"doublet",0.0343130153383444,"CNV_positive","Uncertain","Uncertain","Uncertain","inferCNV pilot only","Uncertain within pilot","Not assigned"
"TTCGAAGAGAGACTTA_EBUS_06","P1006","EBUS_06","Malignant cells","Epithelial cells",0.19533584158444,"singlet",0.0396012287761208,"CNV_positive","Malignant supported","Malignant supported","Malignant supported","inferCNV pilot only","Supported within 2,420-cell pilot only","Not assigned"
"TCGTAGATCATCATTC_EBUS_06","P1006","EBUS_06","Malignant cells","Epithelial cells",0.17647058856209,"singlet",0.0334929463144359,"CNV_positive","Malignant supported","Malignant supported","Malignant supported","inferCNV pilot only","Supported within 2,420-cell pilot only","Not assigned"
"GATCGATAGGACAGCT_EBUS_06","P1006","EBUS_06","Malignant cells","Epithelial cells",0.276144500404262,"singlet",0.0424629538905442,"CNV_positive","Malignant supported","Malignant supported","Malignant supported","inferCNV pilot only","Supported within 2,420-cell pilot only","Not assigned"
"CTTTGCGGTCTCTTTA_EBUS_06","P1006","EBUS_06","Malignant cells","Epithelial cells",0.213965449050182,"singlet",0.0295209353232751,"CNV_positive","Malignant supported","Malignant supported","Malignant supported","inferCNV pilot only","Supported within 2,420-cell pilot only","Not assigned"
"GCATGTAGTGTGCCTG_EBUS_06","P1006","EBUS_06","Malignant cells","Epithelial cells",0.258844661500307,"singlet",0.0308815893562047,"CNV_positive","Malignant supported","Malignant supported","Malignant supported","inferCNV pilot only","Supported within 2,420-cell pilot only","Not assigned"
"TCAGCTCTCACGACTA_EBUS_06","P1006","EBUS_06","Malignant cells","Epithelial cells",0.336957923189386,"singlet",0.0320132691016902,"CNV_positive","Malignant supported","Malignant supported","Malignant supported","inferCNV pilot only","Supported within 2,420-cell pilot only","Not assigned"
"TGGGCGTTCTGGCGTG_EBUS_06","P1006","EBUS_06","Malignant cells","Epithelial cells",0.326819410200114,"singlet",0.048089231360018,"CNV_positive","Malignant supported","Malignant supported","Malignant supported","inferCNV pilot only","Supported within 2,420-cell pilot only","Not assigned"
"TACTCATGTCTCTTAT_EBUS_06","P1006","EBUS_06","Malignant cells","Epithelial cells",0.507761359934211,"doublet",0.0375359875296043,"CNV_positive","Uncertain","Uncertain","Uncertain","inferCNV pilot only","Uncertain within pilot","Not assigned"
"CATTATCAGTGTTAGA_EBUS_06","P1006","EBUS_06","Malignant cells","Epithelial cells",0.0296987678864135,"singlet",0.0290876246826703,"CNV_positive","Malignant supported","Malignant supported","Malignant supported","inferCNV pilot only","Supported within 2,420-cell pilot only","Not assigned"
"TCATTTGAGAGGTACC_EBUS_06","P1006","EBUS_06","Malignant cells","Epithelial cells",0.526448140134596,"doublet",0.0367824527415765,"CNV_positive","Uncertain","Uncertain","Uncertain","inferCNV pilot only","Uncertain within pilot","Not assigned"
"GTACGTATCTTCTGGC_EBUS_06","P1006","EBUS_06","Malignant cells","Epithelial cells",0.17662803106601,"singlet",0.0294053920815684,"CNV_positive","Malignant supported","Malignant supported","Malignant supported","inferCNV pilot only","Supported within 2,420-cell pilot only","Not assigned"
"AACTCCCGTGTGCGTC_EBUS_06","P1006","EBUS_06","Malignant cells","Epithelial cells",0.243726983225248,"singlet",0.0346620923111604,"CNV_positive","Malignant supported","Malignant supported","Malignant supported","inferCNV pilot only","Supported within 2,420-cell pilot only","Not assigned"
"CTAATGGTCCGCGGTA_EBUS_06","P1006","EBUS_06","Malignant cells","Epithelial cells",0.208996098450292,"singlet",0.0368136846519851,"CNV_positive","Malignant supported","Malignant supported","Malignant supported","inferCNV pilot only","Supported within 2,420-cell pilot only","Not assigned"
"ATAGACCCACATTTCT_EBUS_06","P1006","EBUS_06","Malignant cells","Epithelial cells",0.265661517608805,"singlet",0.0357919095282482,"CNV_positive","Malignant supported","Malignant supported","Malignant supported","inferCNV pilot only","Supported within 2,420-cell pilot only","Not assigned"
"TACAGTGAGACTGTAA_EBUS_06","P1006","EBUS_06","Malignant cells","Epithelial cells",0.117647058823529,"singlet",0.0357349761573427,"CNV_positive","Malignant supported","Malignant supported","Malignant supported","inferCNV pilot only","Supported within 2,420-cell pilot only","Not assigned"
"CTTAGGAAGGTGATAT_EBUS_06","P1006","EBUS_06","Malignant cells","Epithelial cells",0.235472192359006,"singlet",0.0479571409981542,"CNV_positive","Malignant supported","Malignant supported","Malignant supported","inferCNV pilot only","Supported within 2,420-cell pilot only","Not assigned"
"CTCGTACAGATGGGTC_EBUS_06","P1006","EBUS_06","Malignant cells","Epithelial cells",0.427931083502362,"doublet",0.036885716335842,"CNV_positive","Uncertain","Uncertain","Uncertain","inferCNV pilot only","Uncertain within pilot","Not assigned"
"CCCAGTTAGATGTGGC_EBUS_06","P1006","EBUS_06","Malignant cells","Epithelial cells",0.000113687245548039,"singlet",0.0305081675689394,"CNV_positive","Malignant supported","Malignant supported","Malignant supported","inferCNV pilot only","Supported within 2,420-cell pilot only","Not assigned"
"GTAGGCCAGACGACGT_EBUS_06","P1006","EBUS_06","Malignant cells","Epithelial cells",0.102985919611455,"singlet",0.0338756945566275,"CNV_positive","Malignant supported","Malignant supported","Malignant supported","inferCNV pilot only","Supported within 2,420-cell pilot only","Not assigned"
"CTCATTATCTCTTATG_EBUS_06","P1006","EBUS_06","Malignant cells","Epithelial cells",0.0735492512678364,"singlet",0.0391440416389849,"CNV_positive","Malignant supported","Malignant supported","Malignant supported","inferCNV pilot only","Supported within 2,420-cell pilot only","Not assigned"
"CGTAGGCGTAGGAGTC_EBUS_06","P1006","EBUS_06","Malignant cells","Epithelial cells",0.265376452380485,"singlet",0.0360497711509373,"CNV_positive","Malignant supported","Malignant supported","Malignant supported","inferCNV pilot only","Supported within 2,420-cell pilot only","Not assigned"
"GTTACAGGTGCCTTGG_EBUS_06","P1006","EBUS_06","Malignant cells","Epithelial cells",0.192026540469956,"singlet",0.0308508257592509,"CNV_positive","Malignant supported","Malignant supported","Malignant supported","inferCNV pilot only","Supported within 2,420-cell pilot only","Not assigned"
"TACCTTACAGCCAGAA_EBUS_06","P1006","EBUS_06","Malignant cells","Epithelial cells",0.0735294117647059,"singlet",0.0336743625119733,"CNV_positive","Malignant supported","Malignant supported","Malignant supported","inferCNV pilot only","Supported within 2,420-cell pilot only","Not assigned"
"TCTGAGAAGTGCGTGA_EBUS_06","P1006","EBUS_06","Malignant cells","Epithelial cells",0.147058823531697,"singlet",0.0283087581026468,"CNV_positive","Malignant supported","Malignant supported","Malignant supported","inferCNV pilot only","Supported within 2,420-cell pilot only","Not assigned"
"TAAGCGTCAAGTAGTA_EBUS_06","P1006","EBUS_06","Malignant cells","Epithelial cells",0.191176470588235,"singlet",0.0320188054459638,"CNV_positive","Malignant supported","Malignant supported","Malignant supported","inferCNV pilot only","Supported within 2,420-cell pilot only","Not assigned"
"TACTCGCAGGACATTA_EBUS_06","P1006","EBUS_06","Malignant cells","Epithelial cells",0.0588235310043909,"singlet",0.0275935388544078,"CNV_positive","Malignant supported","Malignant supported","Malignant supported","inferCNV pilot only","Supported within 2,420-cell pilot only","Not assigned"
"CAGCAGCCATGCATGT_EBUS_06","P1006","EBUS_06","Malignant cells","Epithelial cells",0.257068501782877,"singlet",0.0396732661860784,"CNV_positive","Malignant supported","Malignant supported","Malignant supported","inferCNV pilot only","Supported within 2,420-cell pilot only","Not assigned"
"AGCGTATTCTTGGGTA_EBUS_06","P1006","EBUS_06","Malignant cells","Epithelial cells",0.0147058823529413,"singlet",0.0232720434467039,"CNV_uncertain","Uncertain","Uncertain","Malignant supported","inferCNV pilot only","Uncertain within pilot","Not assigned"
"ATCATCTAGCTAGTTC_EBUS_06","P1006","EBUS_06","Malignant cells","Epithelial cells",1.33303082090922e-14,"singlet",0.0290309214490528,"CNV_positive","Malignant supported","Malignant supported","Malignant supported","inferCNV pilot only","Supported within 2,420-cell pilot only","Not assigned"
"CTGCCTAGTGTGGTTT_EBUS_06","P1006","EBUS_06","Malignant cells","Epithelial cells",0.0454898181183331,"singlet",0.0289583715230131,"CNV_positive","Malignant supported","Malignant supported","Malignant supported","inferCNV pilot only","Supported within 2,420-cell pilot only","Not assigned"
"ACATGGTGTGTTCGAT_EBUS_06","P1006","EBUS_06","Malignant cells","Epithelial cells",0.22060581466082,"singlet",0.0383805176826468,"CNV_positive","Malignant supported","Malignant supported","Malignant supported","inferCNV pilot only","Supported within 2,420-cell pilot only","Not assigned"
"CTGGTCTAGGCTAGGT_EBUS_06","P1006","EBUS_06","Malignant cells","Epithelial cells",0.102941176470588,"singlet",0.0284331582238409,"CNV_positive","Malignant supported","Malignant supported","Malignant supported","inferCNV pilot only","Supported within 2,420-cell pilot only","Not assigned"
"AGACGTTAGAAGGGTA_EBUS_06","P1006","EBUS_06","Malignant cells","Epithelial cells",0.234520107719294,"singlet",0.0390778766219772,"CNV_positive","Malignant supported","Malignant supported","Malignant supported","inferCNV pilot only","Supported within 2,420-cell pilot only","Not assigned"
"GCGCAGTAGCACAGGT_EBUS_06","P1006","EBUS_06","Malignant cells","Epithelial cells",0.0441176470588235,"singlet",0.0307514299531965,"CNV_positive","Malignant supported","Malignant supported","Malignant supported","inferCNV pilot only","Supported within 2,420-cell pilot only","Not assigned"
"GTCAAGTGTAAGCACG_EBUS_06","P1006","EBUS_06","Malignant cells","Epithelial cells",0.363320616026123,"singlet",0.0480526228237915,"CNV_positive","Malignant supported","Malignant supported","Malignant supported","inferCNV pilot only","Supported within 2,420-cell pilot only","Not assigned"
"AGCAGCCCAGGTTTCA_EBUS_06","P1006","EBUS_06","Malignant cells","Epithelial cells",0.221215712240414,"singlet",0.0308771052390656,"CNV_positive","Malignant supported","Malignant supported","Malignant supported","inferCNV pilot only","Supported within 2,420-cell pilot only","Not assigned"
"CACCTTGAGCACCGCT_EBUS_06","P1006","EBUS_06","Malignant cells","Epithelial cells",0.191801493563131,"singlet",0.0347019775420905,"CNV_positive","Malignant supported","Malignant supported","Malignant supported","inferCNV pilot only","Supported within 2,420-cell pilot only","Not assigned"
"CACAGGCAGCTAACTC_EBUS_06","P1006","EBUS_06","Malignant cells","Epithelial cells",0.125317317584862,"singlet",0.0299682988203485,"CNV_positive","Malignant supported","Malignant supported","Malignant supported","inferCNV pilot only","Supported within 2,420-cell pilot only","Not assigned"
"AAGGCAGCATCCGGGT_EBUS_06","P1006","EBUS_06","Malignant cells","Epithelial cells",0.322324865546229,"singlet",0.0356358276845846,"CNV_positive","Malignant supported","Malignant supported","Malignant supported","inferCNV pilot only","Supported within 2,420-cell pilot only","Not assigned"
"CCTTCGATCTTAACCT_EBUS_06","P1006","EBUS_06","Malignant cells","Epithelial cells",0.258945797386021,"singlet",0.0350675909589373,"CNV_positive","Malignant supported","Malignant supported","Malignant supported","inferCNV pilot only","Supported within 2,420-cell pilot only","Not assigned"
"ACGAGGACACACCGCA_EBUS_06","P1006","EBUS_06","Malignant cells","Epithelial cells",0.0453861041636965,"singlet",0.0333830228721681,"CNV_positive","Malignant supported","Malignant supported","Malignant supported","inferCNV pilot only","Supported within 2,420-cell pilot only","Not assigned"
"CAGGTGCGTTGAACTC_EBUS_06","P1006","EBUS_06","Malignant cells","Epithelial cells",0.196867219802063,"singlet",0.0351672522617374,"CNV_positive","Malignant supported","Malignant supported","Malignant supported","inferCNV pilot only","Supported within 2,420-cell pilot only","Not assigned"
"CTAGAGTCAGCCACCA_EBUS_06","P1006","EBUS_06","Malignant cells","Epithelial cells",0.0147058823585151,"singlet",0.0202882485480942,"CNV_negative","Uncertain","Uncertain","Uncertain","inferCNV pilot only","Uncertain within pilot","Not assigned"
"GGACAAGTCTGCTTGC_EBUS_06","P1006","EBUS_06","Malignant cells","Epithelial cells",0.0735453763855268,"singlet",0.0240603818057256,"CNV_positive","Malignant supported","Malignant supported","Malignant supported","inferCNV pilot only","Supported within 2,420-cell pilot only","Not assigned"
"GATGAAAGTCCCTTGT_EBUS_10","P1010","EBUS_10","Malignant cells","Epithelial cells",0.0396819140114607,"singlet",0.0303852123839775,"CNV_positive","Malignant supported","Malignant supported","Malignant supported","inferCNV pilot only","Supported within 2,420-cell pilot only","Not assigned"
"CACATAGTCAAGGCTT_EBUS_10","P1010","EBUS_10","Malignant cells","Epithelial cells",0.176740546104411,"singlet",0.0410031695220694,"CNV_positive","Malignant supported","Malignant supported","Malignant supported","inferCNV pilot only","Supported within 2,420-cell pilot only","Not assigned"
"TGCGTGGTCAGTCCCT_EBUS_10","P1010","EBUS_10","Malignant cells","Epithelial cells",0.0493362598945628,"singlet",0.0399216067647766,"CNV_positive","Malignant supported","Malignant supported","Malignant supported","inferCNV pilot only","Supported within 2,420-cell pilot only","Not assigned"
"ACTGTCCCAAGTTCTG_EBUS_10","P1010","EBUS_10","Malignant cells","Epithelial cells",0.162141806181217,"singlet",0.0269788001715227,"CNV_positive","Malignant supported","Malignant supported","Malignant supported","inferCNV pilot only","Supported within 2,420-cell pilot only","Not assigned"
"CGGACGTCACCGAAAG_EBUS_10","P1010","EBUS_10","Malignant cells","Epithelial cells",0.0140823351914382,"singlet",0.0333974338825287,"CNV_positive","Malignant supported","Malignant supported","Malignant supported","inferCNV pilot only","Supported within 2,420-cell pilot only","Not assigned"
"GCAAACTTCCTTGCCA_EBUS_10","P1010","EBUS_10","Malignant cells","Epithelial cells",0.194350351670547,"singlet",0.0267553975480833,"CNV_positive","Malignant supported","Malignant supported","Malignant supported","inferCNV pilot only","Supported within 2,420-cell pilot only","Not assigned"
"CTGTTTACATGAACCT_EBUS_10","P1010","EBUS_10","Malignant cells","Epithelial cells",0.298179748410869,"singlet",0.024231739071058,"CNV_positive","Malignant supported","Malignant supported","Malignant supported","inferCNV pilot only","Supported within 2,420-cell pilot only","Not assigned"
"TACGGATAGCTAGGCA_EBUS_10","P1010","EBUS_10","Malignant cells","Epithelial cells",0.183189970177255,"singlet",0.0377216018671031,"CNV_positive","Malignant supported","Malignant supported","Malignant supported","inferCNV pilot only","Supported within 2,420-cell pilot only","Not assigned"
"ACTGAACAGTCAATAG_EBUS_10","P1010","EBUS_10","Malignant cells","Epithelial cells",0.207488069478292,"singlet",0.0237562547971017,"CNV_positive","Malignant supported","Malignant supported","Malignant supported","inferCNV pilot only","Supported within 2,420-cell pilot only","Not assigned"
"AAAGCAAGTGTCCTCT_EBUS_10","P1010","EBUS_10","Malignant cells","Epithelial cells",0.0895803143950171,"singlet",0.0279192840111635,"CNV_positive","Malignant supported","Malignant supported","Malignant supported","inferCNV pilot only","Supported within 2,420-cell pilot only","Not assigned"
"AAGACCTTCGATGAGG_EBUS_10","P1010","EBUS_10","Malignant cells","Epithelial cells",0.131386139235126,"singlet",0.0307820152639937,"CNV_positive","Malignant supported","Malignant supported","Malignant supported","inferCNV pilot only","Supported within 2,420-cell pilot only","Not assigned"
"ATGAGGGTCACCACCT_EBUS_10","P1010","EBUS_10","Malignant cells","Epithelial cells",0.247161750669624,"singlet",0.0264583732168502,"CNV_positive","Malignant supported","Malignant supported","Malignant supported","inferCNV pilot only","Supported within 2,420-cell pilot only","Not assigned"
"GCAGTTAGTCTAAACC_EBUS_10","P1010","EBUS_10","Malignant cells","Epithelial cells",0.636520328022905,"doublet",0.0190370882541902,"CNV_negative","Uncertain","Uncertain","Uncertain","inferCNV pilot only","Uncertain within pilot","Not assigned"
"TACTCGCAGACAGAGA_EBUS_10","P1010","EBUS_10","Malignant cells","Epithelial cells",0.157151742431867,"singlet",0.0292914594407791,"CNV_positive","Malignant supported","Malignant supported","Malignant supported","inferCNV pilot only","Supported within 2,420-cell pilot only","Not assigned"
"GTAACGTTCAACTCTT_EBUS_10","P1010","EBUS_10","Malignant cells","Epithelial cells",0.28145323835262,"singlet",0.0256250558645404,"CNV_positive","Malignant supported","Malignant supported","Malignant supported","inferCNV pilot only","Supported within 2,420-cell pilot only","Not assigned"
"CACCAGGCACAGCCCA_EBUS_10","P1010","EBUS_10","Malignant cells","Epithelial cells",0.265491533653797,"singlet",0.0240919372573575,"CNV_positive","Malignant supported","Malignant supported","Malignant supported","inferCNV pilot only","Supported within 2,420-cell pilot only","Not assigned"
"ACCTTTATCTAGCACA_EBUS_10","P1010","EBUS_10","Malignant cells","Epithelial cells",0.111481216096065,"singlet",0.0311834158234321,"CNV_positive","Malignant supported","Malignant supported","Malignant supported","inferCNV pilot only","Supported within 2,420-cell pilot only","Not assigned"
"GTGAAGGAGAATGTTG_EBUS_10","P1010","EBUS_10","Malignant cells","Epithelial cells",0.00980465322132142,"singlet",0.031925596099852,"CNV_positive","Malignant supported","Malignant supported","Malignant supported","inferCNV pilot only","Supported within 2,420-cell pilot only","Not assigned"
"GTCAAGTTCGCTAGCG_EBUS_10","P1010","EBUS_10","Malignant cells","Epithelial cells",0.426013755108477,"singlet",0.0212737879413979,"CNV_uncertain","Uncertain","Uncertain","Malignant supported","inferCNV pilot only","Uncertain within pilot","Not assigned"
"TTTATGCTCCAAGCCG_EBUS_10","P1010","EBUS_10","Malignant cells","Epithelial cells",0.158083525084576,"singlet",0.0346502263424505,"CNV_positive","Malignant supported","Malignant supported","Malignant supported","inferCNV pilot only","Supported within 2,420-cell pilot only","Not assigned"
"CCACTACAGTCATCCA_EBUS_10","P1010","EBUS_10","Malignant cells","Epithelial cells",0.231119443479045,"singlet",0.0364098520518947,"CNV_positive","Malignant supported","Malignant supported","Malignant supported","inferCNV pilot only","Supported within 2,420-cell pilot only","Not assigned"
"CATATTCAGATCTGCT_EBUS_10","P1010","EBUS_10","Malignant cells","Epithelial cells",0.499732161379107,"doublet",0.0335111891177955,"CNV_positive","Uncertain","Uncertain","Uncertain","inferCNV pilot only","Uncertain within pilot","Not assigned"
"CGCTTCATCCGTCAAA_EBUS_10","P1010","EBUS_10","Malignant cells","Epithelial cells",0.151034417864754,"singlet",0.0325722593779327,"CNV_positive","Malignant supported","Malignant supported","Malignant supported","inferCNV pilot only","Supported within 2,420-cell pilot only","Not assigned"
"ATCACGACAGCTGTGC_EBUS_10","P1010","EBUS_10","Malignant cells","Epithelial cells",0.113141050187701,"singlet",0.0401037095971552,"CNV_positive","Malignant supported","Malignant supported","Malignant supported","inferCNV pilot only","Supported within 2,420-cell pilot only","Not assigned"
"CTCTACGCATTATCTC_EBUS_10","P1010","EBUS_10","Malignant cells","Epithelial cells",0.240115678534191,"singlet",0.0287582469327095,"CNV_positive","Malignant supported","Malignant supported","Malignant supported","inferCNV pilot only","Supported within 2,420-cell pilot only","Not assigned"
"ATCTACTGTGAGGGTT_EBUS_10","P1010","EBUS_10","Malignant cells","Epithelial cells",0.176759518879524,"singlet",0.0262595953847875,"CNV_positive","Malignant supported","Malignant supported","Malignant supported","inferCNV pilot only","Supported within 2,420-cell pilot only","Not assigned"
"CGCCAAGGTTAAAGAC_EBUS_10","P1010","EBUS_10","Malignant cells","Epithelial cells",0.248064788036085,"singlet",0.0324829989511046,"CNV_positive","Malignant supported","Malignant supported","Malignant supported","inferCNV pilot only","Supported within 2,420-cell pilot only","Not assigned"
"TGCCCATGTAAATGAC_EBUS_10","P1010","EBUS_10","Malignant cells","Epithelial cells",0.0992628545929183,"singlet",0.0336155041087061,"CNV_positive","Malignant supported","Malignant supported","Malignant supported","inferCNV pilot only","Supported within 2,420-cell pilot only","Not assigned"
"CACAGGCCAGTATAAG_EBUS_10","P1010","EBUS_10","Malignant cells","Epithelial cells",0.159588001649862,"singlet",0.0264782946607073,"CNV_positive","Malignant supported","Malignant supported","Malignant supported","inferCNV pilot only","Supported within 2,420-cell pilot only","Not assigned"
"CGGCTAGAGTTACGGG_EBUS_10","P1010","EBUS_10","Malignant cells","Epithelial cells",0.126856537158788,"singlet",0.0236943800311031,"CNV_positive","Malignant supported","Malignant supported","Malignant supported","inferCNV pilot only","Supported within 2,420-cell pilot only","Not assigned"
"CCTACCATCATCTGCC_EBUS_10","P1010","EBUS_10","Malignant cells","Epithelial cells",0.108415652006781,"singlet",0.0233594202286563,"CNV_uncertain","Uncertain","Uncertain","Malignant supported","inferCNV pilot only","Uncertain within pilot","Not assigned"
"AGCCTAATCATTCACT_EBUS_10","P1010","EBUS_10","Malignant cells","Epithelial cells",0.090806256224975,"singlet",0.0248345439633613,"CNV_positive","Malignant supported","Malignant supported","Malignant supported","inferCNV pilot only","Supported within 2,420-cell pilot only","Not assigned"
"ATGGGAGGTTTCCACC_EBUS_10","P1010","EBUS_10","Malignant cells","Epithelial cells",0.231924392294258,"singlet",0.0409851518529613,"CNV_positive","Malignant supported","Malignant supported","Malignant supported","inferCNV pilot only","Supported within 2,420-cell pilot only","Not assigned"
"CGTGTCTAGATCCGAG_EBUS_10","P1010","EBUS_10","Malignant cells","Epithelial cells",0.127932012701096,"singlet",0.0229387816704426,"CNV_uncertain","Uncertain","Uncertain","Malignant supported","inferCNV pilot only","Uncertain within pilot","Not assigned"
"GATGCTACAAACTGCT_EBUS_10","P1010","EBUS_10","Malignant cells","Epithelial cells",0.109035184756992,"singlet",0.0310362551336026,"CNV_positive","Malignant supported","Malignant supported","Malignant supported","inferCNV pilot only","Supported within 2,420-cell pilot only","Not assigned"
"CAGCAGCGTTACGCGC_EBUS_10","P1010","EBUS_10","Malignant cells","Epithelial cells",0.019607844671881,"singlet",0.0256461473048735,"CNV_positive","Malignant supported","Malignant supported","Malignant supported","inferCNV pilot only","Supported within 2,420-cell pilot only","Not assigned"
"TGAAAGACACGCGAAA_EBUS_10","P1010","EBUS_10","Malignant cells","Epithelial cells",0.0814288907626646,"singlet",0.0347508216189405,"CNV_positive","Malignant supported","Malignant supported","Malignant supported","inferCNV pilot only","Supported within 2,420-cell pilot only","Not assigned"
"CTTACCGGTCTAAAGA_EBUS_10","P1010","EBUS_10","Malignant cells","Epithelial cells",0.0899021012353187,"singlet",0.0247112712944716,"CNV_positive","Malignant supported","Malignant supported","Malignant supported","inferCNV pilot only","Supported within 2,420-cell pilot only","Not assigned"
"CCCAGTTAGCGCTCCA_EBUS_10","P1010","EBUS_10","Malignant cells","Epithelial cells",0.501467271392366,"doublet",0.0119212894129032,"CNV_negative","Uncertain","Uncertain","Uncertain","inferCNV pilot only","Uncertain within pilot","Not assigned"
"CTTACCGCAGACAAAT_EBUS_10","P1010","EBUS_10","Malignant cells","Epithelial cells",0.196194709315552,"singlet",0.0298433495880245,"CNV_positive","Malignant supported","Malignant supported","Malignant supported","inferCNV pilot only","Supported within 2,420-cell pilot only","Not assigned"
"CGTCTACCAGCTTCGG_EBUS_10","P1010","EBUS_10","Malignant cells","Epithelial cells",0.0196078444582044,"singlet",0.0235118750392204,"CNV_uncertain","Uncertain","Uncertain","Malignant supported","inferCNV pilot only","Uncertain within pilot","Not assigned"
"GGTATTGCATGACATC_EBUS_10","P1010","EBUS_10","Malignant cells","Epithelial cells",0.0133518911447963,"singlet",0.0314329170660181,"CNV_positive","Malignant supported","Malignant supported","Malignant supported","inferCNV pilot only","Supported within 2,420-cell pilot only","Not assigned"
"TAAGTGCTCCAAACTG_EBUS_10","P1010","EBUS_10","Malignant cells","Epithelial cells",0.107907124586897,"singlet",0.0253032398694191,"CNV_positive","Malignant supported","Malignant supported","Malignant supported","inferCNV pilot only","Supported within 2,420-cell pilot only","Not assigned"
"TAGCCGGCATCGTCGG_EBUS_10","P1010","EBUS_10","Malignant cells","Epithelial cells",0.219819105420699,"singlet",0.0159165693164182,"CNV_negative","Uncertain","Uncertain","Uncertain","inferCNV pilot only","Uncertain within pilot","Not assigned"
"GAGGTGAAGGTACTCT_EBUS_10","P1010","EBUS_10","Malignant cells","Epithelial cells",0.209526437431045,"singlet",0.0203210652118308,"CNV_negative","Uncertain","Uncertain","Uncertain","inferCNV pilot only","Uncertain within pilot","Not assigned"
"TTCTACATCTGGCGTG_EBUS_10","P1010","EBUS_10","Malignant cells","Epithelial cells",0.0903654576830329,"singlet",0.0307700503806062,"CNV_positive","Malignant supported","Malignant supported","Malignant supported","inferCNV pilot only","Supported within 2,420-cell pilot only","Not assigned"
"GTACTTTCAAGTCTGT_EBUS_10","P1010","EBUS_10","Malignant cells","Epithelial cells",0.107528060114136,"singlet",0.0294961790144549,"CNV_positive","Malignant supported","Malignant supported","Malignant supported","inferCNV pilot only","Supported within 2,420-cell pilot only","Not assigned"
"CATCAGAAGCACACAG_EBUS_10","P1010","EBUS_10","Malignant cells","Epithelial cells",0.273335022736922,"singlet",0.0352047912438276,"CNV_positive","Malignant supported","Malignant supported","Malignant supported","inferCNV pilot only","Supported within 2,420-cell pilot only","Not assigned"
"CAGTAACAGCTTTGGT_EBUS_10","P1010","EBUS_10","Malignant cells","Epithelial cells",0.119517134331075,"singlet",0.0273594134568923,"CNV_positive","Malignant supported","Malignant supported","Malignant supported","inferCNV pilot only","Supported within 2,420-cell pilot only","Not assigned"
"TGCGTGGGTCGAACAG_EBUS_10","P1010","EBUS_10","Malignant cells","Epithelial cells",0.164004607341776,"singlet",0.028634648453124,"CNV_positive","Malignant supported","Malignant supported","Malignant supported","inferCNV pilot only","Supported within 2,420-cell pilot only","Not assigned"
"GTCTTCGTCTCTGTCG_BRONCHO_11","P1011","BRONCHO_11","Malignant cells","Epithelial cells",0.412757651949222,"doublet",0.0230448456209899,"CNV_uncertain","Uncertain","Uncertain","Uncertain","inferCNV pilot only","Uncertain within pilot","Not assigned"
"CTTAACTTCCAGGGCT_BRONCHO_11","P1011","BRONCHO_11","Malignant cells","Epithelial cells",0.182802121869341,"singlet",0.0291365820923702,"CNV_positive","Malignant supported","Malignant supported","Malignant supported","inferCNV pilot only","Supported within 2,420-cell pilot only","Not assigned"
"TACACGAGTTGGACCC_BRONCHO_11","P1011","BRONCHO_11","Malignant cells","Epithelial cells",0.0286550355904277,"singlet",0.0351106811685003,"CNV_positive","Malignant supported","Malignant supported","Malignant supported","inferCNV pilot only","Supported within 2,420-cell pilot only","Not assigned"
"GGCCGATTCTCTGCTG_BRONCHO_11","P1011","BRONCHO_11","Malignant cells","Epithelial cells",0.130404282138779,"singlet",0.0377801647277072,"CNV_positive","Malignant supported","Malignant supported","Malignant supported","inferCNV pilot only","Supported within 2,420-cell pilot only","Not assigned"
"GTTAAGCAGATGTTAG_BRONCHO_11","P1011","BRONCHO_11","Malignant cells","Epithelial cells",0.0380828582839343,"singlet",0.041196607407842,"CNV_positive","Malignant supported","Malignant supported","Malignant supported","inferCNV pilot only","Supported within 2,420-cell pilot only","Not assigned"
"TCACAAGGTAATTGGA_BRONCHO_11","P1011","BRONCHO_11","Malignant cells","Epithelial cells",0.0409660263776569,"singlet",0.0437606420002613,"CNV_positive","Malignant supported","Malignant supported","Malignant supported","inferCNV pilot only","Supported within 2,420-cell pilot only","Not assigned"
"AACTGGTTCACATGCA_BRONCHO_11","P1011","BRONCHO_11","Malignant cells","Epithelial cells",0.0875300055602883,"singlet",0.0249178240266208,"CNV_positive","Malignant supported","Malignant supported","Malignant supported","inferCNV pilot only","Supported within 2,420-cell pilot only","Not assigned"
"CCTAAAGGTTCCGTCT_BRONCHO_11","P1011","BRONCHO_11","Malignant cells","Epithelial cells",0.125015255729477,"singlet",0.0235562246475324,"CNV_uncertain","Uncertain","Uncertain","Malignant supported","inferCNV pilot only","Uncertain within pilot","Not assigned"
"ACGGAGAGTTCAGACT_BRONCHO_11","P1011","BRONCHO_11","Malignant cells","Epithelial cells",0.0467222089978593,"singlet",0.0372556249281713,"CNV_positive","Malignant supported","Malignant supported","Malignant supported","inferCNV pilot only","Supported within 2,420-cell pilot only","Not assigned"
"ACTGCTCGTCGAGTTT_BRONCHO_11","P1011","BRONCHO_11","Malignant cells","Epithelial cells",0.0362950579869855,"singlet",0.0289349009108947,"CNV_positive","Malignant supported","Malignant supported","Malignant supported","inferCNV pilot only","Supported within 2,420-cell pilot only","Not assigned"
"AGGCCACTCAGTTCGA_BRONCHO_11","P1011","BRONCHO_11","Malignant cells","Epithelial cells",0.0268527302323525,"singlet",0.0304848249560661,"CNV_positive","Malignant supported","Malignant supported","Malignant supported","inferCNV pilot only","Supported within 2,420-cell pilot only","Not assigned"
"ACTGATGAGAGTCTGG_BRONCHO_11","P1011","BRONCHO_11","Malignant cells","Epithelial cells",0.100000011577399,"singlet",0.0211967534737953,"CNV_uncertain","Uncertain","Uncertain","Malignant supported","inferCNV pilot only","Uncertain within pilot","Not assigned"
"CAGTCCTCAGACAAGC_BRONCHO_11","P1011","BRONCHO_11","Malignant cells","Epithelial cells",0.112704516325213,"singlet",0.0196739914455295,"CNV_negative","Uncertain","Uncertain","Uncertain","inferCNV pilot only","Uncertain within pilot","Not assigned"
"CGACTTCAGTGGAGAA_BRONCHO_11","P1011","BRONCHO_11","Malignant cells","Epithelial cells",0.0945426269521891,"singlet",0.0402778590167732,"CNV_positive","Malignant supported","Malignant supported","Malignant supported","inferCNV pilot only","Supported within 2,420-cell pilot only","Not assigned"
"TACTCGCAGTACCGGA_BRONCHO_11","P1011","BRONCHO_11","Malignant cells","Epithelial cells",0.0506240943172607,"singlet",0.0343033104366804,"CNV_positive","Malignant supported","Malignant supported","Malignant supported","inferCNV pilot only","Supported within 2,420-cell pilot only","Not assigned"
"CGGACTGTCCGAATGT_BRONCHO_11","P1011","BRONCHO_11","Malignant cells","Epithelial cells",0.225809849044531,"singlet",0.034313040011026,"CNV_positive","Malignant supported","Malignant supported","Malignant supported","inferCNV pilot only","Supported within 2,420-cell pilot only","Not assigned"
"ATCCACCCATACTACG_BRONCHO_11","P1011","BRONCHO_11","Malignant cells","Epithelial cells",0.0915161970662918,"singlet",0.0329115588065196,"CNV_positive","Malignant supported","Malignant supported","Malignant supported","inferCNV pilot only","Supported within 2,420-cell pilot only","Not assigned"
"CAGCTAAGTAAGGGCT_BRONCHO_11","P1011","BRONCHO_11","Malignant cells","Epithelial cells",0.160411958026468,"singlet",0.0332786473059006,"CNV_positive","Malignant supported","Malignant supported","Malignant supported","inferCNV pilot only","Supported within 2,420-cell pilot only","Not assigned"
"GGCGTGTTCTCCGGTT_BRONCHO_11","P1011","BRONCHO_11","Malignant cells","Epithelial cells",0.174874419358135,"singlet",0.0401361098359429,"CNV_positive","Malignant supported","Malignant supported","Malignant supported","inferCNV pilot only","Supported within 2,420-cell pilot only","Not assigned"
"CACAGTAGTGCTAGCC_BRONCHO_11","P1011","BRONCHO_11","Malignant cells","Epithelial cells",0.294875353179424,"singlet",0.022104869519187,"CNV_uncertain","Uncertain","Uncertain","Malignant supported","inferCNV pilot only","Uncertain within pilot","Not assigned"
"CGAGCACAGGGTTTCT_BRONCHO_11","P1011","BRONCHO_11","Malignant cells","Epithelial cells",0.130901421667087,"singlet",0.0403583665552781,"CNV_positive","Malignant supported","Malignant supported","Malignant supported","inferCNV pilot only","Supported within 2,420-cell pilot only","Not assigned"
"TGCCAAAGTCTCATCC_BRONCHO_11","P1011","BRONCHO_11","Malignant cells","Epithelial cells",0.167947691962484,"singlet",0.0280038297535212,"CNV_positive","Malignant supported","Malignant supported","Malignant supported","inferCNV pilot only","Supported within 2,420-cell pilot only","Not assigned"
"GACGCGTTCGGTGTCG_BRONCHO_11","P1011","BRONCHO_11","Malignant cells","Epithelial cells",0.0658223548359751,"singlet",0.0303048554656042,"CNV_positive","Malignant supported","Malignant supported","Malignant supported","inferCNV pilot only","Supported within 2,420-cell pilot only","Not assigned"
"TGCCAAAAGTTAAGTG_BRONCHO_11","P1011","BRONCHO_11","Malignant cells","Epithelial cells",0.141204708493653,"singlet",0.0364732075267372,"CNV_positive","Malignant supported","Malignant supported","Malignant supported","inferCNV pilot only","Supported within 2,420-cell pilot only","Not assigned"
"AAATGCCGTTATGCGT_BRONCHO_11","P1011","BRONCHO_11","Malignant cells","Epithelial cells",0.373152488876842,"doublet",0.020693939679515,"CNV_negative","Uncertain","Uncertain","Uncertain","inferCNV pilot only","Uncertain within pilot","Not assigned"
"TCAACGACATATACCG_BRONCHO_11","P1011","BRONCHO_11","Malignant cells","Epithelial cells",0.0528001779529436,"singlet",0.0262214879540169,"CNV_positive","Malignant supported","Malignant supported","Malignant supported","inferCNV pilot only","Supported within 2,420-cell pilot only","Not assigned"
"AGCGTCGAGGGATCTG_BRONCHO_11","P1011","BRONCHO_11","Malignant cells","Epithelial cells",0.0990110891049958,"singlet",0.0300184879838052,"CNV_positive","Malignant supported","Malignant supported","Malignant supported","inferCNV pilot only","Supported within 2,420-cell pilot only","Not assigned"
"CTCGAGGGTCCAACTA_BRONCHO_11","P1011","BRONCHO_11","Malignant cells","Epithelial cells",0.0590429352474272,"singlet",0.0253612919630264,"CNV_positive","Malignant supported","Malignant supported","Malignant supported","inferCNV pilot only","Supported within 2,420-cell pilot only","Not assigned"
"TGTCCCACATGCCTAA_BRONCHO_11","P1011","BRONCHO_11","Malignant cells","Epithelial cells",0.102430518789606,"singlet",0.0325128581570252,"CNV_positive","Malignant supported","Malignant supported","Malignant supported","inferCNV pilot only","Supported within 2,420-cell pilot only","Not assigned"
"CGTTCTGGTGCTGTAT_BRONCHO_11","P1011","BRONCHO_11","Malignant cells","Epithelial cells",0.100282972546815,"singlet",0.02726840550373,"CNV_positive","Malignant supported","Malignant supported","Malignant supported","inferCNV pilot only","Supported within 2,420-cell pilot only","Not assigned"
"TGAGCATAGGTTCCTA_BRONCHO_11","P1011","BRONCHO_11","Malignant cells","Epithelial cells",0.150179391831849,"singlet",0.0303271012069028,"CNV_positive","Malignant supported","Malignant supported","Malignant supported","inferCNV pilot only","Supported within 2,420-cell pilot only","Not assigned"
"ACTGAACAGATGTCGG_BRONCHO_11","P1011","BRONCHO_11","Malignant cells","Epithelial cells",0.0526418832872596,"singlet",0.0364713430107403,"CNV_positive","Malignant supported","Malignant supported","Malignant supported","inferCNV pilot only","Supported within 2,420-cell pilot only","Not assigned"
"GAAATGAAGTGTACGG_BRONCHO_11","P1011","BRONCHO_11","Malignant cells","Epithelial cells",0.0887317181138878,"singlet",0.0195561350967914,"CNV_negative","Uncertain","Uncertain","Uncertain","inferCNV pilot only","Uncertain within pilot","Not assigned"
"CTCCTAGAGCACGCCT_BRONCHO_11","P1011","BRONCHO_11","Malignant cells","Epithelial cells",0.0902722135242813,"singlet",0.0319400138055894,"CNV_positive","Malignant supported","Malignant supported","Malignant supported","inferCNV pilot only","Supported within 2,420-cell pilot only","Not assigned"
"TGCCCTAAGCCCAATT_BRONCHO_11","P1011","BRONCHO_11","Malignant cells","Epithelial cells",0.0251981474885476,"singlet",0.0331888410114442,"CNV_positive","Malignant supported","Malignant supported","Malignant supported","inferCNV pilot only","Supported within 2,420-cell pilot only","Not assigned"
"CAGCAGCTCAGGATCT_BRONCHO_11","P1011","BRONCHO_11","Malignant cells","Epithelial cells",0.125150760776127,"singlet",0.0350469194426155,"CNV_positive","Malignant supported","Malignant supported","Malignant supported","inferCNV pilot only","Supported within 2,420-cell pilot only","Not assigned"
"GAATAAGTCATGGTCA_BRONCHO_11","P1011","BRONCHO_11","Malignant cells","Epithelial cells",0.0753979038153584,"singlet",0.0314918526915287,"CNV_positive","Malignant supported","Malignant supported","Malignant supported","inferCNV pilot only","Supported within 2,420-cell pilot only","Not assigned"
"ACTGATGCATCGATTG_BRONCHO_11","P1011","BRONCHO_11","Malignant cells","Epithelial cells",0.138727117523707,"singlet",0.0215301478358376,"CNV_uncertain","Uncertain","Uncertain","Malignant supported","inferCNV pilot only","Uncertain within pilot","Not assigned"
"ATGCGATAGAATTCCC_BRONCHO_11","P1011","BRONCHO_11","Malignant cells","Epithelial cells",0.185367618855747,"singlet",0.0273528432474955,"CNV_positive","Malignant supported","Malignant supported","Malignant supported","inferCNV pilot only","Supported within 2,420-cell pilot only","Not assigned"
"CATCGAAAGGCGTACA_BRONCHO_11","P1011","BRONCHO_11","Malignant cells","Epithelial cells",0.125000033787465,"singlet",0.0196055971544829,"CNV_negative","Uncertain","Uncertain","Uncertain","inferCNV pilot only","Uncertain within pilot","Not assigned"
"CGTAGCGTCCAAACAC_BRONCHO_11","P1011","BRONCHO_11","Malignant cells","Epithelial cells",0.0625488686435715,"singlet",0.0402374722434738,"CNV_positive","Malignant supported","Malignant supported","Malignant supported","inferCNV pilot only","Supported within 2,420-cell pilot only","Not assigned"
"AAGTCTGCAGGCTGAA_BRONCHO_11","P1011","BRONCHO_11","Malignant cells","Epithelial cells",0.175035252606317,"singlet",0.0373070388036077,"CNV_positive","Malignant supported","Malignant supported","Malignant supported","inferCNV pilot only","Supported within 2,420-cell pilot only","Not assigned"
"GCGAGAACAATAGCGG_BRONCHO_11","P1011","BRONCHO_11","Malignant cells","Epithelial cells",0.0278009496735078,"singlet",0.0411338797046738,"CNV_positive","Malignant supported","Malignant supported","Malignant supported","inferCNV pilot only","Supported within 2,420-cell pilot only","Not assigned"
"GGCGACTGTACAGTTC_BRONCHO_11","P1011","BRONCHO_11","Malignant cells","Epithelial cells",0.0462946090385195,"singlet",0.0344222332750214,"CNV_positive","Malignant supported","Malignant supported","Malignant supported","inferCNV pilot only","Supported within 2,420-cell pilot only","Not assigned"
"CACACTCTCAAGATCC_BRONCHO_11","P1011","BRONCHO_11","Malignant cells","Epithelial cells",0.0633577000778596,"singlet",0.0312902543308864,"CNV_positive","Malignant supported","Malignant supported","Malignant supported","inferCNV pilot only","Supported within 2,420-cell pilot only","Not assigned"
"CGTAGGCCAGTATGCT_BRONCHO_11","P1011","BRONCHO_11","Malignant cells","Epithelial cells",0.0415545119620966,"singlet",0.0427376067894746,"CNV_positive","Malignant supported","Malignant supported","Malignant supported","inferCNV pilot only","Supported within 2,420-cell pilot only","Not assigned"
"GACAGAGCATTAGCCA_BRONCHO_11","P1011","BRONCHO_11","Malignant cells","Epithelial cells",0.0500028492462168,"singlet",0.0299417909495779,"CNV_positive","Malignant supported","Malignant supported","Malignant supported","inferCNV pilot only","Supported within 2,420-cell pilot only","Not assigned"
"GAACGGAGTCGAGTTT_BRONCHO_11","P1011","BRONCHO_11","Malignant cells","Epithelial cells",0.520283825520969,"doublet",0.0186865441545464,"CNV_negative","Uncertain","Uncertain","Uncertain","inferCNV pilot only","Uncertain within pilot","Not assigned"
"TGACTTTAGTTTGCGT_BRONCHO_11","P1011","BRONCHO_11","Malignant cells","Epithelial cells",0.420781627654547,"doublet",0.0260990718978353,"CNV_positive","Uncertain","Uncertain","Uncertain","inferCNV pilot only","Uncertain within pilot","Not assigned"
"ATAAGAGTCGCGCCAA_BRONCHO_11","P1011","BRONCHO_11","Malignant cells","Epithelial cells",0.0963252289696031,"singlet",0.0379885640898348,"CNV_positive","Malignant supported","Malignant supported","Malignant supported","inferCNV pilot only","Supported within 2,420-cell pilot only","Not assigned"
"ACATCAGCACCGAATT_EBUS_12","P1012","EBUS_12","Malignant cells","Epithelial cells",0.128586879712673,"singlet",0.0398935469625901,"CNV_positive","Malignant supported","Malignant supported","Malignant supported","inferCNV pilot only","Supported within 2,420-cell pilot only","Not assigned"
"TATCAGGGTCACTGGC_EBUS_12","P1012","EBUS_12","Malignant cells","Epithelial cells",0.0311331740696762,"singlet",0.0443888019612715,"CNV_positive","Malignant supported","Malignant supported","Malignant supported","inferCNV pilot only","Supported within 2,420-cell pilot only","Not assigned"
"CGGAGCTAGCGTAATA_EBUS_12","P1012","EBUS_12","Malignant cells","Epithelial cells",0.1015836833256,"singlet",0.0451212693460703,"CNV_positive","Malignant supported","Malignant supported","Malignant supported","inferCNV pilot only","Supported within 2,420-cell pilot only","Not assigned"
"ACTGAACTCGTCTGAA_EBUS_12","P1012","EBUS_12","Malignant cells","Epithelial cells",0.130360976612604,"singlet",0.0463703195597116,"CNV_positive","Malignant supported","Malignant supported","Malignant supported","inferCNV pilot only","Supported within 2,420-cell pilot only","Not assigned"
"AGCATACCATTCCTCG_EBUS_12","P1012","EBUS_12","Malignant cells","Epithelial cells",0.139142389670756,"singlet",0.0440386230469323,"CNV_positive","Malignant supported","Malignant supported","Malignant supported","inferCNV pilot only","Supported within 2,420-cell pilot only","Not assigned"
"GAGTCCGCAGCCTTTC_EBUS_12","P1012","EBUS_12","Malignant cells","Epithelial cells",0.130013465846815,"singlet",0.0448826745059727,"CNV_positive","Malignant supported","Malignant supported","Malignant supported","inferCNV pilot only","Supported within 2,420-cell pilot only","Not assigned"
"ACACCAAGTGCTCTTC_EBUS_12","P1012","EBUS_12","Malignant cells","Epithelial cells",0.125125735174845,"singlet",0.0301381770073577,"CNV_positive","Malignant supported","Malignant supported","Malignant supported","inferCNV pilot only","Supported within 2,420-cell pilot only","Not assigned"
"TCACAAGAGCCCAGCT_EBUS_12","P1012","EBUS_12","Malignant cells","Epithelial cells",0.270414754136073,"singlet",0.0457903423844057,"CNV_positive","Malignant supported","Malignant supported","Malignant supported","inferCNV pilot only","Supported within 2,420-cell pilot only","Not assigned"
"GTTAAGCTCCAACCAA_EBUS_12","P1012","EBUS_12","Malignant cells","Epithelial cells",0.222685436649052,"singlet",0.0472429944090918,"CNV_positive","Malignant supported","Malignant supported","Malignant supported","inferCNV pilot only","Supported within 2,420-cell pilot only","Not assigned"
"TACGGTACACGTCTCT_EBUS_12","P1012","EBUS_12","Malignant cells","Epithelial cells",0.138063861296778,"singlet",0.0307608942907933,"CNV_positive","Malignant supported","Malignant supported","Malignant supported","inferCNV pilot only","Supported within 2,420-cell pilot only","Not assigned"
"TTTATGCGTGCCTGTG_EBUS_12","P1012","EBUS_12","Malignant cells","Epithelial cells",0.113641335861994,"singlet",0.0455830065163551,"CNV_positive","Malignant supported","Malignant supported","Malignant supported","inferCNV pilot only","Supported within 2,420-cell pilot only","Not assigned"
"TTATGCTTCTGTCTAT_EBUS_12","P1012","EBUS_12","Malignant cells","Epithelial cells",0.306486146564498,"singlet",0.0380099707835714,"CNV_positive","Malignant supported","Malignant supported","Malignant supported","inferCNV pilot only","Supported within 2,420-cell pilot only","Not assigned"
"AATCCAGCAGCGTAAG_EBUS_12","P1012","EBUS_12","Malignant cells","Epithelial cells",0.0209718962922616,"singlet",0.0567665113041178,"CNV_positive","Malignant supported","Malignant supported","Malignant supported","inferCNV pilot only","Supported within 2,420-cell pilot only","Not assigned"
"AAGGCAGGTTCTCATT_EBUS_12","P1012","EBUS_12","Malignant cells","Epithelial cells",0.0915968867190934,"singlet",0.0404280195127609,"CNV_positive","Malignant supported","Malignant supported","Malignant supported","inferCNV pilot only","Supported within 2,420-cell pilot only","Not assigned"
"CTCATTACAAATACAG_EBUS_12","P1012","EBUS_12","Malignant cells","Epithelial cells",0.0647220754060297,"singlet",0.0462106784569435,"CNV_positive","Malignant supported","Malignant supported","Malignant supported","inferCNV pilot only","Supported within 2,420-cell pilot only","Not assigned"
"GGCAATTAGCAGATCG_EBUS_12","P1012","EBUS_12","Malignant cells","Epithelial cells",0.182612983993266,"singlet",0.0425973079297367,"CNV_positive","Malignant supported","Malignant supported","Malignant supported","inferCNV pilot only","Supported within 2,420-cell pilot only","Not assigned"
"ATGTGTGAGAGGTTAT_EBUS_12","P1012","EBUS_12","Malignant cells","Epithelial cells",0.13378209953159,"singlet",0.0388303797549524,"CNV_positive","Malignant supported","Malignant supported","Malignant supported","inferCNV pilot only","Supported within 2,420-cell pilot only","Not assigned"
"GTTTCTAAGTCTCGGC_EBUS_12","P1012","EBUS_12","Malignant cells","Epithelial cells",0.0450597440065749,"singlet",0.0474738420315851,"CNV_positive","Malignant supported","Malignant supported","Malignant supported","inferCNV pilot only","Supported within 2,420-cell pilot only","Not assigned"
"GAACCTACACCCAGTG_EBUS_12","P1012","EBUS_12","Malignant cells","Epithelial cells",0.0847434647432267,"singlet",0.0448935645696096,"CNV_positive","Malignant supported","Malignant supported","Malignant supported","inferCNV pilot only","Supported within 2,420-cell pilot only","Not assigned"
"ATTATCCAGTCCATAC_EBUS_12","P1012","EBUS_12","Malignant cells","Epithelial cells",0.0903643108064072,"singlet",0.0351550008585672,"CNV_positive","Malignant supported","Malignant supported","Malignant supported","inferCNV pilot only","Supported within 2,420-cell pilot only","Not assigned"
"ATCATCTCATCGGAAG_EBUS_12","P1012","EBUS_12","Malignant cells","Epithelial cells",0.107466002367694,"singlet",0.0463411904490756,"CNV_positive","Malignant supported","Malignant supported","Malignant supported","inferCNV pilot only","Supported within 2,420-cell pilot only","Not assigned"
"GAAACTCAGACAAAGG_EBUS_12","P1012","EBUS_12","Malignant cells","Epithelial cells",0.050031958572605,"singlet",0.0233458454303684,"CNV_uncertain","Uncertain","Uncertain","Malignant supported","inferCNV pilot only","Uncertain within pilot","Not assigned"
"ACGATGTGTACCGAGA_EBUS_12","P1012","EBUS_12","Malignant cells","Epithelial cells",0.0364817560121356,"singlet",0.05463066851105,"CNV_positive","Malignant supported","Malignant supported","Malignant supported","inferCNV pilot only","Supported within 2,420-cell pilot only","Not assigned"
"TTTATGCGTAATTGGA_EBUS_12","P1012","EBUS_12","Malignant cells","Epithelial cells",0.0302989108504498,"singlet",0.0502839745622083,"CNV_positive","Malignant supported","Malignant supported","Malignant supported","inferCNV pilot only","Supported within 2,420-cell pilot only","Not assigned"
"GGATTACCACTTCTGC_EBUS_12","P1012","EBUS_12","Malignant cells","Epithelial cells",0.12965712899368,"singlet",0.0497875287460659,"CNV_positive","Malignant supported","Malignant supported","Malignant supported","inferCNV pilot only","Supported within 2,420-cell pilot only","Not assigned"
"GAATGAAAGTGTCCAT_EBUS_12","P1012","EBUS_12","Malignant cells","Epithelial cells",0.0282212306765816,"singlet",0.0428594633313888,"CNV_positive","Malignant supported","Malignant supported","Malignant supported","inferCNV pilot only","Supported within 2,420-cell pilot only","Not assigned"
"CGACCTTAGTTTAGGA_EBUS_12","P1012","EBUS_12","Malignant cells","Epithelial cells",0.0782474861025662,"singlet",0.039329098859703,"CNV_positive","Malignant supported","Malignant supported","Malignant supported","inferCNV pilot only","Supported within 2,420-cell pilot only","Not assigned"
"TTGAACGTCCCACTTG_EBUS_12","P1012","EBUS_12","Malignant cells","Epithelial cells",0.054366186821422,"singlet",0.0408607008678677,"CNV_positive","Malignant supported","Malignant supported","Malignant supported","inferCNV pilot only","Supported within 2,420-cell pilot only","Not assigned"
"ATCATCTCAAAGTCAA_EBUS_12","P1012","EBUS_12","Malignant cells","Epithelial cells",0.103451858562887,"singlet",0.05201385960329,"CNV_positive","Malignant supported","Malignant supported","Malignant supported","inferCNV pilot only","Supported within 2,420-cell pilot only","Not assigned"
"TGGACGCGTGAGGCTA_EBUS_12","P1012","EBUS_12","Malignant cells","Epithelial cells",0.132867667271115,"singlet",0.0542444174607116,"CNV_positive","Malignant supported","Malignant supported","Malignant supported","inferCNV pilot only","Supported within 2,420-cell pilot only","Not assigned"
"TACACGAAGTGCGTGA_EBUS_12","P1012","EBUS_12","Malignant cells","Epithelial cells",0.0599871289278227,"singlet",0.0496824753809482,"CNV_positive","Malignant supported","Malignant supported","Malignant supported","inferCNV pilot only","Supported within 2,420-cell pilot only","Not assigned"
"CCTACACTCTGGAGCC_EBUS_12","P1012","EBUS_12","Malignant cells","Epithelial cells",0.102750646364267,"singlet",0.0468240575817558,"CNV_positive","Malignant supported","Malignant supported","Malignant supported","inferCNV pilot only","Supported within 2,420-cell pilot only","Not assigned"
"ACACCAATCCTATGTT_EBUS_12","P1012","EBUS_12","Malignant cells","Epithelial cells",0.242607768469678,"singlet",0.0502694822815669,"CNV_positive","Malignant supported","Malignant supported","Malignant supported","inferCNV pilot only","Supported within 2,420-cell pilot only","Not assigned"
"ACGAGCCAGCCATCGC_EBUS_12","P1012","EBUS_12","Malignant cells","Epithelial cells",0.0729957248315683,"singlet",0.0456920351284284,"CNV_positive","Malignant supported","Malignant supported","Malignant supported","inferCNV pilot only","Supported within 2,420-cell pilot only","Not assigned"
"ATCATCTAGGAGTACC_EBUS_12","P1012","EBUS_12","Malignant cells","Epithelial cells",0.0631725399963189,"singlet",0.0409381222691416,"CNV_positive","Malignant supported","Malignant supported","Malignant supported","inferCNV pilot only","Supported within 2,420-cell pilot only","Not assigned"
"TGCTACCAGGGTTTCT_EBUS_12","P1012","EBUS_12","Malignant cells","Epithelial cells",0.193780914631441,"singlet",0.0390350846668342,"CNV_positive","Malignant supported","Malignant supported","Malignant supported","inferCNV pilot only","Supported within 2,420-cell pilot only","Not assigned"
"TGTCCCACAGATCCAT_EBUS_12","P1012","EBUS_12","Malignant cells","Epithelial cells",0.0635428889952015,"singlet",0.0446556114272033,"CNV_positive","Malignant supported","Malignant supported","Malignant supported","inferCNV pilot only","Supported within 2,420-cell pilot only","Not assigned"
"GAAGCAGAGCCAGTAG_EBUS_12","P1012","EBUS_12","Malignant cells","Epithelial cells",0.114437591801366,"singlet",0.031669236196303,"CNV_positive","Malignant supported","Malignant supported","Malignant supported","inferCNV pilot only","Supported within 2,420-cell pilot only","Not assigned"
"TTTCCTCAGGCGCTCT_EBUS_12","P1012","EBUS_12","Malignant cells","Epithelial cells",0.0875497788112781,"singlet",0.0409396953147681,"CNV_positive","Malignant supported","Malignant supported","Malignant supported","inferCNV pilot only","Supported within 2,420-cell pilot only","Not assigned"
"CATATTCCAGGACGTA_EBUS_12","P1012","EBUS_12","Malignant cells","Epithelial cells",0.0348428104772792,"singlet",0.0465370945148801,"CNV_positive","Malignant supported","Malignant supported","Malignant supported","inferCNV pilot only","Supported within 2,420-cell pilot only","Not assigned"
"GACCAATTCCTCGCAT_EBUS_12","P1012","EBUS_12","Malignant cells","Epithelial cells",0.0369611132808933,"singlet",0.0563400281243883,"CNV_positive","Malignant supported","Malignant supported","Malignant supported","inferCNV pilot only","Supported within 2,420-cell pilot only","Not assigned"
"TAGAGCTTCCGCATAA_EBUS_12","P1012","EBUS_12","Malignant cells","Epithelial cells",0.0433125479860752,"singlet",0.0439774055338878,"CNV_positive","Malignant supported","Malignant supported","Malignant supported","inferCNV pilot only","Supported within 2,420-cell pilot only","Not assigned"
"TGGGCGTTCTACGAGT_EBUS_12","P1012","EBUS_12","Malignant cells","Epithelial cells",0.426013779298051,"singlet",0.0497694732359634,"CNV_positive","Malignant supported","Malignant supported","Malignant supported","inferCNV pilot only","Supported within 2,420-cell pilot only","Not assigned"
"ATCGAGTCAATCACAC_EBUS_12","P1012","EBUS_12","Malignant cells","Epithelial cells",0.19055599594228,"singlet",0.0442166533808848,"CNV_positive","Malignant supported","Malignant supported","Malignant supported","inferCNV pilot only","Supported within 2,420-cell pilot only","Not assigned"
"GTTACAGAGAGCAATT_EBUS_12","P1012","EBUS_12","Malignant cells","Epithelial cells",0.0712586569340858,"singlet",0.0372027930006731,"CNV_positive","Malignant supported","Malignant supported","Malignant supported","inferCNV pilot only","Supported within 2,420-cell pilot only","Not assigned"
"CCGGGATAGCTGTTCA_EBUS_12","P1012","EBUS_12","Malignant cells","Epithelial cells",0.0531105511413763,"singlet",0.0497125351899911,"CNV_positive","Malignant supported","Malignant supported","Malignant supported","inferCNV pilot only","Supported within 2,420-cell pilot only","Not assigned"
"CCATGTCAGACGCAAC_EBUS_12","P1012","EBUS_12","Malignant cells","Epithelial cells",0.0750000027057403,"singlet",0.0284569655880547,"CNV_positive","Malignant supported","Malignant supported","Malignant supported","inferCNV pilot only","Supported within 2,420-cell pilot only","Not assigned"
"ACCGTAACATCTGGTA_EBUS_12","P1012","EBUS_12","Malignant cells","Epithelial cells",0.0534883491076802,"singlet",0.0433682560256937,"CNV_positive","Malignant supported","Malignant supported","Malignant supported","inferCNV pilot only","Supported within 2,420-cell pilot only","Not assigned"
"ACAGCCGAGCAATATG_EBUS_12","P1012","EBUS_12","Malignant cells","Epithelial cells",0.0482218187245281,"singlet",0.0409414313759658,"CNV_positive","Malignant supported","Malignant supported","Malignant supported","inferCNV pilot only","Supported within 2,420-cell pilot only","Not assigned"
"CCTATTAGTAAATGTG_EBUS_12","P1012","EBUS_12","Malignant cells","Epithelial cells",0.129370118023327,"singlet",0.0244273327104317,"CNV_positive","Malignant supported","Malignant supported","Malignant supported","inferCNV pilot only","Supported within 2,420-cell pilot only","Not assigned"
"CCGTACTAGGCTAGAC_EBUS_13","P1013","EBUS_13","Malignant cells","Epithelial cells",0.0685635532127067,"singlet",0.030597972241363,"CNV_positive","Malignant supported","Malignant supported","Malignant supported","inferCNV pilot only","Supported within 2,420-cell pilot only","Not assigned"
"TGGCCAGCAGTGGAGT_EBUS_13","P1013","EBUS_13","Malignant cells","Epithelial cells",0.0838794123095102,"singlet",0.0361794020866167,"CNV_positive","Malignant supported","Malignant supported","Malignant supported","inferCNV pilot only","Supported within 2,420-cell pilot only","Not assigned"
"CCATGTCAGCAATATG_EBUS_13","P1013","EBUS_13","Malignant cells","Epithelial cells",0.54243300904107,"doublet",0.0155676741677737,"CNV_negative","Uncertain","Uncertain","Uncertain","inferCNV pilot only","Uncertain within pilot","Not assigned"
"GACGTGCGTGTCGCTG_EBUS_13","P1013","EBUS_13","Malignant cells","Epithelial cells",0.0697674418623365,"singlet",0.0417613242794016,"CNV_positive","Malignant supported","Malignant supported","Malignant supported","inferCNV pilot only","Supported within 2,420-cell pilot only","Not assigned"
"CAGCATACATAAAGGT_EBUS_13","P1013","EBUS_13","Malignant cells","Epithelial cells",0.108971422682623,"singlet",0.0301988640882276,"CNV_positive","Malignant supported","Malignant supported","Malignant supported","inferCNV pilot only","Supported within 2,420-cell pilot only","Not assigned"
"TTGCGTCAGCGTGTCC_EBUS_13","P1013","EBUS_13","Malignant cells","Epithelial cells",0.145749566830935,"singlet",0.0257619200843054,"CNV_positive","Malignant supported","Malignant supported","Malignant supported","inferCNV pilot only","Supported within 2,420-cell pilot only","Not assigned"
"CTCGAGGTCCTTAATC_EBUS_13","P1013","EBUS_13","Malignant cells","Epithelial cells",0.011815488420704,"singlet",0.0202094280993917,"CNV_negative","Uncertain","Uncertain","Uncertain","inferCNV pilot only","Uncertain within pilot","Not assigned"
"TGACAACCAGTTTACG_EBUS_13","P1013","EBUS_13","Malignant cells","Epithelial cells",0.132432731150628,"singlet",0.0271610715978392,"CNV_positive","Malignant supported","Malignant supported","Malignant supported","inferCNV pilot only","Supported within 2,420-cell pilot only","Not assigned"
"GTGTTAGAGAACTGTA_EBUS_13","P1013","EBUS_13","Malignant cells","Epithelial cells",0.0244503153173646,"singlet",0.0318369125602894,"CNV_positive","Malignant supported","Malignant supported","Malignant supported","inferCNV pilot only","Supported within 2,420-cell pilot only","Not assigned"
"ACCAGTACAGCTCGCA_EBUS_13","P1013","EBUS_13","Malignant cells","Epithelial cells",0.023256761621987,"singlet",0.0299993341828281,"CNV_positive","Malignant supported","Malignant supported","Malignant supported","inferCNV pilot only","Supported within 2,420-cell pilot only","Not assigned"
"ACCAGTAGTACGAAAT_EBUS_13","P1013","EBUS_13","Malignant cells","Epithelial cells",3.63368461350942e-15,"singlet",0.0399298741587817,"CNV_positive","Malignant supported","Malignant supported","Malignant supported","inferCNV pilot only","Supported within 2,420-cell pilot only","Not assigned"
"AACTCCCAGTTGAGTA_EBUS_13","P1013","EBUS_13","Malignant cells","Epithelial cells",0.163161404938718,"singlet",0.0245268263214444,"CNV_positive","Malignant supported","Malignant supported","Malignant supported","inferCNV pilot only","Supported within 2,420-cell pilot only","Not assigned"
"GCTCTGTCAGCATGAG_EBUS_13","P1013","EBUS_13","Malignant cells","Epithelial cells",0.0674490711623796,"singlet",0.0272275202285331,"CNV_positive","Malignant supported","Malignant supported","Malignant supported","inferCNV pilot only","Supported within 2,420-cell pilot only","Not assigned"
"CGCTGGAGTAGCGCAA_EBUS_13","P1013","EBUS_13","Malignant cells","Epithelial cells",2.56012690379925e-15,"singlet",0.0257614236267384,"CNV_positive","Malignant supported","Malignant supported","Malignant supported","inferCNV pilot only","Supported within 2,420-cell pilot only","Not assigned"
"ACTATCTCAAGCCCAC_EBUS_13","P1013","EBUS_13","Malignant cells","Epithelial cells",0.0348837209302326,"singlet",0.0329877479632951,"CNV_positive","Malignant supported","Malignant supported","Malignant supported","inferCNV pilot only","Supported within 2,420-cell pilot only","Not assigned"
"GAATAAGTCCGCAGTG_EBUS_13","P1013","EBUS_13","Malignant cells","Epithelial cells",0.0813953509985685,"singlet",0.0298886114279132,"CNV_positive","Malignant supported","Malignant supported","Malignant supported","inferCNV pilot only","Supported within 2,420-cell pilot only","Not assigned"
"GACTACATCATCGCTC_EBUS_13","P1013","EBUS_13","Malignant cells","Epithelial cells",1.35863455087157e-15,"singlet",0.0230717946436077,"CNV_uncertain","Uncertain","Uncertain","Malignant supported","inferCNV pilot only","Uncertain within pilot","Not assigned"
"CGGCTAGCATGACATC_EBUS_13","P1013","EBUS_13","Malignant cells","Epithelial cells",0.0588854426291027,"singlet",0.0400661465535457,"CNV_positive","Malignant supported","Malignant supported","Malignant supported","inferCNV pilot only","Supported within 2,420-cell pilot only","Not assigned"
"TGGTTAGCAACACCTA_EBUS_13","P1013","EBUS_13","Malignant cells","Epithelial cells",5.22376302253109e-05,"singlet",0.0267161538803983,"CNV_positive","Malignant supported","Malignant supported","Malignant supported","inferCNV pilot only","Supported within 2,420-cell pilot only","Not assigned"
"CCTTCGATCGAGCCCA_EBUS_13","P1013","EBUS_13","Malignant cells","Epithelial cells",0.104652110459085,"singlet",0.0352580466996689,"CNV_positive","Malignant supported","Malignant supported","Malignant supported","inferCNV pilot only","Supported within 2,420-cell pilot only","Not assigned"
"AGCGGTCTCACGGTTA_EBUS_13","P1013","EBUS_13","Malignant cells","Epithelial cells",0.0700509489409923,"singlet",0.0370959999975825,"CNV_positive","Malignant supported","Malignant supported","Malignant supported","inferCNV pilot only","Supported within 2,420-cell pilot only","Not assigned"
"CGAGCCAGTGTGCGTC_EBUS_13","P1013","EBUS_13","Malignant cells","Epithelial cells",0.30337301102986,"singlet",0.0362414388250269,"CNV_positive","Malignant supported","Malignant supported","Malignant supported","inferCNV pilot only","Supported within 2,420-cell pilot only","Not assigned"
"CGTCACTAGAGACTTA_EBUS_13","P1013","EBUS_13","Malignant cells","Epithelial cells",0.112032119127381,"singlet",0.0248356971426284,"CNV_positive","Malignant supported","Malignant supported","Malignant supported","inferCNV pilot only","Supported within 2,420-cell pilot only","Not assigned"
"GCGAGAATCTTGACGA_EBUS_13","P1013","EBUS_13","Malignant cells","Epithelial cells",0.133391262062356,"singlet",0.0362457986785909,"CNV_positive","Malignant supported","Malignant supported","Malignant supported","inferCNV pilot only","Supported within 2,420-cell pilot only","Not assigned"
"CGGTTAACAAAGTGCG_EBUS_13","P1013","EBUS_13","Malignant cells","Epithelial cells",4.4585707860995e-05,"singlet",0.0298959655953613,"CNV_positive","Malignant supported","Malignant supported","Malignant supported","inferCNV pilot only","Supported within 2,420-cell pilot only","Not assigned"
"AGGTCATTCCTAAGTG_EBUS_13","P1013","EBUS_13","Malignant cells","Epithelial cells",0.0232558139534926,"singlet",0.0286453343369493,"CNV_positive","Malignant supported","Malignant supported","Malignant supported","inferCNV pilot only","Supported within 2,420-cell pilot only","Not assigned"
"AAAGCAAGTTAGGGTG_EBUS_13","P1013","EBUS_13","Malignant cells","Epithelial cells",0.103095224914304,"singlet",0.0274720312458282,"CNV_positive","Malignant supported","Malignant supported","Malignant supported","inferCNV pilot only","Supported within 2,420-cell pilot only","Not assigned"
"TCGTAGAAGTCAAGCG_EBUS_13","P1013","EBUS_13","Malignant cells","Epithelial cells",0.123234037171493,"singlet",0.0380213592420182,"CNV_positive","Malignant supported","Malignant supported","Malignant supported","inferCNV pilot only","Supported within 2,420-cell pilot only","Not assigned"
"GATCGTATCCTTTCTC_EBUS_13","P1013","EBUS_13","Malignant cells","Epithelial cells",0.0891864456887965,"singlet",0.0315311650552671,"CNV_positive","Malignant supported","Malignant supported","Malignant supported","inferCNV pilot only","Supported within 2,420-cell pilot only","Not assigned"
"CATATTCAGCGTGAGT_EBUS_13","P1013","EBUS_13","Malignant cells","Epithelial cells",0.0116444718808394,"singlet",0.0269049980751788,"CNV_positive","Malignant supported","Malignant supported","Malignant supported","inferCNV pilot only","Supported within 2,420-cell pilot only","Not assigned"
"ACCAGTAAGCCCGAAA_EBUS_13","P1013","EBUS_13","Malignant cells","Epithelial cells",0.0140884222671,"singlet",0.0302312463589842,"CNV_positive","Malignant supported","Malignant supported","Malignant supported","inferCNV pilot only","Supported within 2,420-cell pilot only","Not assigned"
"CCGTTCAAGTGCCAGA_EBUS_13","P1013","EBUS_13","Malignant cells","Epithelial cells",0.115665495119727,"singlet",0.0285421886464024,"CNV_positive","Malignant supported","Malignant supported","Malignant supported","inferCNV pilot only","Supported within 2,420-cell pilot only","Not assigned"
"AGCCTAATCTGGCGTG_EBUS_13","P1013","EBUS_13","Malignant cells","Epithelial cells",0.034939960224584,"singlet",0.0295589969625677,"CNV_positive","Malignant supported","Malignant supported","Malignant supported","inferCNV pilot only","Supported within 2,420-cell pilot only","Not assigned"
"GACGGCTCAGCATACT_EBUS_13","P1013","EBUS_13","Malignant cells","Epithelial cells",7.36129407064749e-12,"singlet",0.0225609657168244,"CNV_uncertain","Uncertain","Uncertain","Malignant supported","inferCNV pilot only","Uncertain within pilot","Not assigned"
"ATTTCTGTCCGTACAA_EBUS_13","P1013","EBUS_13","Malignant cells","Epithelial cells",4.60365160752683e-06,"singlet",0.0404759057568463,"CNV_positive","Malignant supported","Malignant supported","Malignant supported","inferCNV pilot only","Supported within 2,420-cell pilot only","Not assigned"
"ACTGTCCTCTCGCTTG_EBUS_13","P1013","EBUS_13","Malignant cells","Epithelial cells",0.0842937458992107,"singlet",0.0445727550142345,"CNV_positive","Malignant supported","Malignant supported","Malignant supported","inferCNV pilot only","Supported within 2,420-cell pilot only","Not assigned"
"CCTTTCTAGATCCCGC_EBUS_13","P1013","EBUS_13","Malignant cells","Epithelial cells",0.0190980921137519,"singlet",0.0203821269918448,"CNV_negative","Uncertain","Uncertain","Uncertain","inferCNV pilot only","Uncertain within pilot","Not assigned"
"CGTTAGAGTCAATGTC_EBUS_13","P1013","EBUS_13","Malignant cells","Epithelial cells",0.302427605031855,"singlet",0.0372054308340772,"CNV_positive","Malignant supported","Malignant supported","Malignant supported","inferCNV pilot only","Supported within 2,420-cell pilot only","Not assigned"
"TTTGTCATCGTAGGAG_EBUS_13","P1013","EBUS_13","Malignant cells","Epithelial cells",0.158710529066659,"singlet",0.0314363637725454,"CNV_positive","Malignant supported","Malignant supported","Malignant supported","inferCNV pilot only","Supported within 2,420-cell pilot only","Not assigned"
"CTTAACTAGGAGTTGC_EBUS_13","P1013","EBUS_13","Malignant cells","Epithelial cells",0.0595337466438079,"singlet",0.0743350801961892,"CNV_positive","Malignant supported","Malignant supported","Malignant supported","inferCNV pilot only","Supported within 2,420-cell pilot only","Not assigned"
"CTACACCTCCAGAGGA_EBUS_13","P1013","EBUS_13","Malignant cells","Epithelial cells",0.136134055707903,"singlet",0.025042177737262,"CNV_positive","Malignant supported","Malignant supported","Malignant supported","inferCNV pilot only","Supported within 2,420-cell pilot only","Not assigned"
"TTCTACATCCGATATG_EBUS_13","P1013","EBUS_13","Malignant cells","Epithelial cells",0.0348837209302326,"singlet",0.0293173310422216,"CNV_positive","Malignant supported","Malignant supported","Malignant supported","inferCNV pilot only","Supported within 2,420-cell pilot only","Not assigned"
"TAGTGGTCAAAGGAAG_EBUS_13","P1013","EBUS_13","Malignant cells","Epithelial cells",0.0582960049906473,"singlet",0.0316945129939719,"CNV_positive","Malignant supported","Malignant supported","Malignant supported","inferCNV pilot only","Supported within 2,420-cell pilot only","Not assigned"
"CAGATCAAGGGAGTAA_EBUS_13","P1013","EBUS_13","Malignant cells","Epithelial cells",1.83923509814161e-27,"singlet",0.0241468934813281,"CNV_positive","Malignant supported","Malignant supported","Malignant supported","inferCNV pilot only","Supported within 2,420-cell pilot only","Not assigned"
"TCTCTAACAGGGTACA_EBUS_13","P1013","EBUS_13","Malignant cells","Epithelial cells",0.0191889914332792,"singlet",0.0214274175953016,"CNV_uncertain","Uncertain","Uncertain","Malignant supported","inferCNV pilot only","Uncertain within pilot","Not assigned"
"TCAGATGTCATGCATG_EBUS_13","P1013","EBUS_13","Malignant cells","Epithelial cells",0.11296919001851,"singlet",0.0345615096829027,"CNV_positive","Malignant supported","Malignant supported","Malignant supported","inferCNV pilot only","Supported within 2,420-cell pilot only","Not assigned"
"TTGGCAACACATCCGG_EBUS_13","P1013","EBUS_13","Malignant cells","Epithelial cells",0.0994763861729577,"singlet",0.0352629093801128,"CNV_positive","Malignant supported","Malignant supported","Malignant supported","inferCNV pilot only","Supported within 2,420-cell pilot only","Not assigned"
"GAACGGACAAGCCGCT_EBUS_13","P1013","EBUS_13","Malignant cells","Epithelial cells",0.162790697681323,"singlet",0.0380605343716524,"CNV_positive","Malignant supported","Malignant supported","Malignant supported","inferCNV pilot only","Supported within 2,420-cell pilot only","Not assigned"
"TGGCGCAAGGTGCAAC_EBUS_13","P1013","EBUS_13","Malignant cells","Epithelial cells",0.0701821788127219,"singlet",0.0479871283362793,"CNV_positive","Malignant supported","Malignant supported","Malignant supported","inferCNV pilot only","Supported within 2,420-cell pilot only","Not assigned"
"GGCTGGTGTGTGGCTC_EBUS_13","P1013","EBUS_13","Malignant cells","Epithelial cells",0.105390498698267,"singlet",0.0303403034429288,"CNV_positive","Malignant supported","Malignant supported","Malignant supported","inferCNV pilot only","Supported within 2,420-cell pilot only","Not assigned"
"GGATGTTTCATGTAGC_EBUS_15","P1015","EBUS_15","Malignant cells","Epithelial cells",0.120000001252515,"singlet",0.0257357057315884,"CNV_positive","Malignant supported","Malignant supported","Malignant supported","inferCNV pilot only","Supported within 2,420-cell pilot only","Not assigned"
"CTTTGCGCAGAGCCAA_EBUS_15","P1015","EBUS_15","Malignant cells","Epithelial cells",0.301339714600741,"singlet",0.0420075119220106,"CNV_positive","Malignant supported","Malignant supported","Malignant supported","inferCNV pilot only","Supported within 2,420-cell pilot only","Not assigned"
"GACAGAGTCAGCTCTC_EBUS_15","P1015","EBUS_15","Malignant cells","Epithelial cells",0.120080697067094,"singlet",0.0226960225082331,"CNV_uncertain","Uncertain","Uncertain","Malignant supported","inferCNV pilot only","Uncertain within pilot","Not assigned"
"ACTGAGTGTGACTACT_EBUS_15","P1015","EBUS_15","Malignant cells","Epithelial cells",0.193208526973969,"singlet",0.0215115293511802,"CNV_uncertain","Uncertain","Uncertain","Malignant supported","inferCNV pilot only","Uncertain within pilot","Not assigned"
"TTTGTCACATCGGACC_EBUS_15","P1015","EBUS_15","Malignant cells","Epithelial cells",0.199016212477078,"singlet",0.0338320194303689,"CNV_positive","Malignant supported","Malignant supported","Malignant supported","inferCNV pilot only","Supported within 2,420-cell pilot only","Not assigned"
"GTTAAGCTCTATCCTA_EBUS_15","P1015","EBUS_15","Malignant cells","Epithelial cells",0.462608516296114,"singlet",0.0270281680697442,"CNV_positive","Malignant supported","Malignant supported","Malignant supported","inferCNV pilot only","Supported within 2,420-cell pilot only","Not assigned"
"TCAGGTAAGACTGTAA_EBUS_15","P1015","EBUS_15","Malignant cells","Epithelial cells",0.0800357226944047,"singlet",0.0327622361403263,"CNV_positive","Malignant supported","Malignant supported","Malignant supported","inferCNV pilot only","Supported within 2,420-cell pilot only","Not assigned"
"TTTACTGTCGCGCCAA_EBUS_15","P1015","EBUS_15","Malignant cells","Epithelial cells",0.260017443939809,"singlet",0.0223983013564793,"CNV_uncertain","Uncertain","Uncertain","Malignant supported","inferCNV pilot only","Uncertain within pilot","Not assigned"
"GCTCTGTGTTTCCACC_EBUS_15","P1015","EBUS_15","Malignant cells","Epithelial cells",0.339828332389183,"singlet",0.0389579586857372,"CNV_positive","Malignant supported","Malignant supported","Malignant supported","inferCNV pilot only","Supported within 2,420-cell pilot only","Not assigned"
"GTCACGGAGCGACGTA_EBUS_15","P1015","EBUS_15","Malignant cells","Epithelial cells",0.220020634135406,"singlet",0.0125094971304256,"CNV_negative","Uncertain","Uncertain","Uncertain","inferCNV pilot only","Uncertain within pilot","Not assigned"
"CCACCTAAGATACACA_EBUS_15","P1015","EBUS_15","Malignant cells","Epithelial cells",0.33402346719963,"singlet",0.0270785856142789,"CNV_positive","Malignant supported","Malignant supported","Malignant supported","inferCNV pilot only","Supported within 2,420-cell pilot only","Not assigned"
"CTCTACGTCCTCCTAG_EBUS_15","P1015","EBUS_15","Malignant cells","Epithelial cells",0.0600028712652581,"singlet",0.0339478682241612,"CNV_positive","Malignant supported","Malignant supported","Malignant supported","inferCNV pilot only","Supported within 2,420-cell pilot only","Not assigned"
"AATCCAGAGCGACGTA_EBUS_15","P1015","EBUS_15","Malignant cells","Epithelial cells",0.254658356049351,"singlet",0.037053877246212,"CNV_positive","Malignant supported","Malignant supported","Malignant supported","inferCNV pilot only","Supported within 2,420-cell pilot only","Not assigned"
"GCTTCCAAGGGCTTGA_EBUS_15","P1015","EBUS_15","Malignant cells","Epithelial cells",0.393588855646632,"singlet",0.0310062633986145,"CNV_positive","Malignant supported","Malignant supported","Malignant supported","inferCNV pilot only","Supported within 2,420-cell pilot only","Not assigned"
"GTCAAGTGTTTGTTGG_EBUS_15","P1015","EBUS_15","Malignant cells","Epithelial cells",0.267077636904376,"singlet",0.0301966824630275,"CNV_positive","Malignant supported","Malignant supported","Malignant supported","inferCNV pilot only","Supported within 2,420-cell pilot only","Not assigned"
"TACTCGCGTGAAATCA_EBUS_15","P1015","EBUS_15","Malignant cells","Epithelial cells",0.0200584842920508,"singlet",0.0154031282334436,"CNV_negative","Uncertain","Uncertain","Uncertain","inferCNV pilot only","Uncertain within pilot","Not assigned"
"CGTTGGGAGTTCCACA_EBUS_15","P1015","EBUS_15","Malignant cells","Epithelial cells",0.0200155079034479,"singlet",0.0295776264877653,"CNV_positive","Malignant supported","Malignant supported","Malignant supported","inferCNV pilot only","Supported within 2,420-cell pilot only","Not assigned"
"TGCACCTTCACCGTAA_EBUS_15","P1015","EBUS_15","Malignant cells","Epithelial cells",0.372840060918,"singlet",0.0364395736105004,"CNV_positive","Malignant supported","Malignant supported","Malignant supported","inferCNV pilot only","Supported within 2,420-cell pilot only","Not assigned"
"GCTGCAGGTGCACCAC_EBUS_15","P1015","EBUS_15","Malignant cells","Epithelial cells",0.335970571554856,"singlet",0.0363489576154397,"CNV_positive","Malignant supported","Malignant supported","Malignant supported","inferCNV pilot only","Supported within 2,420-cell pilot only","Not assigned"
"CTACGTCAGGTTCCTA_EBUS_15","P1015","EBUS_15","Malignant cells","Epithelial cells",0.210160972362193,"singlet",0.0346507818385814,"CNV_positive","Malignant supported","Malignant supported","Malignant supported","inferCNV pilot only","Supported within 2,420-cell pilot only","Not assigned"
"CACTCCACATACGCTA_EBUS_15","P1015","EBUS_15","Malignant cells","Epithelial cells",0.385296402939953,"singlet",0.0203381421448923,"CNV_negative","Uncertain","Uncertain","Uncertain","inferCNV pilot only","Uncertain within pilot","Not assigned"
"CCCATACAGACTACAA_EBUS_15","P1015","EBUS_15","Malignant cells","Epithelial cells",0.097610684530406,"singlet",0.0204560683972695,"CNV_negative","Uncertain","Uncertain","Uncertain","inferCNV pilot only","Uncertain within pilot","Not assigned"
"TCTTTCCGTCTCACCT_EBUS_15","P1015","EBUS_15","Malignant cells","Epithelial cells",0.0401650702764847,"singlet",0.0218139397083675,"CNV_uncertain","Uncertain","Uncertain","Malignant supported","inferCNV pilot only","Uncertain within pilot","Not assigned"
"AGCATACAGCGTCTAT_EBUS_15","P1015","EBUS_15","Malignant cells","Epithelial cells",0.167559748521936,"singlet",0.019873098059206,"CNV_negative","Uncertain","Uncertain","Uncertain","inferCNV pilot only","Uncertain within pilot","Not assigned"
"TCGGGACCAGGGAGAG_EBUS_15","P1015","EBUS_15","Malignant cells","Epithelial cells",0.0200000002800268,"singlet",0.0277774559229239,"CNV_positive","Malignant supported","Malignant supported","Malignant supported","inferCNV pilot only","Supported within 2,420-cell pilot only","Not assigned"
"TGAGGGATCGCCGTGA_EBUS_15","P1015","EBUS_15","Malignant cells","Epithelial cells",0.288370388759591,"singlet",0.0296771422110615,"CNV_positive","Malignant supported","Malignant supported","Malignant supported","inferCNV pilot only","Supported within 2,420-cell pilot only","Not assigned"
"AGCATACAGCGCCTTG_EBUS_15","P1015","EBUS_15","Malignant cells","Epithelial cells",0.0200005415828623,"singlet",0.0247577646458931,"CNV_positive","Malignant supported","Malignant supported","Malignant supported","inferCNV pilot only","Supported within 2,420-cell pilot only","Not assigned"
"CCTCAGTGTTGAGTTC_EBUS_15","P1015","EBUS_15","Malignant cells","Epithelial cells",0.168753050525788,"singlet",0.0283857613990443,"CNV_positive","Malignant supported","Malignant supported","Malignant supported","inferCNV pilot only","Supported within 2,420-cell pilot only","Not assigned"
"CAGAGAGGTACCGCTG_EBUS_15","P1015","EBUS_15","Malignant cells","Epithelial cells",0.260546082622199,"singlet",0.0511018589925563,"CNV_positive","Malignant supported","Malignant supported","Malignant supported","inferCNV pilot only","Supported within 2,420-cell pilot only","Not assigned"
"TCTATTGCAACACGCC_EBUS_15","P1015","EBUS_15","Malignant cells","Epithelial cells",2.63717910405478e-11,"singlet",0.0170104154543108,"CNV_negative","Uncertain","Uncertain","Uncertain","inferCNV pilot only","Uncertain within pilot","Not assigned"
"ATCATGGGTGCACTTA_EBUS_15","P1015","EBUS_15","Malignant cells","Epithelial cells",7.60680370270027e-09,"singlet",0.0163739216344752,"CNV_negative","Uncertain","Uncertain","Uncertain","inferCNV pilot only","Uncertain within pilot","Not assigned"
"GTGGGTCAGCGTTTAC_EBUS_15","P1015","EBUS_15","Malignant cells","Epithelial cells",0.100000450561962,"singlet",0.0265987756094515,"CNV_positive","Malignant supported","Malignant supported","Malignant supported","inferCNV pilot only","Supported within 2,420-cell pilot only","Not assigned"
"CTACCCATCGTTACGA_EBUS_15","P1015","EBUS_15","Malignant cells","Epithelial cells",0.0270011233962452,"singlet",0.0202917600256555,"CNV_negative","Uncertain","Uncertain","Uncertain","inferCNV pilot only","Uncertain within pilot","Not assigned"
"ACTGAGTCAGCGTTCG_EBUS_15","P1015","EBUS_15","Malignant cells","Epithelial cells",1.19972456321627e-06,"singlet",0.0217620648750425,"CNV_uncertain","Uncertain","Uncertain","Malignant supported","inferCNV pilot only","Uncertain within pilot","Not assigned"
"TTGCCGTCAGTCGTGC_EBUS_15","P1015","EBUS_15","Malignant cells","Epithelial cells",0.273552360498585,"singlet",0.0340103410492793,"CNV_positive","Malignant supported","Malignant supported","Malignant supported","inferCNV pilot only","Supported within 2,420-cell pilot only","Not assigned"
"GAAGCAGGTCTCAACA_EBUS_15","P1015","EBUS_15","Malignant cells","Epithelial cells",0.162497113665596,"singlet",0.0269973273833457,"CNV_positive","Malignant supported","Malignant supported","Malignant supported","inferCNV pilot only","Supported within 2,420-cell pilot only","Not assigned"
"CAAGTTGAGCGTAATA_EBUS_15","P1015","EBUS_15","Malignant cells","Epithelial cells",0.333348697853103,"singlet",0.038194310426718,"CNV_positive","Malignant supported","Malignant supported","Malignant supported","inferCNV pilot only","Supported within 2,420-cell pilot only","Not assigned"
"AGCTTGATCTGTCTAT_EBUS_15","P1015","EBUS_15","Malignant cells","Epithelial cells",0.183665347374858,"singlet",0.0164246845830963,"CNV_negative","Uncertain","Uncertain","Uncertain","inferCNV pilot only","Uncertain within pilot","Not assigned"
"AGAGCTTTCCTTGACC_EBUS_15","P1015","EBUS_15","Malignant cells","Epithelial cells",0.384088833286298,"singlet",0.0374868974334438,"CNV_positive","Malignant supported","Malignant supported","Malignant supported","inferCNV pilot only","Supported within 2,420-cell pilot only","Not assigned"
"CATCGGGGTCTCTCGT_EBUS_15","P1015","EBUS_15","Malignant cells","Epithelial cells",0.160000657188857,"singlet",0.0198471996355312,"CNV_negative","Uncertain","Uncertain","Uncertain","inferCNV pilot only","Uncertain within pilot","Not assigned"
"TGATTTCCATAGACTC_EBUS_15","P1015","EBUS_15","Malignant cells","Epithelial cells",0.12000011230582,"singlet",0.0205496680746706,"CNV_negative","Uncertain","Uncertain","Uncertain","inferCNV pilot only","Uncertain within pilot","Not assigned"
"ACTATCTCATGATCCA_EBUS_15","P1015","EBUS_15","Malignant cells","Epithelial cells",0.0200000015455161,"singlet",0.031434565894082,"CNV_positive","Malignant supported","Malignant supported","Malignant supported","inferCNV pilot only","Supported within 2,420-cell pilot only","Not assigned"
"CTCTGGTCAATCGAAA_EBUS_15","P1015","EBUS_15","Malignant cells","Epithelial cells",0.120019913565454,"singlet",0.0248633914524436,"CNV_positive","Malignant supported","Malignant supported","Malignant supported","inferCNV pilot only","Supported within 2,420-cell pilot only","Not assigned"
"GGAACTTAGGCAAAGA_EBUS_15","P1015","EBUS_15","Malignant cells","Epithelial cells",0.227753697049036,"singlet",0.0302462484029823,"CNV_positive","Malignant supported","Malignant supported","Malignant supported","inferCNV pilot only","Supported within 2,420-cell pilot only","Not assigned"
"AGGCCGTTCTCAAGTG_EBUS_15","P1015","EBUS_15","Malignant cells","Epithelial cells",0.0200003074891424,"singlet",0.0267487237742515,"CNV_positive","Malignant supported","Malignant supported","Malignant supported","inferCNV pilot only","Supported within 2,420-cell pilot only","Not assigned"
"CCTTTCTTCGCCAGCA_EBUS_15","P1015","EBUS_15","Malignant cells","Epithelial cells",0.225555077262326,"singlet",0.0312237344113484,"CNV_positive","Malignant supported","Malignant supported","Malignant supported","inferCNV pilot only","Supported within 2,420-cell pilot only","Not assigned"
"CGAGCACGTATAATGG_EBUS_15","P1015","EBUS_15","Malignant cells","Epithelial cells",0.168083724716405,"singlet",0.0320158958488999,"CNV_positive","Malignant supported","Malignant supported","Malignant supported","inferCNV pilot only","Supported within 2,420-cell pilot only","Not assigned"
"CTGGTCTGTGCAGACA_EBUS_15","P1015","EBUS_15","Malignant cells","Epithelial cells",0.449639785051388,"singlet",0.0379512942668305,"CNV_positive","Malignant supported","Malignant supported","Malignant supported","inferCNV pilot only","Supported within 2,420-cell pilot only","Not assigned"
"AGTGAGGGTTACAGAA_EBUS_15","P1015","EBUS_15","Malignant cells","Epithelial cells",0.267667645780253,"singlet",0.0345773705949536,"CNV_positive","Malignant supported","Malignant supported","Malignant supported","inferCNV pilot only","Supported within 2,420-cell pilot only","Not assigned"
"TGAGCCGCAACTGCTA_EBUS_15","P1015","EBUS_15","Malignant cells","Epithelial cells",0.0800001160935779,"singlet",0.0337279359653343,"CNV_positive","Malignant supported","Malignant supported","Malignant supported","inferCNV pilot only","Supported within 2,420-cell pilot only","Not assigned"
"TACGGTAGTTCGAATC_EBUS_19","P1019","EBUS_19","Malignant cells","Epithelial cells",0.100159727633671,"singlet",0.0378063356537969,"CNV_positive","Malignant supported","Malignant supported","Malignant supported","inferCNV pilot only","Supported within 2,420-cell pilot only","Not assigned"
"GACGCGTCAGATGGCA_EBUS_19","P1019","EBUS_19","Malignant cells","Epithelial cells",0.286233175227687,"singlet",0.0420411648395196,"CNV_positive","Malignant supported","Malignant supported","Malignant supported","inferCNV pilot only","Supported within 2,420-cell pilot only","Not assigned"
"CAACTAGGTCCCTACT_EBUS_19","P1019","EBUS_19","Malignant cells","Epithelial cells",0.207561094712133,"singlet",0.0375679221796398,"CNV_positive","Malignant supported","Malignant supported","Malignant supported","inferCNV pilot only","Supported within 2,420-cell pilot only","Not assigned"
"CGTCACTCACTGTGTA_EBUS_19","P1019","EBUS_19","Malignant cells","Epithelial cells",0.0152490726253345,"singlet",0.040702952793971,"CNV_positive","Malignant supported","Malignant supported","Malignant supported","inferCNV pilot only","Supported within 2,420-cell pilot only","Not assigned"
"GGGCATCGTGCCTGCA_EBUS_19","P1019","EBUS_19","Malignant cells","Epithelial cells",0.0454268997743575,"singlet",0.0432611725686528,"CNV_positive","Malignant supported","Malignant supported","Malignant supported","inferCNV pilot only","Supported within 2,420-cell pilot only","Not assigned"
"CTGTGCTTCTGCAGTA_EBUS_19","P1019","EBUS_19","Malignant cells","Epithelial cells",0.081912694847218,"singlet",0.040643823753901,"CNV_positive","Malignant supported","Malignant supported","Malignant supported","inferCNV pilot only","Supported within 2,420-cell pilot only","Not assigned"
"AGGTCCGCAGCTGCAC_EBUS_19","P1019","EBUS_19","Malignant cells","Epithelial cells",0.0758006557214313,"singlet",0.0435676154430087,"CNV_positive","Malignant supported","Malignant supported","Malignant supported","inferCNV pilot only","Supported within 2,420-cell pilot only","Not assigned"
"TTGAACGAGTCGTTTG_EBUS_19","P1019","EBUS_19","Malignant cells","Epithelial cells",0.124610366983469,"singlet",0.0388530855935802,"CNV_positive","Malignant supported","Malignant supported","Malignant supported","inferCNV pilot only","Supported within 2,420-cell pilot only","Not assigned"
"CGCGTTTTCGGCGCTA_EBUS_19","P1019","EBUS_19","Malignant cells","Epithelial cells",0.0622927124780417,"singlet",0.0388762952500534,"CNV_positive","Malignant supported","Malignant supported","Malignant supported","inferCNV pilot only","Supported within 2,420-cell pilot only","Not assigned"
"CTGAAGTAGATTACCC_EBUS_19","P1019","EBUS_19","Malignant cells","Epithelial cells",0.116459645212268,"singlet",0.0371589683697992,"CNV_positive","Malignant supported","Malignant supported","Malignant supported","inferCNV pilot only","Supported within 2,420-cell pilot only","Not assigned"
"CACAAACGTTACGCGC_EBUS_19","P1019","EBUS_19","Malignant cells","Epithelial cells",0.0379285861518698,"singlet",0.0400737445476389,"CNV_positive","Malignant supported","Malignant supported","Malignant supported","inferCNV pilot only","Supported within 2,420-cell pilot only","Not assigned"
"ATTGGACAGCCCAACC_EBUS_19","P1019","EBUS_19","Malignant cells","Epithelial cells",0.0486170140754707,"singlet",0.030866801458536,"CNV_positive","Malignant supported","Malignant supported","Malignant supported","inferCNV pilot only","Supported within 2,420-cell pilot only","Not assigned"
"TCAGGATGTCACCTAA_EBUS_19","P1019","EBUS_19","Malignant cells","Epithelial cells",0.121124182137468,"singlet",0.0615873574942226,"CNV_positive","Malignant supported","Malignant supported","Malignant supported","inferCNV pilot only","Supported within 2,420-cell pilot only","Not assigned"
"TCACGAACATCCTTGC_EBUS_19","P1019","EBUS_19","Malignant cells","Epithelial cells",0.221473418648201,"singlet",0.0372831392005038,"CNV_positive","Malignant supported","Malignant supported","Malignant supported","inferCNV pilot only","Supported within 2,420-cell pilot only","Not assigned"
"GATCGTATCGGCTACG_EBUS_19","P1019","EBUS_19","Malignant cells","Epithelial cells",0.0835004810076295,"singlet",0.0453569718141002,"CNV_positive","Malignant supported","Malignant supported","Malignant supported","inferCNV pilot only","Supported within 2,420-cell pilot only","Not assigned"
"CCTTTCTGTACCGCTG_EBUS_19","P1019","EBUS_19","Malignant cells","Epithelial cells",0.161517325870647,"singlet",0.029747089965851,"CNV_positive","Malignant supported","Malignant supported","Malignant supported","inferCNV pilot only","Supported within 2,420-cell pilot only","Not assigned"
"GAGGTGATCGGTGTTA_EBUS_19","P1019","EBUS_19","Malignant cells","Epithelial cells",0.271791889756513,"singlet",0.0376510198618087,"CNV_positive","Malignant supported","Malignant supported","Malignant supported","inferCNV pilot only","Supported within 2,420-cell pilot only","Not assigned"
"GATTCAGGTATATCCG_EBUS_19","P1019","EBUS_19","Malignant cells","Epithelial cells",0.148101362648657,"singlet",0.0411175405256488,"CNV_positive","Malignant supported","Malignant supported","Malignant supported","inferCNV pilot only","Supported within 2,420-cell pilot only","Not assigned"
"CGTAGCGTCGTTTAGG_EBUS_19","P1019","EBUS_19","Malignant cells","Epithelial cells",0.181818387469147,"singlet",0.0299137925822762,"CNV_positive","Malignant supported","Malignant supported","Malignant supported","inferCNV pilot only","Supported within 2,420-cell pilot only","Not assigned"
"CTGCTGTTCCCAACGG_EBUS_19","P1019","EBUS_19","Malignant cells","Epithelial cells",0.0686960046499565,"singlet",0.0359044332620235,"CNV_positive","Malignant supported","Malignant supported","Malignant supported","inferCNV pilot only","Supported within 2,420-cell pilot only","Not assigned"
"GAATAAGAGCGTTGCC_EBUS_19","P1019","EBUS_19","Malignant cells","Epithelial cells",0.0717086383341549,"singlet",0.0306269359311335,"CNV_positive","Malignant supported","Malignant supported","Malignant supported","inferCNV pilot only","Supported within 2,420-cell pilot only","Not assigned"
"TAGACCAAGGCTCATT_EBUS_19","P1019","EBUS_19","Malignant cells","Epithelial cells",0.0314901014063059,"singlet",0.0334572317534524,"CNV_positive","Malignant supported","Malignant supported","Malignant supported","inferCNV pilot only","Supported within 2,420-cell pilot only","Not assigned"
"TACTTACTCTGGTATG_EBUS_19","P1019","EBUS_19","Malignant cells","Epithelial cells",0.1661536185367,"singlet",0.0360967578419063,"CNV_positive","Malignant supported","Malignant supported","Malignant supported","inferCNV pilot only","Supported within 2,420-cell pilot only","Not assigned"
"TGAGCCGCACTCAGGC_EBUS_19","P1019","EBUS_19","Malignant cells","Epithelial cells",0.193385174492078,"singlet",0.0359261927796398,"CNV_positive","Malignant supported","Malignant supported","Malignant supported","inferCNV pilot only","Supported within 2,420-cell pilot only","Not assigned"
"TGCCCATTCCGTTGTC_EBUS_19","P1019","EBUS_19","Malignant cells","Epithelial cells",0.0957443423187998,"singlet",0.0426960819536304,"CNV_positive","Malignant supported","Malignant supported","Malignant supported","inferCNV pilot only","Supported within 2,420-cell pilot only","Not assigned"
"ATCCACCTCTGCAGTA_EBUS_19","P1019","EBUS_19","Malignant cells","Epithelial cells",0.0718068177025962,"singlet",0.0423220820056027,"CNV_positive","Malignant supported","Malignant supported","Malignant supported","inferCNV pilot only","Supported within 2,420-cell pilot only","Not assigned"
"GGGTCTGCACCAGGTC_EBUS_19","P1019","EBUS_19","Malignant cells","Epithelial cells",0.112285155148806,"singlet",0.0354564166140465,"CNV_positive","Malignant supported","Malignant supported","Malignant supported","inferCNV pilot only","Supported within 2,420-cell pilot only","Not assigned"
"GTACTCCGTGTGCCTG_EBUS_19","P1019","EBUS_19","Malignant cells","Epithelial cells",0.0483953101505095,"singlet",0.0473401856445034,"CNV_positive","Malignant supported","Malignant supported","Malignant supported","inferCNV pilot only","Supported within 2,420-cell pilot only","Not assigned"
"TGAAAGACAGTCCTTC_EBUS_19","P1019","EBUS_19","Malignant cells","Epithelial cells",0.285685525317452,"singlet",0.0355424036430277,"CNV_positive","Malignant supported","Malignant supported","Malignant supported","inferCNV pilot only","Supported within 2,420-cell pilot only","Not assigned"
"TTATGCTGTAAGCACG_EBUS_19","P1019","EBUS_19","Malignant cells","Epithelial cells",0.0792716590836025,"singlet",0.0384880440302904,"CNV_positive","Malignant supported","Malignant supported","Malignant supported","inferCNV pilot only","Supported within 2,420-cell pilot only","Not assigned"
"TACTTGTGTGCCTTGG_EBUS_19","P1019","EBUS_19","Malignant cells","Epithelial cells",0.116338010601725,"singlet",0.0367788379389578,"CNV_positive","Malignant supported","Malignant supported","Malignant supported","inferCNV pilot only","Supported within 2,420-cell pilot only","Not assigned"
"GGGAATGGTAACGCGA_EBUS_19","P1019","EBUS_19","Malignant cells","Epithelial cells",0.250548125939323,"singlet",0.0479339552311067,"CNV_positive","Malignant supported","Malignant supported","Malignant supported","inferCNV pilot only","Supported within 2,420-cell pilot only","Not assigned"
"TACTTACAGGCTAGCA_EBUS_19","P1019","EBUS_19","Malignant cells","Epithelial cells",0.111506458181829,"singlet",0.0404322028971764,"CNV_positive","Malignant supported","Malignant supported","Malignant supported","inferCNV pilot only","Supported within 2,420-cell pilot only","Not assigned"
"CGGTTAAGTCTAGAGG_EBUS_19","P1019","EBUS_19","Malignant cells","Epithelial cells",0.0524189298489143,"singlet",0.0427462450577542,"CNV_positive","Malignant supported","Malignant supported","Malignant supported","inferCNV pilot only","Supported within 2,420-cell pilot only","Not assigned"
"TGCTACCAGTGTCCAT_EBUS_19","P1019","EBUS_19","Malignant cells","Epithelial cells",0.195542373095181,"singlet",0.0448067911441825,"CNV_positive","Malignant supported","Malignant supported","Malignant supported","inferCNV pilot only","Supported within 2,420-cell pilot only","Not assigned"
"GACCTGGGTCTCACCT_EBUS_19","P1019","EBUS_19","Malignant cells","Epithelial cells",0.175975236480788,"singlet",0.051739000376021,"CNV_positive","Malignant supported","Malignant supported","Malignant supported","inferCNV pilot only","Supported within 2,420-cell pilot only","Not assigned"
"GATGAAAAGCTGCAAG_EBUS_19","P1019","EBUS_19","Malignant cells","Epithelial cells",0.064585477601486,"singlet",0.0547941421513137,"CNV_positive","Malignant supported","Malignant supported","Malignant supported","inferCNV pilot only","Supported within 2,420-cell pilot only","Not assigned"
"ACACCAAGTAGGGACT_EBUS_19","P1019","EBUS_19","Malignant cells","Epithelial cells",0.0498455118945662,"singlet",0.0467614668271401,"CNV_positive","Malignant supported","Malignant supported","Malignant supported","inferCNV pilot only","Supported within 2,420-cell pilot only","Not assigned"
"GACTGCGTCGTAGGAG_EBUS_19","P1019","EBUS_19","Malignant cells","Epithelial cells",0.0636950964101991,"singlet",0.040775256565814,"CNV_positive","Malignant supported","Malignant supported","Malignant supported","inferCNV pilot only","Supported within 2,420-cell pilot only","Not assigned"
"GACGTGCTCAGTGTTG_EBUS_19","P1019","EBUS_19","Malignant cells","Epithelial cells",0.0321532064786465,"singlet",0.0473170314752474,"CNV_positive","Malignant supported","Malignant supported","Malignant supported","inferCNV pilot only","Supported within 2,420-cell pilot only","Not assigned"
"GCTTGAAAGGCTATCT_EBUS_19","P1019","EBUS_19","Malignant cells","Epithelial cells",0.169111184153381,"singlet",0.0355950326304542,"CNV_positive","Malignant supported","Malignant supported","Malignant supported","inferCNV pilot only","Supported within 2,420-cell pilot only","Not assigned"
"GTACGTAAGCGTTTAC_EBUS_19","P1019","EBUS_19","Malignant cells","Epithelial cells",0.126027772698653,"singlet",0.0480677218719188,"CNV_positive","Malignant supported","Malignant supported","Malignant supported","inferCNV pilot only","Supported within 2,420-cell pilot only","Not assigned"
"TGAAAGATCAACGCTA_EBUS_19","P1019","EBUS_19","Malignant cells","Epithelial cells",0.0826134932005757,"singlet",0.044074441666254,"CNV_positive","Malignant supported","Malignant supported","Malignant supported","inferCNV pilot only","Supported within 2,420-cell pilot only","Not assigned"
"CAACCAAAGAGGTAGA_EBUS_19","P1019","EBUS_19","Malignant cells","Epithelial cells",0.0548495040469251,"singlet",0.034297960761107,"CNV_positive","Malignant supported","Malignant supported","Malignant supported","inferCNV pilot only","Supported within 2,420-cell pilot only","Not assigned"
"GTTCTCGGTAGCGCTC_EBUS_19","P1019","EBUS_19","Malignant cells","Epithelial cells",0.106831709540963,"singlet",0.0382812561613783,"CNV_positive","Malignant supported","Malignant supported","Malignant supported","inferCNV pilot only","Supported within 2,420-cell pilot only","Not assigned"
"TGGACGCGTGGTACAG_EBUS_19","P1019","EBUS_19","Malignant cells","Epithelial cells",0.121789005182571,"singlet",0.0338135387246205,"CNV_positive","Malignant supported","Malignant supported","Malignant supported","inferCNV pilot only","Supported within 2,420-cell pilot only","Not assigned"
"AGGTCCGTCCATGAGT_EBUS_19","P1019","EBUS_19","Malignant cells","Epithelial cells",0.151329389259451,"singlet",0.035794034125205,"CNV_positive","Malignant supported","Malignant supported","Malignant supported","inferCNV pilot only","Supported within 2,420-cell pilot only","Not assigned"
"TCTTTCCAGTGTTAGA_EBUS_19","P1019","EBUS_19","Malignant cells","Epithelial cells",0.21428031360729,"singlet",0.0466283460015135,"CNV_positive","Malignant supported","Malignant supported","Malignant supported","inferCNV pilot only","Supported within 2,420-cell pilot only","Not assigned"
"ACTGAGTTCCCTGACT_EBUS_19","P1019","EBUS_19","Malignant cells","Epithelial cells",0.0314021208273692,"singlet",0.035327096680759,"CNV_positive","Malignant supported","Malignant supported","Malignant supported","inferCNV pilot only","Supported within 2,420-cell pilot only","Not assigned"
"TACGGGCTCTGGAGCC_EBUS_19","P1019","EBUS_19","Malignant cells","Epithelial cells",0.15381156435201,"singlet",0.0355848115482311,"CNV_positive","Malignant supported","Malignant supported","Malignant supported","inferCNV pilot only","Supported within 2,420-cell pilot only","Not assigned"
"AAGGCAGTCCCACTTG_EBUS_28","P1028","EBUS_28","Malignant cells","Epithelial cells",0.444359354976096,"singlet",0.0318702736978978,"CNV_positive","Malignant supported","Malignant supported","Malignant supported","inferCNV pilot only","Supported within 2,420-cell pilot only","Not assigned"
"GTGCGGTTCAACGAAA_EBUS_28","P1028","EBUS_28","Malignant cells","Epithelial cells",0.178080578335283,"singlet",0.0457549779597545,"CNV_positive","Malignant supported","Malignant supported","Malignant supported","inferCNV pilot only","Supported within 2,420-cell pilot only","Not assigned"
"GTTAAGCCAGGGATTG_EBUS_28","P1028","EBUS_28","Malignant cells","Epithelial cells",0.0884152122326736,"singlet",0.0340910269930933,"CNV_positive","Malignant supported","Malignant supported","Malignant supported","inferCNV pilot only","Supported within 2,420-cell pilot only","Not assigned"
"TTTGCGCTCAATCTCT_EBUS_28","P1028","EBUS_28","Malignant cells","Epithelial cells",0.401137400188525,"singlet",0.0213347051205402,"CNV_uncertain","Uncertain","Uncertain","Malignant supported","inferCNV pilot only","Uncertain within pilot","Not assigned"
"AAGTCTGGTCAACATC_EBUS_28","P1028","EBUS_28","Malignant cells","Epithelial cells",0.186285522378877,"singlet",0.0436598236029902,"CNV_positive","Malignant supported","Malignant supported","Malignant supported","inferCNV pilot only","Supported within 2,420-cell pilot only","Not assigned"
"GGGTTGCAGTTGTAGA_EBUS_28","P1028","EBUS_28","Malignant cells","Epithelial cells",0.284787469748451,"singlet",0.0341548641044028,"CNV_positive","Malignant supported","Malignant supported","Malignant supported","inferCNV pilot only","Supported within 2,420-cell pilot only","Not assigned"
"TCGTAGAGTATAGGGC_EBUS_28","P1028","EBUS_28","Malignant cells","Epithelial cells",0.255094964827598,"singlet",0.0329384382029037,"CNV_positive","Malignant supported","Malignant supported","Malignant supported","inferCNV pilot only","Supported within 2,420-cell pilot only","Not assigned"
"CTTGGCTCAGGCGATA_EBUS_28","P1028","EBUS_28","Malignant cells","Epithelial cells",0.166666666667047,"singlet",0.0313841737441918,"CNV_positive","Malignant supported","Malignant supported","Malignant supported","inferCNV pilot only","Supported within 2,420-cell pilot only","Not assigned"
"CTTTGCGAGGTGATAT_EBUS_28","P1028","EBUS_28","Malignant cells","Epithelial cells",0.419705319725901,"singlet",0.0364165526416534,"CNV_positive","Malignant supported","Malignant supported","Malignant supported","inferCNV pilot only","Supported within 2,420-cell pilot only","Not assigned"
"GTGCATACATCACCCT_EBUS_28","P1028","EBUS_28","Malignant cells","Epithelial cells",0.313737128653702,"singlet",0.0367518286891724,"CNV_positive","Malignant supported","Malignant supported","Malignant supported","inferCNV pilot only","Supported within 2,420-cell pilot only","Not assigned"
"CTGGTCTTCCGCATCT_EBUS_28","P1028","EBUS_28","Malignant cells","Epithelial cells",0.262264493323853,"singlet",0.0290091715126137,"CNV_positive","Malignant supported","Malignant supported","Malignant supported","inferCNV pilot only","Supported within 2,420-cell pilot only","Not assigned"
"ACACCGGAGTCCAGGA_EBUS_28","P1028","EBUS_28","Malignant cells","Epithelial cells",0.892142868437501,"doublet",0.0407270599664165,"CNV_positive","Uncertain","Uncertain","Uncertain","inferCNV pilot only","Uncertain within pilot","Not assigned"
"TTGTAGGGTGACGGTA_EBUS_28","P1028","EBUS_28","Malignant cells","Epithelial cells",0.759646690663583,"singlet",0.042262073941945,"CNV_positive","Malignant supported","Malignant supported","Malignant supported","inferCNV pilot only","Supported within 2,420-cell pilot only","Not assigned"
"CATATTCCAGCGATCC_EBUS_28","P1028","EBUS_28","Malignant cells","Epithelial cells",0.0784314007425385,"singlet",0.0315594153955493,"CNV_positive","Malignant supported","Malignant supported","Malignant supported","inferCNV pilot only","Supported within 2,420-cell pilot only","Not assigned"
"GGACATTAGTCACGCC_EBUS_28","P1028","EBUS_28","Malignant cells","Epithelial cells",0.226068761908861,"singlet",0.0357430065376288,"CNV_positive","Malignant supported","Malignant supported","Malignant supported","inferCNV pilot only","Supported within 2,420-cell pilot only","Not assigned"
"CAGTAACGTTGACGTT_EBUS_28","P1028","EBUS_28","Malignant cells","Epithelial cells",0.166666666666751,"singlet",0.0267583775900953,"CNV_positive","Malignant supported","Malignant supported","Malignant supported","inferCNV pilot only","Supported within 2,420-cell pilot only","Not assigned"
"TGAAAGAGTCGCTTCT_EBUS_28","P1028","EBUS_28","Malignant cells","Epithelial cells",0.225490201123614,"singlet",0.0330285265043593,"CNV_positive","Malignant supported","Malignant supported","Malignant supported","inferCNV pilot only","Supported within 2,420-cell pilot only","Not assigned"
"TGCTACCGTTCGAATC_EBUS_28","P1028","EBUS_28","Malignant cells","Epithelial cells",0.186274516850905,"singlet",0.0409007298678605,"CNV_positive","Malignant supported","Malignant supported","Malignant supported","inferCNV pilot only","Supported within 2,420-cell pilot only","Not assigned"
"GTAGTCAAGGGCTTCC_EBUS_28","P1028","EBUS_28","Malignant cells","Epithelial cells",0.196089846119979,"singlet",0.0387628891865986,"CNV_positive","Malignant supported","Malignant supported","Malignant supported","inferCNV pilot only","Supported within 2,420-cell pilot only","Not assigned"
"TCTGAGATCAAACCGT_EBUS_28","P1028","EBUS_28","Malignant cells","Epithelial cells",0.0784313725646198,"singlet",0.0261773931451358,"CNV_positive","Malignant supported","Malignant supported","Malignant supported","inferCNV pilot only","Supported within 2,420-cell pilot only","Not assigned"
"GAAACTCTCCTTGCCA_EBUS_28","P1028","EBUS_28","Malignant cells","Epithelial cells",0.0686278361915717,"singlet",0.033902438321105,"CNV_positive","Malignant supported","Malignant supported","Malignant supported","inferCNV pilot only","Supported within 2,420-cell pilot only","Not assigned"
"CACTCCACACATTAGC_EBUS_28","P1028","EBUS_28","Malignant cells","Epithelial cells",0.0196078444246641,"singlet",0.0282533727836996,"CNV_positive","Malignant supported","Malignant supported","Malignant supported","inferCNV pilot only","Supported within 2,420-cell pilot only","Not assigned"
"GTTACAGAGATCTGCT_EBUS_28","P1028","EBUS_28","Malignant cells","Epithelial cells",0.297817718545143,"singlet",0.0370490908625102,"CNV_positive","Malignant supported","Malignant supported","Malignant supported","inferCNV pilot only","Supported within 2,420-cell pilot only","Not assigned"
"CGCTATCAGTTAGGTA_EBUS_28","P1028","EBUS_28","Malignant cells","Epithelial cells",0.771635405094034,"singlet",0.0362703516233986,"CNV_positive","Malignant supported","Malignant supported","Malignant supported","inferCNV pilot only","Supported within 2,420-cell pilot only","Not assigned"
"CCTCTGATCTATCCTA_EBUS_28","P1028","EBUS_28","Malignant cells","Epithelial cells",0.305876473345622,"singlet",0.0288051738149834,"CNV_positive","Malignant supported","Malignant supported","Malignant supported","inferCNV pilot only","Supported within 2,420-cell pilot only","Not assigned"
"GTGCAGCGTTTGACTG_EBUS_28","P1028","EBUS_28","Malignant cells","Epithelial cells",0.137255294883957,"singlet",0.0364519047548437,"CNV_positive","Malignant supported","Malignant supported","Malignant supported","inferCNV pilot only","Supported within 2,420-cell pilot only","Not assigned"
"TGCACCTTCCAACCAA_EBUS_28","P1028","EBUS_28","Malignant cells","Epithelial cells",0.823466052300233,"doublet",0.033906880538147,"CNV_positive","Uncertain","Uncertain","Uncertain","inferCNV pilot only","Uncertain within pilot","Not assigned"
"TGAAAGAGTCAAAGCG_EBUS_28","P1028","EBUS_28","Malignant cells","Epithelial cells",0.557600397384433,"singlet",0.0350942539753655,"CNV_positive","Malignant supported","Malignant supported","Malignant supported","inferCNV pilot only","Supported within 2,420-cell pilot only","Not assigned"
"TGGTTCCGTCGCTTTC_EBUS_28","P1028","EBUS_28","Malignant cells","Epithelial cells",0.165095899539804,"singlet",0.0324314465154607,"CNV_positive","Malignant supported","Malignant supported","Malignant supported","inferCNV pilot only","Supported within 2,420-cell pilot only","Not assigned"
"GACGTGCTCTCTTATG_EBUS_28","P1028","EBUS_28","Malignant cells","Epithelial cells",0.205882361179521,"singlet",0.0357750894360375,"CNV_positive","Malignant supported","Malignant supported","Malignant supported","inferCNV pilot only","Supported within 2,420-cell pilot only","Not assigned"
"CTGCCTACACTGTCGG_EBUS_28","P1028","EBUS_28","Malignant cells","Epithelial cells",0.196323546749534,"singlet",0.0272392535330607,"CNV_positive","Malignant supported","Malignant supported","Malignant supported","inferCNV pilot only","Supported within 2,420-cell pilot only","Not assigned"
"CCTACACCATATGGTC_EBUS_28","P1028","EBUS_28","Malignant cells","Epithelial cells",0.258318747244024,"singlet",0.0336460117094512,"CNV_positive","Malignant supported","Malignant supported","Malignant supported","inferCNV pilot only","Supported within 2,420-cell pilot only","Not assigned"
"GTACTTTTCCCGACTT_EBUS_28","P1028","EBUS_28","Malignant cells","Epithelial cells",0.7050397741457,"singlet",0.0349291875295638,"CNV_positive","Malignant supported","Malignant supported","Malignant supported","inferCNV pilot only","Supported within 2,420-cell pilot only","Not assigned"
"CGAGCACAGACCTAGG_EBUS_28","P1028","EBUS_28","Malignant cells","Epithelial cells",0.0686274509816043,"singlet",0.0279544306156829,"CNV_positive","Malignant supported","Malignant supported","Malignant supported","inferCNV pilot only","Supported within 2,420-cell pilot only","Not assigned"
"TTTGTCAGTGCAACTT_EBUS_28","P1028","EBUS_28","Malignant cells","Epithelial cells",0.472872563321701,"singlet",0.0325913305721283,"CNV_positive","Malignant supported","Malignant supported","Malignant supported","inferCNV pilot only","Supported within 2,420-cell pilot only","Not assigned"
"GTCGTAAAGAATTCCC_EBUS_28","P1028","EBUS_28","Malignant cells","Epithelial cells",0.401972923317772,"singlet",0.0366334829294923,"CNV_positive","Malignant supported","Malignant supported","Malignant supported","inferCNV pilot only","Supported within 2,420-cell pilot only","Not assigned"
"AGCATACGTTAAAGTG_EBUS_28","P1028","EBUS_28","Malignant cells","Epithelial cells",0.34314873369895,"singlet",0.0435491398621581,"CNV_positive","Malignant supported","Malignant supported","Malignant supported","inferCNV pilot only","Supported within 2,420-cell pilot only","Not assigned"
"TTGACTTCATGTTGAC_EBUS_28","P1028","EBUS_28","Malignant cells","Epithelial cells",0.245435852615906,"singlet",0.0422006904957291,"CNV_positive","Malignant supported","Malignant supported","Malignant supported","inferCNV pilot only","Supported within 2,420-cell pilot only","Not assigned"
"AGTTGGTTCATTGCCC_EBUS_28","P1028","EBUS_28","Malignant cells","Epithelial cells",0.782350376739911,"doublet",0.0403644306214697,"CNV_positive","Uncertain","Uncertain","Uncertain","inferCNV pilot only","Uncertain within pilot","Not assigned"
"CGGTTAAAGCACCGTC_EBUS_28","P1028","EBUS_28","Malignant cells","Epithelial cells",0.0686274510245364,"singlet",0.0407574105509347,"CNV_positive","Malignant supported","Malignant supported","Malignant supported","inferCNV pilot only","Supported within 2,420-cell pilot only","Not assigned"
"GATCAGTCACCGGAAA_EBUS_28","P1028","EBUS_28","Malignant cells","Epithelial cells",0.264710706169014,"singlet",0.0415929383551809,"CNV_positive","Malignant supported","Malignant supported","Malignant supported","inferCNV pilot only","Supported within 2,420-cell pilot only","Not assigned"
"CGTAGCGCAGGTGCCT_EBUS_28","P1028","EBUS_28","Malignant cells","Epithelial cells",0.255175887801443,"singlet",0.0385708926557138,"CNV_positive","Malignant supported","Malignant supported","Malignant supported","inferCNV pilot only","Supported within 2,420-cell pilot only","Not assigned"
"AGATCTGTCTGATACG_EBUS_28","P1028","EBUS_28","Malignant cells","Epithelial cells",0.181113639254196,"singlet",0.0360144828615218,"CNV_positive","Malignant supported","Malignant supported","Malignant supported","inferCNV pilot only","Supported within 2,420-cell pilot only","Not assigned"
"CAACCAAGTCATATCG_EBUS_28","P1028","EBUS_28","Malignant cells","Epithelial cells",0.290026772629343,"singlet",0.0273785471394581,"CNV_positive","Malignant supported","Malignant supported","Malignant supported","inferCNV pilot only","Supported within 2,420-cell pilot only","Not assigned"
"GGCAATTGTCAACTGT_EBUS_28","P1028","EBUS_28","Malignant cells","Epithelial cells",0.0752075835759154,"singlet",0.0178976974202407,"CNV_negative","Uncertain","Uncertain","Uncertain","inferCNV pilot only","Uncertain within pilot","Not assigned"
"GTTCTCGAGACGCAAC_EBUS_28","P1028","EBUS_28","Malignant cells","Epithelial cells",0.373115935962051,"singlet",0.033279424704249,"CNV_positive","Malignant supported","Malignant supported","Malignant supported","inferCNV pilot only","Supported within 2,420-cell pilot only","Not assigned"
"CAGCAGCAGTTCGCAT_EBUS_28","P1028","EBUS_28","Malignant cells","Epithelial cells",0.323816685118969,"singlet",0.0359324531391685,"CNV_positive","Malignant supported","Malignant supported","Malignant supported","inferCNV pilot only","Supported within 2,420-cell pilot only","Not assigned"
"CCTCAGTGTTCTGAAC_EBUS_28","P1028","EBUS_28","Malignant cells","Epithelial cells",0.889334715059158,"doublet",0.0354728285271378,"CNV_positive","Uncertain","Uncertain","Uncertain","inferCNV pilot only","Uncertain within pilot","Not assigned"
"CGGACACGTCGAGATG_EBUS_28","P1028","EBUS_28","Malignant cells","Epithelial cells",0.107850938680332,"singlet",0.0318929050628979,"CNV_positive","Malignant supported","Malignant supported","Malignant supported","inferCNV pilot only","Supported within 2,420-cell pilot only","Not assigned"
"CAGTAACTCGATCCCT_EBUS_28","P1028","EBUS_28","Malignant cells","Epithelial cells",0.20910873843878,"singlet",0.0333726537640341,"CNV_positive","Malignant supported","Malignant supported","Malignant supported","inferCNV pilot only","Supported within 2,420-cell pilot only","Not assigned"
"AATCCAGGTTCCCTTG_EBUS_49","P1049","EBUS_49","Malignant cells","Epithelial cells",0.195056169197177,"singlet",0.0248384109763237,"CNV_positive","Malignant supported","Malignant supported","Malignant supported","inferCNV pilot only","Supported within 2,420-cell pilot only","Not assigned"
"CAAGGCCGTCTGATTG_EBUS_49","P1049","EBUS_49","Malignant cells","Epithelial cells",0.00510678728075595,"singlet",0.0204621053640907,"CNV_negative","Uncertain","Uncertain","Uncertain","inferCNV pilot only","Uncertain within pilot","Not assigned"
"CATATTCAGAGAGCTC_EBUS_49","P1049","EBUS_49","Malignant cells","Epithelial cells",0.322236402911677,"singlet",0.0282861290623623,"CNV_positive","Malignant supported","Malignant supported","Malignant supported","inferCNV pilot only","Supported within 2,420-cell pilot only","Not assigned"
"TGCGCAGAGGATGGAA_EBUS_49","P1049","EBUS_49","Malignant cells","Epithelial cells",0.0737956668600929,"singlet",0.075252779168232,"CNV_positive","Malignant supported","Malignant supported","Malignant supported","inferCNV pilot only","Supported within 2,420-cell pilot only","Not assigned"
"TGGTTCCCAGGATTGG_EBUS_49","P1049","EBUS_49","Malignant cells","Epithelial cells",0.0383810007794599,"singlet",0.0367657993960535,"CNV_positive","Malignant supported","Malignant supported","Malignant supported","inferCNV pilot only","Supported within 2,420-cell pilot only","Not assigned"
"TTTCCTCGTGGTCCGT_EBUS_49","P1049","EBUS_49","Malignant cells","Epithelial cells",0.0504892340947805,"singlet",0.00592580648128942,"CNV_negative","Uncertain","Uncertain","Uncertain","inferCNV pilot only","Uncertain within pilot","Not assigned"
"AACTGGTTCATCGCTC_EBUS_49","P1049","EBUS_49","Malignant cells","Epithelial cells",0.333842939235762,"singlet",0.0216523939500892,"CNV_uncertain","Uncertain","Uncertain","Malignant supported","inferCNV pilot only","Uncertain within pilot","Not assigned"
"GGTGTTACATCGACGC_EBUS_49","P1049","EBUS_49","Malignant cells","Epithelial cells",0.000843919099893064,"singlet",0.0248200049316011,"CNV_positive","Malignant supported","Malignant supported","Malignant supported","inferCNV pilot only","Supported within 2,420-cell pilot only","Not assigned"
"CGTGTAAAGTAGGTGC_EBUS_49","P1049","EBUS_49","Malignant cells","Epithelial cells",1.59943863219471e-05,"singlet",0.0157002014751235,"CNV_negative","Uncertain","Uncertain","Uncertain","inferCNV pilot only","Uncertain within pilot","Not assigned"
"ATGGGAGCACTGTCGG_EBUS_49","P1049","EBUS_49","Malignant cells","Epithelial cells",0.0664103491286407,"singlet",0.0367108144552477,"CNV_positive","Malignant supported","Malignant supported","Malignant supported","inferCNV pilot only","Supported within 2,420-cell pilot only","Not assigned"
"CAAGAAAAGAGGTTGC_EBUS_49","P1049","EBUS_49","Malignant cells","Epithelial cells",0.0725346381898683,"singlet",0.0318310259544033,"CNV_positive","Malignant supported","Malignant supported","Malignant supported","inferCNV pilot only","Supported within 2,420-cell pilot only","Not assigned"
"CATCAAGCAAAGTGCG_EBUS_49","P1049","EBUS_49","Malignant cells","Epithelial cells",0.00189998775175169,"singlet",0.0168968618391395,"CNV_negative","Uncertain","Uncertain","Uncertain","inferCNV pilot only","Uncertain within pilot","Not assigned"
"CGAGCACGTCAAACTC_EBUS_49","P1049","EBUS_49","Malignant cells","Epithelial cells",0.0205816399218281,"singlet",0.0387088942825503,"CNV_positive","Malignant supported","Malignant supported","Malignant supported","inferCNV pilot only","Supported within 2,420-cell pilot only","Not assigned"
"CTGCCTATCAAACCGT_EBUS_49","P1049","EBUS_49","Malignant cells","Epithelial cells",1.21910065033433e-05,"singlet",0.0196167770978995,"CNV_negative","Uncertain","Uncertain","Uncertain","inferCNV pilot only","Uncertain within pilot","Not assigned"
"GATCGTAGTAGAGCTG_EBUS_49","P1049","EBUS_49","Malignant cells","Epithelial cells",0.0412127942036775,"singlet",0.0236446925841586,"CNV_positive","Malignant supported","Malignant supported","Malignant supported","inferCNV pilot only","Supported within 2,420-cell pilot only","Not assigned"
"CATATGGAGATGCGAC_EBUS_49","P1049","EBUS_49","Malignant cells","Epithelial cells",0.145442790405225,"singlet",0.0437697086409912,"CNV_positive","Malignant supported","Malignant supported","Malignant supported","inferCNV pilot only","Supported within 2,420-cell pilot only","Not assigned"
"CCTTTCTAGACGCTTT_EBUS_49","P1049","EBUS_49","Malignant cells","Epithelial cells",0.0317760761748327,"singlet",0.035447041192128,"CNV_positive","Malignant supported","Malignant supported","Malignant supported","inferCNV pilot only","Supported within 2,420-cell pilot only","Not assigned"
"CGTGTCTGTTCGTTGA_EBUS_49","P1049","EBUS_49","Malignant cells","Epithelial cells",0.0225992269600021,"singlet",0.0264658055796147,"CNV_positive","Malignant supported","Malignant supported","Malignant supported","inferCNV pilot only","Supported within 2,420-cell pilot only","Not assigned"
"TGGCGCATCGCATGGC_EBUS_49","P1049","EBUS_49","Malignant cells","Epithelial cells",0.107754405085365,"singlet",0.0484437638546955,"CNV_positive","Malignant supported","Malignant supported","Malignant supported","inferCNV pilot only","Supported within 2,420-cell pilot only","Not assigned"
"TGTTCCGGTCTCTTTA_EBUS_49","P1049","EBUS_49","Malignant cells","Epithelial cells",0.0332035317330016,"singlet",0.0411611015707534,"CNV_positive","Malignant supported","Malignant supported","Malignant supported","inferCNV pilot only","Supported within 2,420-cell pilot only","Not assigned"
"AGCCTAATCTCGCATC_EBUS_49","P1049","EBUS_49","Malignant cells","Epithelial cells",0.058466580605163,"singlet",0.0324439302921136,"CNV_positive","Malignant supported","Malignant supported","Malignant supported","inferCNV pilot only","Supported within 2,420-cell pilot only","Not assigned"
"ATCATCTTCTTTAGTC_EBUS_49","P1049","EBUS_49","Malignant cells","Epithelial cells",0.103183916154869,"singlet",0.0312552207174527,"CNV_positive","Malignant supported","Malignant supported","Malignant supported","inferCNV pilot only","Supported within 2,420-cell pilot only","Not assigned"
"GCTGCTTCACGACTCG_EBUS_49","P1049","EBUS_49","Malignant cells","Epithelial cells",0.0368866783289424,"singlet",0.0477076128452609,"CNV_positive","Malignant supported","Malignant supported","Malignant supported","inferCNV pilot only","Supported within 2,420-cell pilot only","Not assigned"
"CAGCGACAGCGTTCCG_EBUS_49","P1049","EBUS_49","Malignant cells","Epithelial cells",0.00651892816332081,"singlet",0.0215364197941838,"CNV_uncertain","Uncertain","Uncertain","Malignant supported","inferCNV pilot only","Uncertain within pilot","Not assigned"
"TGCCAAAGTATTCTCT_EBUS_49","P1049","EBUS_49","Malignant cells","Epithelial cells",0.0930574436691217,"singlet",0.0266434169368479,"CNV_positive","Malignant supported","Malignant supported","Malignant supported","inferCNV pilot only","Supported within 2,420-cell pilot only","Not assigned"
"CGATGTACACAGATTC_EBUS_49","P1049","EBUS_49","Malignant cells","Epithelial cells",6.70922261747557e-05,"singlet",0.028332623995531,"CNV_positive","Malignant supported","Malignant supported","Malignant supported","inferCNV pilot only","Supported within 2,420-cell pilot only","Not assigned"
"TGGCGCAGTCCTAGCG_EBUS_49","P1049","EBUS_49","Malignant cells","Epithelial cells",0.0962602630449515,"singlet",0.0386515324388437,"CNV_positive","Malignant supported","Malignant supported","Malignant supported","inferCNV pilot only","Supported within 2,420-cell pilot only","Not assigned"
"GAACGGACATGAACCT_EBUS_49","P1049","EBUS_49","Malignant cells","Epithelial cells",0.333336939948922,"singlet",0.0215070829341777,"CNV_uncertain","Uncertain","Uncertain","Malignant supported","inferCNV pilot only","Uncertain within pilot","Not assigned"
"GTAGGCCGTGACTCAT_EBUS_49","P1049","EBUS_49","Malignant cells","Epithelial cells",0.0442014029430099,"singlet",0.0308497206255859,"CNV_positive","Malignant supported","Malignant supported","Malignant supported","inferCNV pilot only","Supported within 2,420-cell pilot only","Not assigned"
"AATCCAGAGTCATGCT_EBUS_49","P1049","EBUS_49","Malignant cells","Epithelial cells",0.012484677150364,"singlet",0.0336196399882089,"CNV_positive","Malignant supported","Malignant supported","Malignant supported","inferCNV pilot only","Supported within 2,420-cell pilot only","Not assigned"
"ACATACGGTGCTCTTC_EBUS_49","P1049","EBUS_49","Malignant cells","Epithelial cells",0.000812238279564555,"singlet",0.0264336265340221,"CNV_positive","Malignant supported","Malignant supported","Malignant supported","inferCNV pilot only","Supported within 2,420-cell pilot only","Not assigned"
"CCGTTCAGTGCAACGA_EBUS_49","P1049","EBUS_49","Malignant cells","Epithelial cells",0.343913100439211,"singlet",0.0302725546788719,"CNV_positive","Malignant supported","Malignant supported","Malignant supported","inferCNV pilot only","Supported within 2,420-cell pilot only","Not assigned"
"CAGCCGACAAACCTAC_EBUS_49","P1049","EBUS_49","Malignant cells","Epithelial cells",0.0166886347541312,"singlet",0.0214839635551877,"CNV_uncertain","Uncertain","Uncertain","Malignant supported","inferCNV pilot only","Uncertain within pilot","Not assigned"
"CTGTTTAGTTTGACAC_EBUS_49","P1049","EBUS_49","Malignant cells","Epithelial cells",8.2265337487991e-07,"singlet",0.0244373269861918,"CNV_positive","Malignant supported","Malignant supported","Malignant supported","inferCNV pilot only","Supported within 2,420-cell pilot only","Not assigned"
"GCTTGAATCTTGCCGT_EBUS_49","P1049","EBUS_49","Malignant cells","Epithelial cells",0.0450970021156898,"singlet",0.0383115107074303,"CNV_positive","Malignant supported","Malignant supported","Malignant supported","inferCNV pilot only","Supported within 2,420-cell pilot only","Not assigned"
"CGTTAGAAGCCACCTG_EBUS_49","P1049","EBUS_49","Malignant cells","Epithelial cells",0.0170993631342595,"singlet",0.0247575469110835,"CNV_positive","Malignant supported","Malignant supported","Malignant supported","inferCNV pilot only","Supported within 2,420-cell pilot only","Not assigned"
"GTCGTAATCAAGGCTT_EBUS_49","P1049","EBUS_49","Malignant cells","Epithelial cells",0.0185157398498785,"singlet",0.0406335440143238,"CNV_positive","Malignant supported","Malignant supported","Malignant supported","inferCNV pilot only","Supported within 2,420-cell pilot only","Not assigned"
"CAGGTGCCATATGCTG_EBUS_49","P1049","EBUS_49","Malignant cells","Epithelial cells",8.08423841103994e-06,"singlet",0.0284190354870079,"CNV_positive","Malignant supported","Malignant supported","Malignant supported","inferCNV pilot only","Supported within 2,420-cell pilot only","Not assigned"
"CTACCCAGTAAGTGTA_EBUS_49","P1049","EBUS_49","Malignant cells","Epithelial cells",0.0368404162409493,"singlet",0.0358303770087626,"CNV_positive","Malignant supported","Malignant supported","Malignant supported","inferCNV pilot only","Supported within 2,420-cell pilot only","Not assigned"
"TTTACTGTCTCCAGGG_EBUS_49","P1049","EBUS_49","Malignant cells","Epithelial cells",0.028413912523677,"singlet",0.0152376836327364,"CNV_negative","Uncertain","Uncertain","Uncertain","inferCNV pilot only","Uncertain within pilot","Not assigned"
"TTGCCGTTCGCATGAT_EBUS_49","P1049","EBUS_49","Malignant cells","Epithelial cells",0.243763101391968,"singlet",0.0393104937667466,"CNV_positive","Malignant supported","Malignant supported","Malignant supported","inferCNV pilot only","Supported within 2,420-cell pilot only","Not assigned"
"TGCACCTGTAGCTAAA_EBUS_49","P1049","EBUS_49","Malignant cells","Epithelial cells",0.13084812505739,"singlet",0.0308965626529427,"CNV_positive","Malignant supported","Malignant supported","Malignant supported","inferCNV pilot only","Supported within 2,420-cell pilot only","Not assigned"
"GCGCCAATCAAAGTAG_EBUS_49","P1049","EBUS_49","Malignant cells","Epithelial cells",0.0642284550092845,"singlet",0.0348661744877577,"CNV_positive","Malignant supported","Malignant supported","Malignant supported","inferCNV pilot only","Supported within 2,420-cell pilot only","Not assigned"
"ATCACGATCTACGAGT_EBUS_49","P1049","EBUS_49","Malignant cells","Epithelial cells",0.0538347266034549,"singlet",0.0212473267346122,"CNV_uncertain","Uncertain","Uncertain","Malignant supported","inferCNV pilot only","Uncertain within pilot","Not assigned"
"AACTCAGAGCAGACTG_EBUS_49","P1049","EBUS_49","Malignant cells","Epithelial cells",0.000565592556696085,"singlet",0.0221043297190693,"CNV_uncertain","Uncertain","Uncertain","Malignant supported","inferCNV pilot only","Uncertain within pilot","Not assigned"
"ATCTACTCATGTTGAC_EBUS_49","P1049","EBUS_49","Malignant cells","Epithelial cells",0.234685502267635,"singlet",0.0341404333251017,"CNV_positive","Malignant supported","Malignant supported","Malignant supported","inferCNV pilot only","Supported within 2,420-cell pilot only","Not assigned"
"GGAACTTCATGGTCAT_EBUS_49","P1049","EBUS_49","Malignant cells","Epithelial cells",0.139152210169317,"singlet",0.0307821515273283,"CNV_positive","Malignant supported","Malignant supported","Malignant supported","inferCNV pilot only","Supported within 2,420-cell pilot only","Not assigned"
"CTGATAGAGCGAAGGG_EBUS_49","P1049","EBUS_49","Malignant cells","Epithelial cells",0.0981213524791751,"singlet",0.037126820088805,"CNV_positive","Malignant supported","Malignant supported","Malignant supported","inferCNV pilot only","Supported within 2,420-cell pilot only","Not assigned"
"TATCTCAAGTGGACGT_EBUS_49","P1049","EBUS_49","Malignant cells","Epithelial cells",0.000994866855746527,"singlet",0.025490854047179,"CNV_positive","Malignant supported","Malignant supported","Malignant supported","inferCNV pilot only","Supported within 2,420-cell pilot only","Not assigned"
"TCTGAGAAGGGCTCTC_EBUS_49","P1049","EBUS_49","Malignant cells","Epithelial cells",0.000294356556152455,"singlet",0.0363346602779884,"CNV_positive","Malignant supported","Malignant supported","Malignant supported","inferCNV pilot only","Supported within 2,420-cell pilot only","Not assigned"
"ACTTGTTAGCGGCTTC_EBUS_51","P1051","EBUS_51","Malignant cells","Epithelial cells",0.0903468171411996,"singlet",0.0321621333268254,"CNV_positive","Malignant supported","Malignant supported","Malignant supported","inferCNV pilot only","Supported within 2,420-cell pilot only","Not assigned"
"CCTACACTCTTGGGTA_EBUS_51","P1051","EBUS_51","Malignant cells","Epithelial cells",0.202855419426847,"singlet",0.0266835834374631,"CNV_positive","Malignant supported","Malignant supported","Malignant supported","inferCNV pilot only","Supported within 2,420-cell pilot only","Not assigned"
"GATCTAGTCGGTCCGA_EBUS_51","P1051","EBUS_51","Malignant cells","Epithelial cells",0.222460980829961,"singlet",0.0299234250035145,"CNV_positive","Malignant supported","Malignant supported","Malignant supported","inferCNV pilot only","Supported within 2,420-cell pilot only","Not assigned"
"AAAGCAAAGATGTGTA_EBUS_51","P1051","EBUS_51","Malignant cells","Epithelial cells",0.385642373263413,"doublet",0.0233231490932871,"CNV_uncertain","Uncertain","Uncertain","Uncertain","inferCNV pilot only","Uncertain within pilot","Not assigned"
"TGAGCCGTCCGCAGTG_EBUS_51","P1051","EBUS_51","Malignant cells","Epithelial cells",0.295268479495912,"singlet",0.0355744459514656,"CNV_positive","Malignant supported","Malignant supported","Malignant supported","inferCNV pilot only","Supported within 2,420-cell pilot only","Not assigned"
"GGGATGAAGCGCCTTG_EBUS_51","P1051","EBUS_51","Malignant cells","Epithelial cells",0.281230312582845,"singlet",0.027026533537732,"CNV_positive","Malignant supported","Malignant supported","Malignant supported","inferCNV pilot only","Supported within 2,420-cell pilot only","Not assigned"
"CTTGGCTAGTGGGTTG_EBUS_51","P1051","EBUS_51","Malignant cells","Epithelial cells",0.267197940117762,"singlet",0.0196080441011854,"CNV_negative","Uncertain","Uncertain","Uncertain","inferCNV pilot only","Uncertain within pilot","Not assigned"
"AATCCAGAGGACAGCT_EBUS_51","P1051","EBUS_51","Malignant cells","Epithelial cells",0.319171120147666,"singlet",0.0281285907344369,"CNV_positive","Malignant supported","Malignant supported","Malignant supported","inferCNV pilot only","Supported within 2,420-cell pilot only","Not assigned"
"TTGGCAATCAGGATCT_EBUS_51","P1051","EBUS_51","Malignant cells","Epithelial cells",0.182926831982829,"singlet",0.0298104940075405,"CNV_positive","Malignant supported","Malignant supported","Malignant supported","inferCNV pilot only","Supported within 2,420-cell pilot only","Not assigned"
"AGGTCATGTGCACCAC_EBUS_51","P1051","EBUS_51","Malignant cells","Epithelial cells",0.0801495449545528,"singlet",0.0404068947721401,"CNV_positive","Malignant supported","Malignant supported","Malignant supported","inferCNV pilot only","Supported within 2,420-cell pilot only","Not assigned"
"GACCAATGTCAATGTC_EBUS_51","P1051","EBUS_51","Malignant cells","Epithelial cells",0.311210944509849,"singlet",0.0247140580433665,"CNV_positive","Malignant supported","Malignant supported","Malignant supported","inferCNV pilot only","Supported within 2,420-cell pilot only","Not assigned"
"CGAGCACCAAGTACCT_EBUS_51","P1051","EBUS_51","Malignant cells","Epithelial cells",0.0121951579791684,"singlet",0.0245098815489365,"CNV_positive","Malignant supported","Malignant supported","Malignant supported","inferCNV pilot only","Supported within 2,420-cell pilot only","Not assigned"
"CACAGGCCATGGATGG_EBUS_51","P1051","EBUS_51","Malignant cells","Epithelial cells",0.111547280351262,"singlet",0.0350800676671188,"CNV_positive","Malignant supported","Malignant supported","Malignant supported","inferCNV pilot only","Supported within 2,420-cell pilot only","Not assigned"
"TGCCCATAGCGTGAGT_EBUS_51","P1051","EBUS_51","Malignant cells","Epithelial cells",0.235138881195978,"singlet",0.0285270103850761,"CNV_positive","Malignant supported","Malignant supported","Malignant supported","inferCNV pilot only","Supported within 2,420-cell pilot only","Not assigned"
"GGTATTGGTGAGCGAT_EBUS_51","P1051","EBUS_51","Malignant cells","Epithelial cells",0.286820467032644,"singlet",0.0268390858297392,"CNV_positive","Malignant supported","Malignant supported","Malignant supported","inferCNV pilot only","Supported within 2,420-cell pilot only","Not assigned"
"AGGGTGAAGGGCTCTC_EBUS_51","P1051","EBUS_51","Malignant cells","Epithelial cells",0.158536761981881,"singlet",0.0356774346645916,"CNV_positive","Malignant supported","Malignant supported","Malignant supported","inferCNV pilot only","Supported within 2,420-cell pilot only","Not assigned"
"AGGGTGAGTGCAGGTA_EBUS_51","P1051","EBUS_51","Malignant cells","Epithelial cells",0.121951265564427,"singlet",0.0445826551042333,"CNV_positive","Malignant supported","Malignant supported","Malignant supported","inferCNV pilot only","Supported within 2,420-cell pilot only","Not assigned"
"CGAACATCACACCGCA_EBUS_51","P1051","EBUS_51","Malignant cells","Epithelial cells",0.312787172336861,"singlet",0.027055544709936,"CNV_positive","Malignant supported","Malignant supported","Malignant supported","inferCNV pilot only","Supported within 2,420-cell pilot only","Not assigned"
"ACTGAGTCAGACTCGC_EBUS_51","P1051","EBUS_51","Malignant cells","Epithelial cells",0.351559902479622,"singlet",0.0282952856472365,"CNV_positive","Malignant supported","Malignant supported","Malignant supported","inferCNV pilot only","Supported within 2,420-cell pilot only","Not assigned"
"TCAGCTCCACATGGGA_EBUS_51","P1051","EBUS_51","Malignant cells","Epithelial cells",0.268292682926833,"singlet",0.0391500561801394,"CNV_positive","Malignant supported","Malignant supported","Malignant supported","inferCNV pilot only","Supported within 2,420-cell pilot only","Not assigned"
"GCGCCAACACTATCTT_EBUS_51","P1051","EBUS_51","Malignant cells","Epithelial cells",0.243549710471641,"singlet",0.0263046548225659,"CNV_positive","Malignant supported","Malignant supported","Malignant supported","inferCNV pilot only","Supported within 2,420-cell pilot only","Not assigned"
"ACACCGGGTCTGCAAT_EBUS_51","P1051","EBUS_51","Malignant cells","Epithelial cells",0.195122606033664,"singlet",0.0276702933757455,"CNV_positive","Malignant supported","Malignant supported","Malignant supported","inferCNV pilot only","Supported within 2,420-cell pilot only","Not assigned"
"TCTTCGGTCTGGGCCA_EBUS_51","P1051","EBUS_51","Malignant cells","Epithelial cells",0.241215396398,"singlet",0.0243574452105141,"CNV_positive","Malignant supported","Malignant supported","Malignant supported","inferCNV pilot only","Supported within 2,420-cell pilot only","Not assigned"
"ACTATCTCATCCAACA_EBUS_51","P1051","EBUS_51","Malignant cells","Epithelial cells",0.0508226995812482,"singlet",0.0211463316162031,"CNV_uncertain","Uncertain","Uncertain","Malignant supported","inferCNV pilot only","Uncertain within pilot","Not assigned"
"GTAGGCCGTCACTTCC_EBUS_51","P1051","EBUS_51","Malignant cells","Epithelial cells",0.0808340952361113,"singlet",0.0271813798640495,"CNV_positive","Malignant supported","Malignant supported","Malignant supported","inferCNV pilot only","Supported within 2,420-cell pilot only","Not assigned"
"GTCCTCAAGGTAGCCA_EBUS_51","P1051","EBUS_51","Malignant cells","Epithelial cells",0.6745251794691,"doublet",0.0199579713794613,"CNV_negative","Uncertain","Uncertain","Uncertain","inferCNV pilot only","Uncertain within pilot","Not assigned"
"GACACGCAGAAGGACA_EBUS_51","P1051","EBUS_51","Malignant cells","Epithelial cells",0.109764382532409,"singlet",0.0247717541324721,"CNV_positive","Malignant supported","Malignant supported","Malignant supported","inferCNV pilot only","Supported within 2,420-cell pilot only","Not assigned"
"GTTCATTGTTAAGACA_EBUS_51","P1051","EBUS_51","Malignant cells","Epithelial cells",0.048780487804878,"singlet",0.0218540595232376,"CNV_uncertain","Uncertain","Uncertain","Malignant supported","inferCNV pilot only","Uncertain within pilot","Not assigned"
"TTAGTTCCATGCTGGC_EBUS_51","P1051","EBUS_51","Malignant cells","Epithelial cells",0.350566393097756,"singlet",0.0284077120194246,"CNV_positive","Malignant supported","Malignant supported","Malignant supported","inferCNV pilot only","Supported within 2,420-cell pilot only","Not assigned"
"GATGAAAGTTCCACAA_EBUS_51","P1051","EBUS_51","Malignant cells","Epithelial cells",0.287545074874285,"singlet",0.0231382468238626,"CNV_uncertain","Uncertain","Uncertain","Malignant supported","inferCNV pilot only","Uncertain within pilot","Not assigned"
"GTTCTCGCAGGGCATA_EBUS_51","P1051","EBUS_51","Malignant cells","Epithelial cells",0.25210316803946,"singlet",0.027872981545512,"CNV_positive","Malignant supported","Malignant supported","Malignant supported","inferCNV pilot only","Supported within 2,420-cell pilot only","Not assigned"
"GTCACGGCACTTAACG_EBUS_51","P1051","EBUS_51","Malignant cells","Epithelial cells",0.0502380145158266,"singlet",0.0396805198506536,"CNV_positive","Malignant supported","Malignant supported","Malignant supported","inferCNV pilot only","Supported within 2,420-cell pilot only","Not assigned"
"GAACGGATCTGGTGTA_EBUS_51","P1051","EBUS_51","Malignant cells","Epithelial cells",0.34176238614571,"singlet",0.0222581513062951,"CNV_uncertain","Uncertain","Uncertain","Malignant supported","inferCNV pilot only","Uncertain within pilot","Not assigned"
"ATGGGAGCAATTCCTT_EBUS_51","P1051","EBUS_51","Malignant cells","Epithelial cells",0.0490244583269697,"singlet",0.0354431785584644,"CNV_positive","Malignant supported","Malignant supported","Malignant supported","inferCNV pilot only","Supported within 2,420-cell pilot only","Not assigned"
"CGTTCTGTCCGTAGGC_EBUS_51","P1051","EBUS_51","Malignant cells","Epithelial cells",0.285139967910371,"singlet",0.0250199656249826,"CNV_positive","Malignant supported","Malignant supported","Malignant supported","inferCNV pilot only","Supported within 2,420-cell pilot only","Not assigned"
"CTGCGGATCAACACAC_EBUS_51","P1051","EBUS_51","Malignant cells","Epithelial cells",0.291508789196029,"singlet",0.0336167181903386,"CNV_positive","Malignant supported","Malignant supported","Malignant supported","inferCNV pilot only","Supported within 2,420-cell pilot only","Not assigned"
"CGTGTAAAGCTAACAA_EBUS_51","P1051","EBUS_51","Malignant cells","Epithelial cells",0.141077375365875,"singlet",0.0269559104829619,"CNV_positive","Malignant supported","Malignant supported","Malignant supported","inferCNV pilot only","Supported within 2,420-cell pilot only","Not assigned"
"GTTCTCGAGGCGTACA_EBUS_51","P1051","EBUS_51","Malignant cells","Epithelial cells",0.329268568337364,"singlet",0.0303565057904127,"CNV_positive","Malignant supported","Malignant supported","Malignant supported","inferCNV pilot only","Supported within 2,420-cell pilot only","Not assigned"
"AGCCTAAGTCAGAATA_EBUS_51","P1051","EBUS_51","Malignant cells","Epithelial cells",0.243918048133676,"singlet",0.0283171217771468,"CNV_positive","Malignant supported","Malignant supported","Malignant supported","inferCNV pilot only","Supported within 2,420-cell pilot only","Not assigned"
"CTAATGGCAATGACCT_EBUS_51","P1051","EBUS_51","Malignant cells","Epithelial cells",0.0995758413630795,"singlet",0.030016183673657,"CNV_positive","Malignant supported","Malignant supported","Malignant supported","inferCNV pilot only","Supported within 2,420-cell pilot only","Not assigned"
"AGCGTCGGTACGCACC_EBUS_51","P1051","EBUS_51","Malignant cells","Epithelial cells",0.182931597603771,"singlet",0.0203933964359288,"CNV_negative","Uncertain","Uncertain","Uncertain","inferCNV pilot only","Uncertain within pilot","Not assigned"
"GCATACATCTGCAGTA_EBUS_51","P1051","EBUS_51","Malignant cells","Epithelial cells",0.174011334240935,"singlet",0.024849915388809,"CNV_positive","Malignant supported","Malignant supported","Malignant supported","inferCNV pilot only","Supported within 2,420-cell pilot only","Not assigned"
"ACCGTAACACACCGCA_EBUS_51","P1051","EBUS_51","Malignant cells","Epithelial cells",0.299229687040654,"singlet",0.0339691919153019,"CNV_positive","Malignant supported","Malignant supported","Malignant supported","inferCNV pilot only","Supported within 2,420-cell pilot only","Not assigned"
"CTTCTCTCAAACGCGA_EBUS_51","P1051","EBUS_51","Malignant cells","Epithelial cells",0.320627680907667,"singlet",0.0280873971240808,"CNV_positive","Malignant supported","Malignant supported","Malignant supported","inferCNV pilot only","Supported within 2,420-cell pilot only","Not assigned"
"TTAGGCACATCTCCCA_EBUS_51","P1051","EBUS_51","Malignant cells","Epithelial cells",0.0121951219512195,"singlet",0.0245550906392769,"CNV_positive","Malignant supported","Malignant supported","Malignant supported","inferCNV pilot only","Supported within 2,420-cell pilot only","Not assigned"
"CCTTTCTTCAAACCGT_EBUS_51","P1051","EBUS_51","Malignant cells","Epithelial cells",0.0859611159132902,"singlet",0.0303966147202186,"CNV_positive","Malignant supported","Malignant supported","Malignant supported","inferCNV pilot only","Supported within 2,420-cell pilot only","Not assigned"
"GTTCTCGTCGTGGGAA_EBUS_51","P1051","EBUS_51","Malignant cells","Epithelial cells",0.220272443885337,"singlet",0.0262492707623674,"CNV_positive","Malignant supported","Malignant supported","Malignant supported","inferCNV pilot only","Supported within 2,420-cell pilot only","Not assigned"
"ACGCAGCGTTTGACAC_EBUS_51","P1051","EBUS_51","Malignant cells","Epithelial cells",0.146341463415374,"singlet",0.00962777936899713,"CNV_negative","Uncertain","Uncertain","Uncertain","inferCNV pilot only","Uncertain within pilot","Not assigned"
"CCAATCCAGGCCCTCA_EBUS_51","P1051","EBUS_51","Malignant cells","Epithelial cells",0.208326331656995,"singlet",0.02680056224593,"CNV_positive","Malignant supported","Malignant supported","Malignant supported","inferCNV pilot only","Supported within 2,420-cell pilot only","Not assigned"
"ATAGACCTCCCTTGTG_EBUS_51","P1051","EBUS_51","Malignant cells","Epithelial cells",0.309815881668828,"singlet",0.0359440725337095,"CNV_positive","Malignant supported","Malignant supported","Malignant supported","inferCNV pilot only","Supported within 2,420-cell pilot only","Not assigned"
"CGGAGCTCAGATCGGA_BRONCHO_58","P1058","BRONCHO_58","Malignant cells","Epithelial cells",0.380352537927688,"singlet",0.0301578142554213,"CNV_positive","Malignant supported","Malignant supported","Malignant supported","inferCNV pilot only","Supported within 2,420-cell pilot only","Not assigned"
"CCTACCATCTGTTGAG_BRONCHO_58","P1058","BRONCHO_58","Malignant cells","Epithelial cells",0.0789474888395267,"singlet",0.0258148627148641,"CNV_positive","Malignant supported","Malignant supported","Malignant supported","inferCNV pilot only","Supported within 2,420-cell pilot only","Not assigned"
"ATTACTCAGGCATGTG_BRONCHO_58","P1058","BRONCHO_58","Malignant cells","Epithelial cells",0.0526315789473684,"singlet",0.0153566679013051,"CNV_negative","Uncertain","Uncertain","Uncertain","inferCNV pilot only","Uncertain within pilot","Not assigned"
"TTCTCCTCAGCTTCGG_BRONCHO_58","P1058","BRONCHO_58","Malignant cells","Epithelial cells",0.0630072414522107,"singlet",0.017325829641899,"CNV_negative","Uncertain","Uncertain","Uncertain","inferCNV pilot only","Uncertain within pilot","Not assigned"
"GAAGCAGTCGAGAACG_BRONCHO_58","P1058","BRONCHO_58","Malignant cells","Epithelial cells",0.0131578947368421,"singlet",0.0270351717067925,"CNV_positive","Malignant supported","Malignant supported","Malignant supported","inferCNV pilot only","Supported within 2,420-cell pilot only","Not assigned"
"CGCTTCATCTTTACGT_BRONCHO_58","P1058","BRONCHO_58","Malignant cells","Epithelial cells",0.334490003206087,"singlet",0.028474187318933,"CNV_positive","Malignant supported","Malignant supported","Malignant supported","inferCNV pilot only","Supported within 2,420-cell pilot only","Not assigned"
"TGAGGGAAGGTGGGTT_BRONCHO_58","P1058","BRONCHO_58","Malignant cells","Epithelial cells",0.282101627939032,"singlet",0.0283347456094006,"CNV_positive","Malignant supported","Malignant supported","Malignant supported","inferCNV pilot only","Supported within 2,420-cell pilot only","Not assigned"
"GGAGCAAAGATGCCAG_BRONCHO_58","P1058","BRONCHO_58","Malignant cells","Epithelial cells",0.227850929029334,"singlet",0.0324347925131795,"CNV_positive","Malignant supported","Malignant supported","Malignant supported","inferCNV pilot only","Supported within 2,420-cell pilot only","Not assigned"
"AAGTCTGTCGCCTGAG_BRONCHO_58","P1058","BRONCHO_58","Malignant cells","Epithelial cells",0.209406070608623,"singlet",0.0319472683156221,"CNV_positive","Malignant supported","Malignant supported","Malignant supported","inferCNV pilot only","Supported within 2,420-cell pilot only","Not assigned"
"GGGACCTTCTCAAGTG_BRONCHO_58","P1058","BRONCHO_58","Malignant cells","Epithelial cells",0.109605993364068,"singlet",0.0210443084580306,"CNV_uncertain","Uncertain","Uncertain","Malignant supported","inferCNV pilot only","Uncertain within pilot","Not assigned"
"TGAGCCGTCTTGGGTA_BRONCHO_58","P1058","BRONCHO_58","Malignant cells","Epithelial cells",0.133871559720257,"singlet",0.0176378805505107,"CNV_negative","Uncertain","Uncertain","Uncertain","inferCNV pilot only","Uncertain within pilot","Not assigned"
"TCTTTCCCACCAACCG_BRONCHO_58","P1058","BRONCHO_58","Malignant cells","Epithelial cells",0.432373931774086,"doublet",0.0341495433768215,"CNV_positive","Uncertain","Uncertain","Uncertain","inferCNV pilot only","Uncertain within pilot","Not assigned"
"CTGCCTAAGATAGCAT_BRONCHO_58","P1058","BRONCHO_58","Malignant cells","Epithelial cells",0.22468883241157,"singlet",0.0263322968941714,"CNV_positive","Malignant supported","Malignant supported","Malignant supported","inferCNV pilot only","Supported within 2,420-cell pilot only","Not assigned"
"CTCTGGTTCGAACGGA_BRONCHO_58","P1058","BRONCHO_58","Malignant cells","Epithelial cells",0.302092715731054,"singlet",0.0300622564816916,"CNV_positive","Malignant supported","Malignant supported","Malignant supported","inferCNV pilot only","Supported within 2,420-cell pilot only","Not assigned"
"GCATGTAGTCACTTCC_BRONCHO_58","P1058","BRONCHO_58","Malignant cells","Epithelial cells",0.264051846089078,"singlet",0.0296291253309375,"CNV_positive","Malignant supported","Malignant supported","Malignant supported","inferCNV pilot only","Supported within 2,420-cell pilot only","Not assigned"
"CGGCTAGAGCGATGAC_BRONCHO_58","P1058","BRONCHO_58","Malignant cells","Epithelial cells",0.080185017798549,"singlet",0.0322219134303503,"CNV_positive","Malignant supported","Malignant supported","Malignant supported","inferCNV pilot only","Supported within 2,420-cell pilot only","Not assigned"
"TTCCCAGCACGCATCG_BRONCHO_58","P1058","BRONCHO_58","Malignant cells","Epithelial cells",1.72788388745532e-12,"singlet",0.0173229729642349,"CNV_negative","Uncertain","Uncertain","Uncertain","inferCNV pilot only","Uncertain within pilot","Not assigned"
"CGACCTTGTGCTGTAT_BRONCHO_58","P1058","BRONCHO_58","Malignant cells","Epithelial cells",0.382467064052167,"doublet",0.0246990827998755,"CNV_positive","Uncertain","Uncertain","Uncertain","inferCNV pilot only","Uncertain within pilot","Not assigned"
"AAGGTTCTCACGAAGG_BRONCHO_58","P1058","BRONCHO_58","Malignant cells","Epithelial cells",0.0409900997988746,"singlet",0.031084121553301,"CNV_positive","Malignant supported","Malignant supported","Malignant supported","inferCNV pilot only","Supported within 2,420-cell pilot only","Not assigned"
"CTCGTACAGCGTAATA_BRONCHO_58","P1058","BRONCHO_58","Malignant cells","Epithelial cells",0.185345869347921,"singlet",0.0348383873943887,"CNV_positive","Malignant supported","Malignant supported","Malignant supported","inferCNV pilot only","Supported within 2,420-cell pilot only","Not assigned"
"GGACGTCTCTGGTATG_BRONCHO_58","P1058","BRONCHO_58","Malignant cells","Epithelial cells",0.223684224216061,"singlet",0.0368354449255443,"CNV_positive","Malignant supported","Malignant supported","Malignant supported","inferCNV pilot only","Supported within 2,420-cell pilot only","Not assigned"
"CAGTAACGTAGGCTGA_BRONCHO_58","P1058","BRONCHO_58","Malignant cells","Epithelial cells",0.584511426361818,"doublet",0.0267953016084404,"CNV_positive","Uncertain","Uncertain","Uncertain","inferCNV pilot only","Uncertain within pilot","Not assigned"
"AGCGTCGAGCCCAACC_BRONCHO_58","P1058","BRONCHO_58","Malignant cells","Epithelial cells",0.0131579270808908,"singlet",0.0261240411314757,"CNV_positive","Malignant supported","Malignant supported","Malignant supported","inferCNV pilot only","Supported within 2,420-cell pilot only","Not assigned"
"CCTATTAAGTGTCTCA_BRONCHO_58","P1058","BRONCHO_58","Malignant cells","Epithelial cells",0.0527918461886055,"singlet",0.0254569384743908,"CNV_positive","Malignant supported","Malignant supported","Malignant supported","inferCNV pilot only","Supported within 2,420-cell pilot only","Not assigned"
"GAAACTCTCATCGCTC_BRONCHO_58","P1058","BRONCHO_58","Malignant cells","Epithelial cells",0.0664733769433064,"singlet",0.0332552502618476,"CNV_positive","Malignant supported","Malignant supported","Malignant supported","inferCNV pilot only","Supported within 2,420-cell pilot only","Not assigned"
"AGAGTGGCACATCTTT_BRONCHO_58","P1058","BRONCHO_58","Malignant cells","Epithelial cells",0.013178196749877,"singlet",0.0225302657166731,"CNV_uncertain","Uncertain","Uncertain","Malignant supported","inferCNV pilot only","Uncertain within pilot","Not assigned"
"GCTTGAACAGACGTAG_BRONCHO_58","P1058","BRONCHO_58","Malignant cells","Epithelial cells",0.310605153724544,"singlet",0.0286994805539536,"CNV_positive","Malignant supported","Malignant supported","Malignant supported","inferCNV pilot only","Supported within 2,420-cell pilot only","Not assigned"
"TGATTTCAGATATGGT_BRONCHO_58","P1058","BRONCHO_58","Malignant cells","Epithelial cells",0.25552045083452,"singlet",0.0287915644068478,"CNV_positive","Malignant supported","Malignant supported","Malignant supported","inferCNV pilot only","Supported within 2,420-cell pilot only","Not assigned"
"TGCGCAGTCATACGGT_BRONCHO_58","P1058","BRONCHO_58","Malignant cells","Epithelial cells",0.118421052784459,"singlet",0.0293164548987355,"CNV_positive","Malignant supported","Malignant supported","Malignant supported","inferCNV pilot only","Supported within 2,420-cell pilot only","Not assigned"
"TTCGGTCGTGCCTGTG_BRONCHO_58","P1058","BRONCHO_58","Malignant cells","Epithelial cells",0.0789474989883266,"singlet",0.0142309335271776,"CNV_negative","Uncertain","Uncertain","Uncertain","inferCNV pilot only","Uncertain within pilot","Not assigned"
"GCGGGTTAGATGTTAG_BRONCHO_58","P1058","BRONCHO_58","Malignant cells","Epithelial cells",5.28108284970516e-13,"singlet",0.0246051363709046,"CNV_positive","Malignant supported","Malignant supported","Malignant supported","inferCNV pilot only","Supported within 2,420-cell pilot only","Not assigned"
"CTAGTGACAGTCGATT_BRONCHO_58","P1058","BRONCHO_58","Malignant cells","Epithelial cells",0.396398334717461,"doublet",0.0349359069491653,"CNV_positive","Uncertain","Uncertain","Uncertain","inferCNV pilot only","Uncertain within pilot","Not assigned"
"AGGGAGTAGCTCTCGG_BRONCHO_58","P1058","BRONCHO_58","Malignant cells","Epithelial cells",0.526315789473684,"doublet",0.0281580538696684,"CNV_positive","Uncertain","Uncertain","Uncertain","inferCNV pilot only","Uncertain within pilot","Not assigned"
"TTGAACGGTCATCGGC_BRONCHO_58","P1058","BRONCHO_58","Malignant cells","Epithelial cells",0.262595134677298,"singlet",0.0314002781809983,"CNV_positive","Malignant supported","Malignant supported","Malignant supported","inferCNV pilot only","Supported within 2,420-cell pilot only","Not assigned"
"TACGGGCGTTCTGAAC_BRONCHO_58","P1058","BRONCHO_58","Malignant cells","Epithelial cells",0.0131578947368421,"singlet",0.0238132553862056,"CNV_positive","Malignant supported","Malignant supported","Malignant supported","inferCNV pilot only","Supported within 2,420-cell pilot only","Not assigned"
"CATCAGAGTAGCGCAA_BRONCHO_58","P1058","BRONCHO_58","Malignant cells","Epithelial cells",0.0789473684213185,"singlet",0.0233334964540178,"CNV_uncertain","Uncertain","Uncertain","Malignant supported","inferCNV pilot only","Uncertain within pilot","Not assigned"
"TAGCCGGAGCGTCAAG_BRONCHO_58","P1058","BRONCHO_58","Malignant cells","Epithelial cells",0.0131712758268463,"singlet",0.0283460440037849,"CNV_positive","Malignant supported","Malignant supported","Malignant supported","inferCNV pilot only","Supported within 2,420-cell pilot only","Not assigned"
"TGGGCGTAGTATGACA_BRONCHO_58","P1058","BRONCHO_58","Malignant cells","Epithelial cells",0.252041205379889,"singlet",0.025633468225514,"CNV_positive","Malignant supported","Malignant supported","Malignant supported","inferCNV pilot only","Supported within 2,420-cell pilot only","Not assigned"
"ACGAGGATCTCACATT_BRONCHO_58","P1058","BRONCHO_58","Malignant cells","Epithelial cells",0.597074783480546,"doublet",0.0335415035721609,"CNV_positive","Uncertain","Uncertain","Uncertain","inferCNV pilot only","Uncertain within pilot","Not assigned"
"TCGCGAGAGTAGTGCG_BRONCHO_58","P1058","BRONCHO_58","Malignant cells","Epithelial cells",0.172124224558127,"singlet",0.0259985686999612,"CNV_positive","Malignant supported","Malignant supported","Malignant supported","inferCNV pilot only","Supported within 2,420-cell pilot only","Not assigned"
"CAGAGAGAGGCTACGA_BRONCHO_58","P1058","BRONCHO_58","Malignant cells","Epithelial cells",0.390643040681262,"doublet",0.0276659521173341,"CNV_positive","Uncertain","Uncertain","Uncertain","inferCNV pilot only","Uncertain within pilot","Not assigned"
"GTCTTCGAGCAGACTG_BRONCHO_58","P1058","BRONCHO_58","Malignant cells","Epithelial cells",0.197368421076266,"singlet",0.0329787578266634,"CNV_positive","Malignant supported","Malignant supported","Malignant supported","inferCNV pilot only","Supported within 2,420-cell pilot only","Not assigned"
"TCAACGACAAAGGTGC_BRONCHO_58","P1058","BRONCHO_58","Malignant cells","Epithelial cells",3.69334860641731e-07,"singlet",0.0283154061896066,"CNV_positive","Malignant supported","Malignant supported","Malignant supported","inferCNV pilot only","Supported within 2,420-cell pilot only","Not assigned"
"CTGGTCTCAGGCAGTA_BRONCHO_58","P1058","BRONCHO_58","Malignant cells","Epithelial cells",0.159684958278762,"singlet",0.0306476100620168,"CNV_positive","Malignant supported","Malignant supported","Malignant supported","inferCNV pilot only","Supported within 2,420-cell pilot only","Not assigned"
"GTCGGGTGTGAGGGTT_BRONCHO_58","P1058","BRONCHO_58","Malignant cells","Epithelial cells",0.240371385379158,"singlet",0.0292070964501532,"CNV_positive","Malignant supported","Malignant supported","Malignant supported","inferCNV pilot only","Supported within 2,420-cell pilot only","Not assigned"
"TCGTACCCATATACCG_BRONCHO_58","P1058","BRONCHO_58","Malignant cells","Epithelial cells",0.0304445306860538,"singlet",0.0268651262789701,"CNV_positive","Malignant supported","Malignant supported","Malignant supported","inferCNV pilot only","Supported within 2,420-cell pilot only","Not assigned"
"TGTATTCTCGCCAAAT_BRONCHO_58","P1058","BRONCHO_58","Malignant cells","Epithelial cells",0.0921052631578947,"singlet",0.0101272650783045,"CNV_negative","Uncertain","Uncertain","Uncertain","inferCNV pilot only","Uncertain within pilot","Not assigned"
"GTACTCCGTCCGTCAG_BRONCHO_58","P1058","BRONCHO_58","Malignant cells","Epithelial cells",0.0922759664225836,"singlet",0.0297373793765511,"CNV_positive","Malignant supported","Malignant supported","Malignant supported","inferCNV pilot only","Supported within 2,420-cell pilot only","Not assigned"
"CACCTTGTCTCAAACG_BRONCHO_58","P1058","BRONCHO_58","Malignant cells","Epithelial cells",0.0526315886231336,"singlet",0.0211563149483348,"CNV_uncertain","Uncertain","Uncertain","Malignant supported","inferCNV pilot only","Uncertain within pilot","Not assigned"
"TGTTCCGCATTTGCCC_BRONCHO_58","P1058","BRONCHO_58","Malignant cells","Epithelial cells",0.118040852571908,"singlet",0.0356999567273353,"CNV_positive","Malignant supported","Malignant supported","Malignant supported","inferCNV pilot only","Supported within 2,420-cell pilot only","Not assigned"
"AAGGCAGGTGATGATA_NS_02","P3002","NS_02","Malignant cells","Epithelial cells",0.0636778002950807,"singlet",0.0243595262293301,"CNV_positive","Malignant supported","Malignant supported","Malignant supported","inferCNV pilot only","Supported within 2,420-cell pilot only","Not assigned"
"CACACAAGTCATTAGC_NS_02","P3002","NS_02","Malignant cells","Epithelial cells",0.128660097530595,"singlet",0.0253923900356367,"CNV_positive","Malignant supported","Malignant supported","Malignant supported","inferCNV pilot only","Supported within 2,420-cell pilot only","Not assigned"
"CCTAAAGAGTGGGATC_NS_02","P3002","NS_02","Malignant cells","Epithelial cells",0.185249029819091,"singlet",0.0353177113726503,"CNV_positive","Malignant supported","Malignant supported","Malignant supported","inferCNV pilot only","Supported within 2,420-cell pilot only","Not assigned"
"TGACGGCTCAAACGGG_NS_02","P3002","NS_02","Malignant cells","Epithelial cells",0.158884898615412,"singlet",0.0290840581984893,"CNV_positive","Malignant supported","Malignant supported","Malignant supported","inferCNV pilot only","Supported within 2,420-cell pilot only","Not assigned"
"AAATGCCGTTGGTAAA_NS_02","P3002","NS_02","Malignant cells","Epithelial cells",0.0428571431226299,"singlet",0.0225948139696482,"CNV_uncertain","Uncertain","Uncertain","Malignant supported","inferCNV pilot only","Uncertain within pilot","Not assigned"
"CCGTACTAGCTGTCTA_NS_02","P3002","NS_02","Malignant cells","Epithelial cells",0.261781423151466,"singlet",0.0294951312463551,"CNV_positive","Malignant supported","Malignant supported","Malignant supported","inferCNV pilot only","Supported within 2,420-cell pilot only","Not assigned"
"TAAGCGTGTCGGATCC_NS_02","P3002","NS_02","Malignant cells","Epithelial cells",0.15009667993849,"singlet",0.0510081706144004,"CNV_positive","Malignant supported","Malignant supported","Malignant supported","inferCNV pilot only","Supported within 2,420-cell pilot only","Not assigned"
"AGAATAGCATGTCGAT_NS_02","P3002","NS_02","Malignant cells","Epithelial cells",0.0142857143007038,"singlet",0.0194989740261345,"CNV_negative","Uncertain","Uncertain","Uncertain","inferCNV pilot only","Uncertain within pilot","Not assigned"
"ACGATACTCCTAGTGA_NS_02","P3002","NS_02","Malignant cells","Epithelial cells",0.115501534216638,"singlet",0.0386311900759808,"CNV_positive","Malignant supported","Malignant supported","Malignant supported","inferCNV pilot only","Supported within 2,420-cell pilot only","Not assigned"
"GGGCACTAGAATGTGT_NS_02","P3002","NS_02","Malignant cells","Epithelial cells",0.104024488204928,"singlet",0.0329472010520085,"CNV_positive","Malignant supported","Malignant supported","Malignant supported","inferCNV pilot only","Supported within 2,420-cell pilot only","Not assigned"
"CGTCCATGTTCGTTGA_NS_02","P3002","NS_02","Malignant cells","Epithelial cells",0.0913716271964352,"singlet",0.0292539529472161,"CNV_positive","Malignant supported","Malignant supported","Malignant supported","inferCNV pilot only","Supported within 2,420-cell pilot only","Not assigned"
"AACTTTCCAATGAAAC_NS_02","P3002","NS_02","Malignant cells","Epithelial cells",0.117833842490372,"singlet",0.028950558553766,"CNV_positive","Malignant supported","Malignant supported","Malignant supported","inferCNV pilot only","Supported within 2,420-cell pilot only","Not assigned"
"ATCTGCCAGCCAGTAG_NS_02","P3002","NS_02","Malignant cells","Epithelial cells",6.68161860913784e-06,"singlet",0.020761142008673,"CNV_uncertain","Uncertain","Uncertain","Malignant supported","inferCNV pilot only","Uncertain within pilot","Not assigned"
"CGGTTAAGTTCCCTTG_NS_02","P3002","NS_02","Malignant cells","Epithelial cells",0.141396535774788,"singlet",0.0268318207331295,"CNV_positive","Malignant supported","Malignant supported","Malignant supported","inferCNV pilot only","Supported within 2,420-cell pilot only","Not assigned"
"ACTGCTCAGCCAGAAC_NS_02","P3002","NS_02","Malignant cells","Epithelial cells",0.114511287977615,"singlet",0.0362099332351402,"CNV_positive","Malignant supported","Malignant supported","Malignant supported","inferCNV pilot only","Supported within 2,420-cell pilot only","Not assigned"
"CTCTAATTCGTAGATC_NS_02","P3002","NS_02","Malignant cells","Epithelial cells",2.30741447199348e-06,"singlet",0.0257778334509941,"CNV_positive","Malignant supported","Malignant supported","Malignant supported","inferCNV pilot only","Supported within 2,420-cell pilot only","Not assigned"
"TACGGTACACATTTCT_NS_02","P3002","NS_02","Malignant cells","Epithelial cells",0.207733392386448,"singlet",0.0251123377919725,"CNV_positive","Malignant supported","Malignant supported","Malignant supported","inferCNV pilot only","Supported within 2,420-cell pilot only","Not assigned"
"TACCTATAGACAGAGA_NS_02","P3002","NS_02","Malignant cells","Epithelial cells",0.0643718453918956,"singlet",0.0250628689276085,"CNV_positive","Malignant supported","Malignant supported","Malignant supported","inferCNV pilot only","Supported within 2,420-cell pilot only","Not assigned"
"CTGTTTACAATAAGCA_NS_02","P3002","NS_02","Malignant cells","Epithelial cells",0.0747575871929227,"singlet",0.025782985028791,"CNV_positive","Malignant supported","Malignant supported","Malignant supported","inferCNV pilot only","Supported within 2,420-cell pilot only","Not assigned"
"GTAGTCAGTTAAAGAC_NS_02","P3002","NS_02","Malignant cells","Epithelial cells",0.186915624051545,"singlet",0.0186249292904139,"CNV_negative","Uncertain","Uncertain","Uncertain","inferCNV pilot only","Uncertain within pilot","Not assigned"
"ACCAGTATCACCGTAA_NS_02","P3002","NS_02","Malignant cells","Epithelial cells",0.221945530853002,"singlet",0.0254358793543678,"CNV_positive","Malignant supported","Malignant supported","Malignant supported","inferCNV pilot only","Supported within 2,420-cell pilot only","Not assigned"
"TTTGTCATCATAAAGG_NS_02","P3002","NS_02","Malignant cells","Epithelial cells",0.149357972974471,"singlet",0.0152210768539184,"CNV_negative","Uncertain","Uncertain","Uncertain","inferCNV pilot only","Uncertain within pilot","Not assigned"
"CGACTTCAGCTGCGAA_NS_02","P3002","NS_02","Malignant cells","Epithelial cells",0.242879436398972,"singlet",0.0566948631139618,"CNV_positive","Malignant supported","Malignant supported","Malignant supported","inferCNV pilot only","Supported within 2,420-cell pilot only","Not assigned"
"ACCGTAATCTGTTGAG_NS_02","P3002","NS_02","Malignant cells","Epithelial cells",0.246552714140004,"singlet",0.0215789071103428,"CNV_uncertain","Uncertain","Uncertain","Malignant supported","inferCNV pilot only","Uncertain within pilot","Not assigned"
"CGTGTAATCATATCGG_NS_02","P3002","NS_02","Malignant cells","Epithelial cells",0.0600550241454599,"singlet",0.0302217302543736,"CNV_positive","Malignant supported","Malignant supported","Malignant supported","inferCNV pilot only","Supported within 2,420-cell pilot only","Not assigned"
"CTACACCCAAGACGTG_NS_02","P3002","NS_02","Malignant cells","Epithelial cells",0.0428571428774574,"singlet",0.014150974324147,"CNV_negative","Uncertain","Uncertain","Uncertain","inferCNV pilot only","Uncertain within pilot","Not assigned"
"GGCTGGTCATCTCGCT_NS_02","P3002","NS_02","Malignant cells","Epithelial cells",0.122852484718954,"singlet",0.0332193167484502,"CNV_positive","Malignant supported","Malignant supported","Malignant supported","inferCNV pilot only","Supported within 2,420-cell pilot only","Not assigned"
"GTTCGGGGTTTGTTTC_NS_02","P3002","NS_02","Malignant cells","Epithelial cells",0.0857144630860674,"singlet",0.0388109358063267,"CNV_positive","Malignant supported","Malignant supported","Malignant supported","inferCNV pilot only","Supported within 2,420-cell pilot only","Not assigned"
"TCCACACTCCCTAACC_NS_02","P3002","NS_02","Malignant cells","Epithelial cells",0.165543819807672,"singlet",0.0310860625739958,"CNV_positive","Malignant supported","Malignant supported","Malignant supported","inferCNV pilot only","Supported within 2,420-cell pilot only","Not assigned"
"AACGTTGAGAATGTGT_NS_02","P3002","NS_02","Malignant cells","Epithelial cells",0.0483250632849555,"singlet",0.0380344729921948,"CNV_positive","Malignant supported","Malignant supported","Malignant supported","inferCNV pilot only","Supported within 2,420-cell pilot only","Not assigned"
"CGTCTACTCACTATTC_NS_02","P3002","NS_02","Malignant cells","Epithelial cells",0.0769386025580534,"singlet",0.0278824400748938,"CNV_positive","Malignant supported","Malignant supported","Malignant supported","inferCNV pilot only","Supported within 2,420-cell pilot only","Not assigned"
"TCCCGATGTACTTAGC_NS_02","P3002","NS_02","Malignant cells","Epithelial cells",0.0905166375021157,"singlet",0.0262251661354322,"CNV_positive","Malignant supported","Malignant supported","Malignant supported","inferCNV pilot only","Supported within 2,420-cell pilot only","Not assigned"
"TTGACTTAGCGATGAC_NS_02","P3002","NS_02","Malignant cells","Epithelial cells",0.000434575317450709,"singlet",0.0205184092574068,"CNV_negative","Uncertain","Uncertain","Uncertain","inferCNV pilot only","Uncertain within pilot","Not assigned"
"GATGCTATCAGGTTCA_NS_02","P3002","NS_02","Malignant cells","Epithelial cells",0.0605860897281094,"singlet",0.0285193734446023,"CNV_positive","Malignant supported","Malignant supported","Malignant supported","inferCNV pilot only","Supported within 2,420-cell pilot only","Not assigned"
"GTATCTTAGAGACTTA_NS_02","P3002","NS_02","Malignant cells","Epithelial cells",0.0142880003969934,"singlet",0.0183976943505024,"CNV_negative","Uncertain","Uncertain","Uncertain","inferCNV pilot only","Uncertain within pilot","Not assigned"
"ACCGTAATCAGTGTTG_NS_02","P3002","NS_02","Malignant cells","Epithelial cells",0.0927416550915744,"singlet",0.0280026773699509,"CNV_positive","Malignant supported","Malignant supported","Malignant supported","inferCNV pilot only","Supported within 2,420-cell pilot only","Not assigned"
"TCACAAGTCACAATGC_NS_02","P3002","NS_02","Malignant cells","Epithelial cells",0.215462449857956,"singlet",0.0316708771977962,"CNV_positive","Malignant supported","Malignant supported","Malignant supported","inferCNV pilot only","Supported within 2,420-cell pilot only","Not assigned"
"TACAGTGCACTAGTAC_NS_02","P3002","NS_02","Malignant cells","Epithelial cells",0.0914558625522168,"singlet",0.030124723540736,"CNV_positive","Malignant supported","Malignant supported","Malignant supported","inferCNV pilot only","Supported within 2,420-cell pilot only","Not assigned"
"GCTTGAACAAACAACA_NS_02","P3002","NS_02","Malignant cells","Epithelial cells",0.149790827073856,"singlet",0.0193812627006816,"CNV_negative","Uncertain","Uncertain","Uncertain","inferCNV pilot only","Uncertain within pilot","Not assigned"
"ATTACTCCATTGCGGC_NS_02","P3002","NS_02","Malignant cells","Epithelial cells",0.0745653085977285,"singlet",0.0223832682096319,"CNV_uncertain","Uncertain","Uncertain","Malignant supported","inferCNV pilot only","Uncertain within pilot","Not assigned"
"CCCTCCTGTCAACATC_NS_02","P3002","NS_02","Malignant cells","Epithelial cells",0.128571711713654,"singlet",0.0240943234190051,"CNV_positive","Malignant supported","Malignant supported","Malignant supported","inferCNV pilot only","Supported within 2,420-cell pilot only","Not assigned"
"ACGATACAGAAACCAT_NS_02","P3002","NS_02","Malignant cells","Epithelial cells",0.060547856779207,"singlet",0.0279239337804087,"CNV_positive","Malignant supported","Malignant supported","Malignant supported","inferCNV pilot only","Supported within 2,420-cell pilot only","Not assigned"
"GAAGCAGGTGATGATA_NS_02","P3002","NS_02","Malignant cells","Epithelial cells",0.0396897349827583,"singlet",0.0306045641525109,"CNV_positive","Malignant supported","Malignant supported","Malignant supported","inferCNV pilot only","Supported within 2,420-cell pilot only","Not assigned"
"GTATTCTAGACGCACA_NS_02","P3002","NS_02","Malignant cells","Epithelial cells",0.028584812013899,"singlet",0.0183850447727089,"CNV_negative","Uncertain","Uncertain","Uncertain","inferCNV pilot only","Uncertain within pilot","Not assigned"
"CCTATTAGTCGTGGCT_NS_02","P3002","NS_02","Malignant cells","Epithelial cells",0.17691524964414,"singlet",0.0267830179264191,"CNV_positive","Malignant supported","Malignant supported","Malignant supported","inferCNV pilot only","Supported within 2,420-cell pilot only","Not assigned"
"CTCGTCAAGTTTAGGA_NS_02","P3002","NS_02","Malignant cells","Epithelial cells",0.0336360891811469,"singlet",0.0264686692260048,"CNV_positive","Malignant supported","Malignant supported","Malignant supported","inferCNV pilot only","Supported within 2,420-cell pilot only","Not assigned"
"TCACGAATCGTTACAG_NS_02","P3002","NS_02","Malignant cells","Epithelial cells",0.202963022253603,"singlet",0.0219326324215069,"CNV_uncertain","Uncertain","Uncertain","Malignant supported","inferCNV pilot only","Uncertain within pilot","Not assigned"
"CGGTTAAAGATCTGCT_NS_02","P3002","NS_02","Malignant cells","Epithelial cells",0.0285769610679635,"singlet",0.0179853581930737,"CNV_negative","Uncertain","Uncertain","Uncertain","inferCNV pilot only","Uncertain within pilot","Not assigned"
"GTGTGCGGTGCCTTGG_NS_02","P3002","NS_02","Malignant cells","Epithelial cells",0.185513627851189,"singlet",0.0270858046107714,"CNV_positive","Malignant supported","Malignant supported","Malignant supported","inferCNV pilot only","Supported within 2,420-cell pilot only","Not assigned"
"TACCTTACATCCAACA_NS_02","P3002","NS_02","Malignant cells","Epithelial cells",0.0752082649921609,"singlet",0.0215843049823635,"CNV_uncertain","Uncertain","Uncertain","Malignant supported","inferCNV pilot only","Uncertain within pilot","Not assigned"
"AGAATAGGTACATCCA_NS_03","P3003","NS_03","Malignant cells","Epithelial cells",0.612602735517194,"singlet",0.044624300486031,"CNV_positive","Malignant supported","Malignant supported","Malignant supported","inferCNV pilot only","Supported within 2,420-cell pilot only","Not assigned"
"CATCCACGTGACGCCT_NS_03","P3003","NS_03","Malignant cells","Epithelial cells",0.0128205128205128,"singlet",0.0317234027346777,"CNV_positive","Malignant supported","Malignant supported","Malignant supported","inferCNV pilot only","Supported within 2,420-cell pilot only","Not assigned"
"CCCATACAGACTAAGT_NS_03","P3003","NS_03","Malignant cells","Epithelial cells",0.141353373834273,"singlet",0.0367503322763997,"CNV_positive","Malignant supported","Malignant supported","Malignant supported","inferCNV pilot only","Supported within 2,420-cell pilot only","Not assigned"
"CCTCTGAAGAGGTACC_NS_03","P3003","NS_03","Malignant cells","Epithelial cells",0.371895150523577,"singlet",0.038986257700146,"CNV_positive","Malignant supported","Malignant supported","Malignant supported","inferCNV pilot only","Supported within 2,420-cell pilot only","Not assigned"
"GACAGAGTCCTTGACC_NS_03","P3003","NS_03","Malignant cells","Epithelial cells",0.109488328685396,"singlet",0.0321505572206601,"CNV_positive","Malignant supported","Malignant supported","Malignant supported","inferCNV pilot only","Supported within 2,420-cell pilot only","Not assigned"
"GTGCTTCAGTGTTAGA_NS_03","P3003","NS_03","Malignant cells","Epithelial cells",0.358974844970112,"singlet",0.0416242003324092,"CNV_positive","Malignant supported","Malignant supported","Malignant supported","inferCNV pilot only","Supported within 2,420-cell pilot only","Not assigned"
"CTGCTGTAGCTGTTCA_NS_03","P3003","NS_03","Malignant cells","Epithelial cells",0.270390496647697,"singlet",0.0413285717020312,"CNV_positive","Malignant supported","Malignant supported","Malignant supported","inferCNV pilot only","Supported within 2,420-cell pilot only","Not assigned"
"TAAGTGCAGCTTTGGT_NS_03","P3003","NS_03","Malignant cells","Epithelial cells",0.317725522293959,"singlet",0.0449396612215874,"CNV_positive","Malignant supported","Malignant supported","Malignant supported","inferCNV pilot only","Supported within 2,420-cell pilot only","Not assigned"
"ATCTGCCAGCTAAACA_NS_03","P3003","NS_03","Malignant cells","Epithelial cells",0.40144381790646,"singlet",0.0389703486114178,"CNV_positive","Malignant supported","Malignant supported","Malignant supported","inferCNV pilot only","Supported within 2,420-cell pilot only","Not assigned"
"CGATTGAGTAATAGCA_NS_03","P3003","NS_03","Malignant cells","Epithelial cells",0.0384615384615385,"singlet",0.0526968769600723,"CNV_positive","Malignant supported","Malignant supported","Malignant supported","inferCNV pilot only","Supported within 2,420-cell pilot only","Not assigned"
"CCACCTACAATCGAAA_NS_03","P3003","NS_03","Malignant cells","Epithelial cells",0.368375973231888,"singlet",0.0434645881428638,"CNV_positive","Malignant supported","Malignant supported","Malignant supported","inferCNV pilot only","Supported within 2,420-cell pilot only","Not assigned"
"GGATGTTCAGTGGGAT_NS_03","P3003","NS_03","Malignant cells","Epithelial cells",0.205136395175062,"singlet",0.047328810124211,"CNV_positive","Malignant supported","Malignant supported","Malignant supported","inferCNV pilot only","Supported within 2,420-cell pilot only","Not assigned"
"CCGGTAGCAAGGTTTC_NS_03","P3003","NS_03","Malignant cells","Epithelial cells",0.256410320459064,"singlet",0.046990179410374,"CNV_positive","Malignant supported","Malignant supported","Malignant supported","inferCNV pilot only","Supported within 2,420-cell pilot only","Not assigned"
"AGGCCACGTGATAAAC_NS_03","P3003","NS_03","Malignant cells","Epithelial cells",0.799540402845499,"doublet",0.0346936361710226,"CNV_positive","Uncertain","Uncertain","Uncertain","inferCNV pilot only","Uncertain within pilot","Not assigned"
"CGGAGTCGTTAAGAAC_NS_03","P3003","NS_03","Malignant cells","Epithelial cells",0.738671366663564,"singlet",0.0499232778426466,"CNV_positive","Malignant supported","Malignant supported","Malignant supported","inferCNV pilot only","Supported within 2,420-cell pilot only","Not assigned"
"ATAAGAGGTGAAGGCT_NS_03","P3003","NS_03","Malignant cells","Epithelial cells",0.742681327527991,"singlet",0.043381403144042,"CNV_positive","Malignant supported","Malignant supported","Malignant supported","inferCNV pilot only","Supported within 2,420-cell pilot only","Not assigned"
"GAGGTGAGTCTTCGTC_NS_03","P3003","NS_03","Malignant cells","Epithelial cells",0.739570722769404,"singlet",0.042919389956863,"CNV_positive","Malignant supported","Malignant supported","Malignant supported","inferCNV pilot only","Supported within 2,420-cell pilot only","Not assigned"
"AGCCTAAAGCGATAGC_NS_03","P3003","NS_03","Malignant cells","Epithelial cells",0.256740860948648,"singlet",0.0413883340363356,"CNV_positive","Malignant supported","Malignant supported","Malignant supported","inferCNV pilot only","Supported within 2,420-cell pilot only","Not assigned"
"CACAGGCAGAGCCCAA_NS_03","P3003","NS_03","Malignant cells","Epithelial cells",0.316361224422053,"singlet",0.0472612525572224,"CNV_positive","Malignant supported","Malignant supported","Malignant supported","inferCNV pilot only","Supported within 2,420-cell pilot only","Not assigned"
"TCGAGGCCAGTATGCT_NS_03","P3003","NS_03","Malignant cells","Epithelial cells",0.618846649499658,"singlet",0.0429426997468892,"CNV_positive","Malignant supported","Malignant supported","Malignant supported","inferCNV pilot only","Supported within 2,420-cell pilot only","Not assigned"
"ACGCAGCGTGAGGGAG_NS_03","P3003","NS_03","Malignant cells","Epithelial cells",0.166836144183059,"singlet",0.0372844024649258,"CNV_positive","Malignant supported","Malignant supported","Malignant supported","inferCNV pilot only","Supported within 2,420-cell pilot only","Not assigned"
"AGTTGGTAGGGAACGG_NS_03","P3003","NS_03","Malignant cells","Epithelial cells",0.526502803444135,"singlet",0.0441755025447644,"CNV_positive","Malignant supported","Malignant supported","Malignant supported","inferCNV pilot only","Supported within 2,420-cell pilot only","Not assigned"
"CAAGTTGGTTCTCATT_NS_03","P3003","NS_03","Malignant cells","Epithelial cells",0.429234742204938,"singlet",0.0423656609531344,"CNV_positive","Malignant supported","Malignant supported","Malignant supported","inferCNV pilot only","Supported within 2,420-cell pilot only","Not assigned"
"CTCGTCAGTTGTCGCG_NS_03","P3003","NS_03","Malignant cells","Epithelial cells",0.359877928973947,"singlet",0.0382827380816318,"CNV_positive","Malignant supported","Malignant supported","Malignant supported","inferCNV pilot only","Supported within 2,420-cell pilot only","Not assigned"
"AGGGATGAGAAGATTC_NS_03","P3003","NS_03","Malignant cells","Epithelial cells",0.336716429749393,"singlet",0.0431535900381665,"CNV_positive","Malignant supported","Malignant supported","Malignant supported","inferCNV pilot only","Supported within 2,420-cell pilot only","Not assigned"
"TTCTACAAGGGAAACA_NS_03","P3003","NS_03","Malignant cells","Epithelial cells",0.230769257439177,"singlet",0.0321552745442584,"CNV_positive","Malignant supported","Malignant supported","Malignant supported","inferCNV pilot only","Supported within 2,420-cell pilot only","Not assigned"
"CTGTTTATCAAAGTAG_NS_03","P3003","NS_03","Malignant cells","Epithelial cells",0.205428796652658,"singlet",0.0480347296646453,"CNV_positive","Malignant supported","Malignant supported","Malignant supported","inferCNV pilot only","Supported within 2,420-cell pilot only","Not assigned"
"CATCCACCACATAACC_NS_03","P3003","NS_03","Malignant cells","Epithelial cells",0.333336226532225,"singlet",0.0431860315805086,"CNV_positive","Malignant supported","Malignant supported","Malignant supported","inferCNV pilot only","Supported within 2,420-cell pilot only","Not assigned"
"CCCTCCTAGTCCGTAT_NS_03","P3003","NS_03","Malignant cells","Epithelial cells",0.0128205128903784,"singlet",0.0439825404728781,"CNV_positive","Malignant supported","Malignant supported","Malignant supported","inferCNV pilot only","Supported within 2,420-cell pilot only","Not assigned"
"GGGATGAAGTGAACAT_NS_03","P3003","NS_03","Malignant cells","Epithelial cells",0.298498148727261,"singlet",0.0431961661443326,"CNV_positive","Malignant supported","Malignant supported","Malignant supported","inferCNV pilot only","Supported within 2,420-cell pilot only","Not assigned"
"ATGTGTGAGCGTGTCC_NS_03","P3003","NS_03","Malignant cells","Epithelial cells",0.666545239070668,"singlet",0.0518168210937464,"CNV_positive","Malignant supported","Malignant supported","Malignant supported","inferCNV pilot only","Supported within 2,420-cell pilot only","Not assigned"
"CAAGATCGTGGTAACG_NS_03","P3003","NS_03","Malignant cells","Epithelial cells",0.243630203203113,"singlet",0.0430085138009862,"CNV_positive","Malignant supported","Malignant supported","Malignant supported","inferCNV pilot only","Supported within 2,420-cell pilot only","Not assigned"
"ACTGAGTAGCTAACAA_NS_03","P3003","NS_03","Malignant cells","Epithelial cells",0.775257705636158,"singlet",0.0467085768415153,"CNV_positive","Malignant supported","Malignant supported","Malignant supported","inferCNV pilot only","Supported within 2,420-cell pilot only","Not assigned"
"CCTATTACAGTATAAG_NS_03","P3003","NS_03","Malignant cells","Epithelial cells",0.269563354253359,"singlet",0.041084796051852,"CNV_positive","Malignant supported","Malignant supported","Malignant supported","inferCNV pilot only","Supported within 2,420-cell pilot only","Not assigned"
"AACTTTCTCAGGATCT_NS_03","P3003","NS_03","Malignant cells","Epithelial cells",0.558223815517858,"singlet",0.043841696697307,"CNV_positive","Malignant supported","Malignant supported","Malignant supported","inferCNV pilot only","Supported within 2,420-cell pilot only","Not assigned"
"GAACGGAGTCTGATCA_NS_03","P3003","NS_03","Malignant cells","Epithelial cells",0.245420885235281,"singlet",0.0396861793848915,"CNV_positive","Malignant supported","Malignant supported","Malignant supported","inferCNV pilot only","Supported within 2,420-cell pilot only","Not assigned"
"GGTATTGAGTATGACA_NS_03","P3003","NS_03","Malignant cells","Epithelial cells",0.894739265009506,"doublet",0.036837353495497,"CNV_positive","Uncertain","Uncertain","Uncertain","inferCNV pilot only","Uncertain within pilot","Not assigned"
"GTGTTAGCAGTCAGCC_NS_03","P3003","NS_03","Malignant cells","Epithelial cells",0.166667300201278,"singlet",0.0374437330270833,"CNV_positive","Malignant supported","Malignant supported","Malignant supported","inferCNV pilot only","Supported within 2,420-cell pilot only","Not assigned"
"TTTACTGGTAGAAAGG_NS_03","P3003","NS_03","Malignant cells","Epithelial cells",0.153846154419425,"singlet",0.0409912139000165,"CNV_positive","Malignant supported","Malignant supported","Malignant supported","inferCNV pilot only","Supported within 2,420-cell pilot only","Not assigned"
"ATCATCTCAGTCAGAG_NS_03","P3003","NS_03","Malignant cells","Epithelial cells",0.764862344058703,"singlet",0.0434382450687345,"CNV_positive","Malignant supported","Malignant supported","Malignant supported","inferCNV pilot only","Supported within 2,420-cell pilot only","Not assigned"
"CAGCTAAAGTACACCT_NS_03","P3003","NS_03","Malignant cells","Epithelial cells",0.0769230769230769,"singlet",0.0341992629508338,"CNV_positive","Malignant supported","Malignant supported","Malignant supported","inferCNV pilot only","Supported within 2,420-cell pilot only","Not assigned"
"TCGCGAGGTTGCCTCT_NS_03","P3003","NS_03","Malignant cells","Epithelial cells",0.0512820512820514,"singlet",0.0354383602669717,"CNV_positive","Malignant supported","Malignant supported","Malignant supported","inferCNV pilot only","Supported within 2,420-cell pilot only","Not assigned"
"CCAGCGAGTCTAAAGA_NS_03","P3003","NS_03","Malignant cells","Epithelial cells",0.231067094853237,"singlet",0.0447723000226255,"CNV_positive","Malignant supported","Malignant supported","Malignant supported","inferCNV pilot only","Supported within 2,420-cell pilot only","Not assigned"
"TCATTACCATGAAGTA_NS_03","P3003","NS_03","Malignant cells","Epithelial cells",0.637873464895068,"singlet",0.0361947955374433,"CNV_positive","Malignant supported","Malignant supported","Malignant supported","inferCNV pilot only","Supported within 2,420-cell pilot only","Not assigned"
"CCAATCCCACCTTGTC_NS_03","P3003","NS_03","Malignant cells","Epithelial cells",0.603428589410087,"singlet",0.0387450911762323,"CNV_positive","Malignant supported","Malignant supported","Malignant supported","inferCNV pilot only","Supported within 2,420-cell pilot only","Not assigned"
"CGGAGCTGTTATCGGT_NS_03","P3003","NS_03","Malignant cells","Epithelial cells",0.307692911942403,"singlet",0.045976316156638,"CNV_positive","Malignant supported","Malignant supported","Malignant supported","inferCNV pilot only","Supported within 2,420-cell pilot only","Not assigned"
"CTGATCCTCCTCAACC_NS_03","P3003","NS_03","Malignant cells","Epithelial cells",0.295171884125291,"singlet",0.0417805137911228,"CNV_positive","Malignant supported","Malignant supported","Malignant supported","inferCNV pilot only","Supported within 2,420-cell pilot only","Not assigned"
"TATCTCAGTCTTCGTC_NS_03","P3003","NS_03","Malignant cells","Epithelial cells",0.192307708877933,"singlet",0.0376461563063868,"CNV_positive","Malignant supported","Malignant supported","Malignant supported","inferCNV pilot only","Supported within 2,420-cell pilot only","Not assigned"
"CTCTAATGTGTGAAAT_NS_03","P3003","NS_03","Malignant cells","Epithelial cells",0.154618933763854,"singlet",0.0395637332343959,"CNV_positive","Malignant supported","Malignant supported","Malignant supported","inferCNV pilot only","Supported within 2,420-cell pilot only","Not assigned"
"TAGTTGGGTAAGTTCC_NS_03","P3003","NS_03","Malignant cells","Epithelial cells",0.115389048695014,"singlet",0.0390338204706871,"CNV_positive","Malignant supported","Malignant supported","Malignant supported","inferCNV pilot only","Supported within 2,420-cell pilot only","Not assigned"
"CGCCAAGAGGCTAGCA_NS_04","P3004","NS_04","Malignant cells","Epithelial cells",0.335742727486216,"singlet",0.0420774802408444,"CNV_positive","Malignant supported","Malignant supported","Malignant supported","inferCNV pilot only","Supported within 2,420-cell pilot only","Not assigned"
"GTTCTCGGTTTGTTGG_NS_04","P3004","NS_04","Malignant cells","Epithelial cells",0.191312428962044,"singlet",0.0465248505831952,"CNV_positive","Malignant supported","Malignant supported","Malignant supported","inferCNV pilot only","Supported within 2,420-cell pilot only","Not assigned"
"GCCAAATCAAGCCGCT_NS_04","P3004","NS_04","Malignant cells","Epithelial cells",0.182570819601757,"singlet",0.0331054483550894,"CNV_positive","Malignant supported","Malignant supported","Malignant supported","inferCNV pilot only","Supported within 2,420-cell pilot only","Not assigned"
"CCAATCCGTTCTCATT_NS_04","P3004","NS_04","Malignant cells","Epithelial cells",0.193548414035152,"singlet",0.0357526763753074,"CNV_positive","Malignant supported","Malignant supported","Malignant supported","inferCNV pilot only","Supported within 2,420-cell pilot only","Not assigned"
"CTCGTCAGTAGCGCTC_NS_04","P3004","NS_04","Malignant cells","Epithelial cells",0.0322580769706172,"singlet",0.0314042715970699,"CNV_positive","Malignant supported","Malignant supported","Malignant supported","inferCNV pilot only","Supported within 2,420-cell pilot only","Not assigned"
"GGGAGATAGAGCTGCA_NS_04","P3004","NS_04","Malignant cells","Epithelial cells",0.181869527180329,"singlet",0.0475671084381905,"CNV_positive","Malignant supported","Malignant supported","Malignant supported","inferCNV pilot only","Supported within 2,420-cell pilot only","Not assigned"
"ATGCGATAGCTGCCCA_NS_04","P3004","NS_04","Malignant cells","Epithelial cells",0.329786958830161,"singlet",0.0354960256855567,"CNV_positive","Malignant supported","Malignant supported","Malignant supported","inferCNV pilot only","Supported within 2,420-cell pilot only","Not assigned"
"CTAATGGGTTCTGTTT_NS_04","P3004","NS_04","Malignant cells","Epithelial cells",0.161290322703814,"singlet",0.0401849894058331,"CNV_positive","Malignant supported","Malignant supported","Malignant supported","inferCNV pilot only","Supported within 2,420-cell pilot only","Not assigned"
"GGAAAGCCAGTGAGTG_NS_04","P3004","NS_04","Malignant cells","Epithelial cells",0.274304660839659,"singlet",0.0388001113472319,"CNV_positive","Malignant supported","Malignant supported","Malignant supported","inferCNV pilot only","Supported within 2,420-cell pilot only","Not assigned"
"TATCAGGCAGTCCTTC_NS_04","P3004","NS_04","Malignant cells","Epithelial cells",0.141949665908899,"singlet",0.0324830760151328,"CNV_positive","Malignant supported","Malignant supported","Malignant supported","inferCNV pilot only","Supported within 2,420-cell pilot only","Not assigned"
"ACGGGTCGTTACGCGC_NS_04","P3004","NS_04","Malignant cells","Epithelial cells",0.193770580258636,"singlet",0.0386151950654096,"CNV_positive","Malignant supported","Malignant supported","Malignant supported","inferCNV pilot only","Supported within 2,420-cell pilot only","Not assigned"
"CGAGCACTCAGCATGT_NS_04","P3004","NS_04","Malignant cells","Epithelial cells",0.223043609844734,"singlet",0.0270022299439864,"CNV_positive","Malignant supported","Malignant supported","Malignant supported","inferCNV pilot only","Supported within 2,420-cell pilot only","Not assigned"
"TGCGTGGCACTTAACG_NS_04","P3004","NS_04","Malignant cells","Epithelial cells",0.231174974279537,"singlet",0.0317240028976459,"CNV_positive","Malignant supported","Malignant supported","Malignant supported","inferCNV pilot only","Supported within 2,420-cell pilot only","Not assigned"
"GCTTCCAGTTATCGGT_NS_04","P3004","NS_04","Malignant cells","Epithelial cells",0.242051651618887,"singlet",0.0365523450270861,"CNV_positive","Malignant supported","Malignant supported","Malignant supported","inferCNV pilot only","Supported within 2,420-cell pilot only","Not assigned"
"CTTAGGAAGAAACCGC_NS_04","P3004","NS_04","Malignant cells","Epithelial cells",0.209916563580643,"singlet",0.0384896756572689,"CNV_positive","Malignant supported","Malignant supported","Malignant supported","inferCNV pilot only","Supported within 2,420-cell pilot only","Not assigned"
"AAGGTTCCAATAACGA_NS_04","P3004","NS_04","Malignant cells","Epithelial cells",0.295167551249794,"singlet",0.0412448739974666,"CNV_positive","Malignant supported","Malignant supported","Malignant supported","inferCNV pilot only","Supported within 2,420-cell pilot only","Not assigned"
"TAGAGCTAGGTAAACT_NS_04","P3004","NS_04","Malignant cells","Epithelial cells",0.258153178288501,"singlet",0.0358408352842854,"CNV_positive","Malignant supported","Malignant supported","Malignant supported","inferCNV pilot only","Supported within 2,420-cell pilot only","Not assigned"
"CGCTGGAGTCGTTGTA_NS_04","P3004","NS_04","Malignant cells","Epithelial cells",0.162028070124312,"singlet",0.034166357500512,"CNV_positive","Malignant supported","Malignant supported","Malignant supported","inferCNV pilot only","Supported within 2,420-cell pilot only","Not assigned"
"ACGGCCACATGCTGGC_NS_04","P3004","NS_04","Malignant cells","Epithelial cells",0.0322580645167122,"singlet",0.0370170549394257,"CNV_positive","Malignant supported","Malignant supported","Malignant supported","inferCNV pilot only","Supported within 2,420-cell pilot only","Not assigned"
"TTGAACGAGCCCTAAT_NS_04","P3004","NS_04","Malignant cells","Epithelial cells",0.161766827892586,"singlet",0.0309747269196044,"CNV_positive","Malignant supported","Malignant supported","Malignant supported","inferCNV pilot only","Supported within 2,420-cell pilot only","Not assigned"
"GATCAGTTCTGCGGCA_NS_04","P3004","NS_04","Malignant cells","Epithelial cells",0.265990817655054,"singlet",0.0419861553551441,"CNV_positive","Malignant supported","Malignant supported","Malignant supported","inferCNV pilot only","Supported within 2,420-cell pilot only","Not assigned"
"CGAGCCAGTGGCTCCA_NS_04","P3004","NS_04","Malignant cells","Epithelial cells",0.19391062799255,"singlet",0.0335623326983669,"CNV_positive","Malignant supported","Malignant supported","Malignant supported","inferCNV pilot only","Supported within 2,420-cell pilot only","Not assigned"
"CGTGTAAGTTCAACCA_NS_04","P3004","NS_04","Malignant cells","Epithelial cells",0.0161290322580645,"singlet",0.0231993636621423,"CNV_uncertain","Uncertain","Uncertain","Malignant supported","inferCNV pilot only","Uncertain within pilot","Not assigned"
"GGGCACTTCAGATAAG_NS_04","P3004","NS_04","Malignant cells","Epithelial cells",0.0843451402196599,"singlet",0.0364608737872423,"CNV_positive","Malignant supported","Malignant supported","Malignant supported","inferCNV pilot only","Supported within 2,420-cell pilot only","Not assigned"
"GTCCTCATCCAAGTAC_NS_04","P3004","NS_04","Malignant cells","Epithelial cells",0.0161290322580645,"singlet",0.0379314022987655,"CNV_positive","Malignant supported","Malignant supported","Malignant supported","inferCNV pilot only","Supported within 2,420-cell pilot only","Not assigned"
"AGAATAGCACGGCTAC_NS_04","P3004","NS_04","Malignant cells","Epithelial cells",0.2419354839642,"singlet",0.0364363100140981,"CNV_positive","Malignant supported","Malignant supported","Malignant supported","inferCNV pilot only","Supported within 2,420-cell pilot only","Not assigned"
"CGCTGGAAGTACGTAA_NS_04","P3004","NS_04","Malignant cells","Epithelial cells",0.0806451613883706,"singlet",0.0456072568568305,"CNV_positive","Malignant supported","Malignant supported","Malignant supported","inferCNV pilot only","Supported within 2,420-cell pilot only","Not assigned"
"GGGTCTGTCGTGGTCG_NS_04","P3004","NS_04","Malignant cells","Epithelial cells",0.209677421045673,"singlet",0.030752371809022,"CNV_positive","Malignant supported","Malignant supported","Malignant supported","inferCNV pilot only","Supported within 2,420-cell pilot only","Not assigned"
"ATTACTCCAGGTGGAT_NS_04","P3004","NS_04","Malignant cells","Epithelial cells",0.184389461956097,"singlet",0.0477148059783584,"CNV_positive","Malignant supported","Malignant supported","Malignant supported","inferCNV pilot only","Supported within 2,420-cell pilot only","Not assigned"
"CAGCGACTCACTTACT_NS_04","P3004","NS_04","Malignant cells","Epithelial cells",0.24215834605084,"singlet",0.0421687815293829,"CNV_positive","Malignant supported","Malignant supported","Malignant supported","inferCNV pilot only","Supported within 2,420-cell pilot only","Not assigned"
"CTTAGGATCTGTTTGT_NS_04","P3004","NS_04","Malignant cells","Epithelial cells",0.187987964597654,"singlet",0.0394341473370784,"CNV_positive","Malignant supported","Malignant supported","Malignant supported","inferCNV pilot only","Supported within 2,420-cell pilot only","Not assigned"
"AGGTCCGCATCCGTGG_NS_04","P3004","NS_04","Malignant cells","Epithelial cells",0.324172510471747,"singlet",0.0453990318324298,"CNV_positive","Malignant supported","Malignant supported","Malignant supported","inferCNV pilot only","Supported within 2,420-cell pilot only","Not assigned"
"TGGACGCAGAGGTTGC_NS_04","P3004","NS_04","Malignant cells","Epithelial cells",0.168513233857879,"singlet",0.0325866152348297,"CNV_positive","Malignant supported","Malignant supported","Malignant supported","inferCNV pilot only","Supported within 2,420-cell pilot only","Not assigned"
"TGCTGCTGTGCAGGTA_NS_04","P3004","NS_04","Malignant cells","Epithelial cells",0.328706788950942,"singlet",0.0479525080958369,"CNV_positive","Malignant supported","Malignant supported","Malignant supported","inferCNV pilot only","Supported within 2,420-cell pilot only","Not assigned"
"TGACAACAGTGGACGT_NS_04","P3004","NS_04","Malignant cells","Epithelial cells",0.129736197416149,"singlet",0.0251263123856371,"CNV_positive","Malignant supported","Malignant supported","Malignant supported","inferCNV pilot only","Supported within 2,420-cell pilot only","Not assigned"
"TATCTCATCTGCTGTC_NS_04","P3004","NS_04","Malignant cells","Epithelial cells",0.0161290322580645,"singlet",0.0211686399811882,"CNV_uncertain","Uncertain","Uncertain","Malignant supported","inferCNV pilot only","Uncertain within pilot","Not assigned"
"AAAGATGGTTTGTTGG_NS_04","P3004","NS_04","Malignant cells","Epithelial cells",0.193552502741389,"singlet",0.0386168344775507,"CNV_positive","Malignant supported","Malignant supported","Malignant supported","inferCNV pilot only","Supported within 2,420-cell pilot only","Not assigned"
"ATTGGACAGTGAATTG_NS_04","P3004","NS_04","Malignant cells","Epithelial cells",0.129034658166909,"singlet",0.0262726660728157,"CNV_positive","Malignant supported","Malignant supported","Malignant supported","inferCNV pilot only","Supported within 2,420-cell pilot only","Not assigned"
"CTTCTCTTCGCGTAGC_NS_04","P3004","NS_04","Malignant cells","Epithelial cells",0.328009432144921,"singlet",0.0361171636687388,"CNV_positive","Malignant supported","Malignant supported","Malignant supported","inferCNV pilot only","Supported within 2,420-cell pilot only","Not assigned"
"ATTGGTGCATTAACCG_NS_04","P3004","NS_04","Malignant cells","Epithelial cells",0.213671468335346,"singlet",0.0381731133709699,"CNV_positive","Malignant supported","Malignant supported","Malignant supported","inferCNV pilot only","Supported within 2,420-cell pilot only","Not assigned"
"CTCTGGTAGAGACTAT_NS_04","P3004","NS_04","Malignant cells","Epithelial cells",0.164262918576505,"singlet",0.0420056652264789,"CNV_positive","Malignant supported","Malignant supported","Malignant supported","inferCNV pilot only","Supported within 2,420-cell pilot only","Not assigned"
"GTTCTCGGTAAGCACG_NS_04","P3004","NS_04","Malignant cells","Epithelial cells",0.129137979785016,"singlet",0.0373428862962125,"CNV_positive","Malignant supported","Malignant supported","Malignant supported","inferCNV pilot only","Supported within 2,420-cell pilot only","Not assigned"
"AGTGGGAAGTATGACA_NS_04","P3004","NS_04","Malignant cells","Epithelial cells",0.129037416916709,"singlet",0.0393712863490479,"CNV_positive","Malignant supported","Malignant supported","Malignant supported","inferCNV pilot only","Supported within 2,420-cell pilot only","Not assigned"
"AGTAGTCCAGTAGAGC_NS_04","P3004","NS_04","Malignant cells","Epithelial cells",0.161290323136368,"singlet",0.0320962169283878,"CNV_positive","Malignant supported","Malignant supported","Malignant supported","inferCNV pilot only","Supported within 2,420-cell pilot only","Not assigned"
"TTGCGTCGTCTAGCGC_NS_04","P3004","NS_04","Malignant cells","Epithelial cells",0.032258064516129,"singlet",0.0274937649620892,"CNV_positive","Malignant supported","Malignant supported","Malignant supported","inferCNV pilot only","Supported within 2,420-cell pilot only","Not assigned"
"TGAAAGAAGTTTGCGT_NS_04","P3004","NS_04","Malignant cells","Epithelial cells",0.333128362038726,"singlet",0.0313447834851002,"CNV_positive","Malignant supported","Malignant supported","Malignant supported","inferCNV pilot only","Supported within 2,420-cell pilot only","Not assigned"
"GCGAGAAAGGCTCTTA_NS_04","P3004","NS_04","Malignant cells","Epithelial cells",0.0161290322580645,"singlet",0.042144388055136,"CNV_positive","Malignant supported","Malignant supported","Malignant supported","inferCNV pilot only","Supported within 2,420-cell pilot only","Not assigned"
"CCGGTAGAGGGCTTCC_NS_04","P3004","NS_04","Malignant cells","Epithelial cells",0.112940145071497,"singlet",0.044759173757268,"CNV_positive","Malignant supported","Malignant supported","Malignant supported","inferCNV pilot only","Supported within 2,420-cell pilot only","Not assigned"
"TTCCCAGCATGCTGGC_NS_04","P3004","NS_04","Malignant cells","Epithelial cells",0.172269541430824,"singlet",0.0316214135402817,"CNV_positive","Malignant supported","Malignant supported","Malignant supported","inferCNV pilot only","Supported within 2,420-cell pilot only","Not assigned"
"GGATTACGTAGGCTGA_NS_04","P3004","NS_04","Malignant cells","Epithelial cells",0.198551882801688,"singlet",0.0391073832271681,"CNV_positive","Malignant supported","Malignant supported","Malignant supported","inferCNV pilot only","Supported within 2,420-cell pilot only","Not assigned"
"CAAGGCCCACATGACT_NS_06","P3006","NS_06","Malignant cells","Epithelial cells",0.28311218004397,"singlet",0.0267108660058409,"CNV_positive","Malignant supported","Malignant supported","Malignant supported","inferCNV pilot only","Supported within 2,420-cell pilot only","Not assigned"
"CAGCATACATCCGTGG_NS_06","P3006","NS_06","Malignant cells","Epithelial cells",0.040000322545598,"singlet",0.0182975272237466,"CNV_negative","Uncertain","Uncertain","Uncertain","inferCNV pilot only","Uncertain within pilot","Not assigned"
"CTGCGGACACTTCGAA_NS_06","P3006","NS_06","Malignant cells","Epithelial cells",0.10000000318952,"singlet",0.0241961945449715,"CNV_positive","Malignant supported","Malignant supported","Malignant supported","inferCNV pilot only","Supported within 2,420-cell pilot only","Not assigned"
"TCGAGGCGTACCGGCT_NS_06","P3006","NS_06","Malignant cells","Epithelial cells",0.120000423361902,"singlet",0.0200718573625884,"CNV_negative","Uncertain","Uncertain","Uncertain","inferCNV pilot only","Uncertain within pilot","Not assigned"
"GACGCGTGTTAGGGTG_NS_06","P3006","NS_06","Malignant cells","Epithelial cells",0.0800763676408435,"singlet",0.0239246796535024,"CNV_positive","Malignant supported","Malignant supported","Malignant supported","inferCNV pilot only","Supported within 2,420-cell pilot only","Not assigned"
"GTATCTTCAAGGGTCA_NS_06","P3006","NS_06","Malignant cells","Epithelial cells",0.000253208378390228,"singlet",0.017883653873196,"CNV_negative","Uncertain","Uncertain","Uncertain","inferCNV pilot only","Uncertain within pilot","Not assigned"
"TCAACGAGTATAATGG_NS_06","P3006","NS_06","Malignant cells","Epithelial cells",0.266646371366546,"singlet",0.0182755142014735,"CNV_negative","Uncertain","Uncertain","Uncertain","inferCNV pilot only","Uncertain within pilot","Not assigned"
"CCTCTGAAGCGTCTAT_NS_06","P3006","NS_06","Malignant cells","Epithelial cells",0.200691241758633,"singlet",0.0112672651805109,"CNV_negative","Uncertain","Uncertain","Uncertain","inferCNV pilot only","Uncertain within pilot","Not assigned"
"GACGTTAGTCTAGTCA_NS_06","P3006","NS_06","Malignant cells","Epithelial cells",0.0201981575430553,"singlet",0.0267198317275673,"CNV_positive","Malignant supported","Malignant supported","Malignant supported","inferCNV pilot only","Supported within 2,420-cell pilot only","Not assigned"
"TTTGGTTTCGTGACAT_NS_06","P3006","NS_06","Malignant cells","Epithelial cells",0.359918384956787,"singlet",0.02750280302659,"CNV_positive","Malignant supported","Malignant supported","Malignant supported","inferCNV pilot only","Supported within 2,420-cell pilot only","Not assigned"
"CTTTGCGAGTACGCCC_NS_06","P3006","NS_06","Malignant cells","Epithelial cells",0.0200013057592379,"singlet",0.0220733118097009,"CNV_uncertain","Uncertain","Uncertain","Malignant supported","inferCNV pilot only","Uncertain within pilot","Not assigned"
"CAGCTGGTCATCGCTC_NS_06","P3006","NS_06","Malignant cells","Epithelial cells",0.183884803050069,"singlet",0.0131494116578322,"CNV_negative","Uncertain","Uncertain","Uncertain","inferCNV pilot only","Uncertain within pilot","Not assigned"
"CCTACACGTCGACTGC_NS_06","P3006","NS_06","Malignant cells","Epithelial cells",0.12340928839289,"singlet",0.0187843697857223,"CNV_negative","Uncertain","Uncertain","Uncertain","inferCNV pilot only","Uncertain within pilot","Not assigned"
"CGTTGGGGTGTTCTTT_NS_06","P3006","NS_06","Malignant cells","Epithelial cells",0.140000006985084,"singlet",0.0343147893026967,"CNV_positive","Malignant supported","Malignant supported","Malignant supported","inferCNV pilot only","Supported within 2,420-cell pilot only","Not assigned"
"CATCGGGAGTCAATAG_NS_06","P3006","NS_06","Malignant cells","Epithelial cells",0.02312058668723,"singlet",0.0293187408682515,"CNV_positive","Malignant supported","Malignant supported","Malignant supported","inferCNV pilot only","Supported within 2,420-cell pilot only","Not assigned"
"TTTACTGAGTCCATAC_NS_06","P3006","NS_06","Malignant cells","Epithelial cells",0.266422122984022,"singlet",0.0278687675366268,"CNV_positive","Malignant supported","Malignant supported","Malignant supported","inferCNV pilot only","Supported within 2,420-cell pilot only","Not assigned"
"GTCCTCAAGTACGTTC_NS_06","P3006","NS_06","Malignant cells","Epithelial cells",0.295056374942062,"singlet",0.0265252695053433,"CNV_positive","Malignant supported","Malignant supported","Malignant supported","inferCNV pilot only","Supported within 2,420-cell pilot only","Not assigned"
"GTACGTAGTACGACCC_NS_06","P3006","NS_06","Malignant cells","Epithelial cells",0.0800020162972696,"singlet",0.0180926275529938,"CNV_negative","Uncertain","Uncertain","Uncertain","inferCNV pilot only","Uncertain within pilot","Not assigned"
"GTCAAGTGTTCATGGT_NS_06","P3006","NS_06","Malignant cells","Epithelial cells",0.0800000365146338,"singlet",0.0104344846113037,"CNV_negative","Uncertain","Uncertain","Uncertain","inferCNV pilot only","Uncertain within pilot","Not assigned"
"AGGGTGAAGGGCTTGA_NS_06","P3006","NS_06","Malignant cells","Epithelial cells",0.370096640714815,"singlet",0.0243792898507933,"CNV_positive","Malignant supported","Malignant supported","Malignant supported","inferCNV pilot only","Supported within 2,420-cell pilot only","Not assigned"
"CTTACCGTCTGGGCCA_NS_06","P3006","NS_06","Malignant cells","Epithelial cells",0.308516241295215,"singlet",0.0259581842242687,"CNV_positive","Malignant supported","Malignant supported","Malignant supported","inferCNV pilot only","Supported within 2,420-cell pilot only","Not assigned"
"GACACGCGTCGTGGCT_NS_06","P3006","NS_06","Malignant cells","Epithelial cells",0.267656109077993,"singlet",0.0174514330351671,"CNV_negative","Uncertain","Uncertain","Uncertain","inferCNV pilot only","Uncertain within pilot","Not assigned"
"CTCGAAACATTCGACA_NS_06","P3006","NS_06","Malignant cells","Epithelial cells",0.34324640085841,"singlet",0.0297138237704485,"CNV_positive","Malignant supported","Malignant supported","Malignant supported","inferCNV pilot only","Supported within 2,420-cell pilot only","Not assigned"
"TGTATTCAGTTCCACA_NS_06","P3006","NS_06","Malignant cells","Epithelial cells",0.140193529330522,"singlet",0.0337515842456902,"CNV_positive","Malignant supported","Malignant supported","Malignant supported","inferCNV pilot only","Supported within 2,420-cell pilot only","Not assigned"
"AGCAGCCAGTGAAGAG_NS_06","P3006","NS_06","Malignant cells","Epithelial cells",0.160088143635502,"singlet",0.0165560925780161,"CNV_negative","Uncertain","Uncertain","Uncertain","inferCNV pilot only","Uncertain within pilot","Not assigned"
"AGATTGCCATCAGTCA_NS_06","P3006","NS_06","Malignant cells","Epithelial cells",0.16001941324168,"singlet",0.032529344500752,"CNV_positive","Malignant supported","Malignant supported","Malignant supported","inferCNV pilot only","Supported within 2,420-cell pilot only","Not assigned"
"CGGAGTCGTCAACTGT_NS_06","P3006","NS_06","Malignant cells","Epithelial cells",0.331200256422529,"singlet",0.0192194277494748,"CNV_negative","Uncertain","Uncertain","Uncertain","inferCNV pilot only","Uncertain within pilot","Not assigned"
"TAGACCAAGTTCGCAT_NS_06","P3006","NS_06","Malignant cells","Epithelial cells",0.100000123052673,"singlet",0.0226150240704098,"CNV_uncertain","Uncertain","Uncertain","Malignant supported","inferCNV pilot only","Uncertain within pilot","Not assigned"
"CAGTAACCAGGGTACA_NS_06","P3006","NS_06","Malignant cells","Epithelial cells",0.0800083054885313,"singlet",0.0165207875688951,"CNV_negative","Uncertain","Uncertain","Uncertain","inferCNV pilot only","Uncertain within pilot","Not assigned"
"CACACCTGTGTAAGTA_NS_06","P3006","NS_06","Malignant cells","Epithelial cells",0.307371757248303,"singlet",0.0281592891393754,"CNV_positive","Malignant supported","Malignant supported","Malignant supported","inferCNV pilot only","Supported within 2,420-cell pilot only","Not assigned"
"ACGGCCAGTCCAGTAT_NS_06","P3006","NS_06","Malignant cells","Epithelial cells",0.174201739222641,"singlet",0.0236104291885109,"CNV_positive","Malignant supported","Malignant supported","Malignant supported","inferCNV pilot only","Supported within 2,420-cell pilot only","Not assigned"
"GAAACTCAGATGTGTA_NS_06","P3006","NS_06","Malignant cells","Epithelial cells",0.0600037059028768,"singlet",0.0250070488893131,"CNV_positive","Malignant supported","Malignant supported","Malignant supported","inferCNV pilot only","Supported within 2,420-cell pilot only","Not assigned"
"CGCTTCACATGCATGT_NS_06","P3006","NS_06","Malignant cells","Epithelial cells",0.220050385222132,"singlet",0.0223888220984321,"CNV_uncertain","Uncertain","Uncertain","Malignant supported","inferCNV pilot only","Uncertain within pilot","Not assigned"
"AACCGCGTCTTACCTA_NS_06","P3006","NS_06","Malignant cells","Epithelial cells",0.160475373950748,"singlet",0.0195871489314556,"CNV_negative","Uncertain","Uncertain","Uncertain","inferCNV pilot only","Uncertain within pilot","Not assigned"
"TGCACCTCAGGGTACA_NS_06","P3006","NS_06","Malignant cells","Epithelial cells",0.311365873818487,"singlet",0.0200441372158071,"CNV_negative","Uncertain","Uncertain","Uncertain","inferCNV pilot only","Uncertain within pilot","Not assigned"
"GACACGCCATTCCTCG_NS_06","P3006","NS_06","Malignant cells","Epithelial cells",0.356018359933267,"singlet",0.0248152869246545,"CNV_positive","Malignant supported","Malignant supported","Malignant supported","inferCNV pilot only","Supported within 2,420-cell pilot only","Not assigned"
"ACATCAGAGGCAAAGA_NS_06","P3006","NS_06","Malignant cells","Epithelial cells",0.0600002156802056,"singlet",0.0192215343526073,"CNV_negative","Uncertain","Uncertain","Uncertain","inferCNV pilot only","Uncertain within pilot","Not assigned"
"TATCTCACATTGTGCA_NS_06","P3006","NS_06","Malignant cells","Epithelial cells",0.232264166926233,"singlet",0.027365792713511,"CNV_positive","Malignant supported","Malignant supported","Malignant supported","inferCNV pilot only","Supported within 2,420-cell pilot only","Not assigned"
"TCTATTGTCAACTCTT_NS_06","P3006","NS_06","Malignant cells","Epithelial cells",0.223777226559363,"singlet",0.0236112104142524,"CNV_positive","Malignant supported","Malignant supported","Malignant supported","inferCNV pilot only","Supported within 2,420-cell pilot only","Not assigned"
"TACCTTACACTTAACG_NS_06","P3006","NS_06","Malignant cells","Epithelial cells",0.412396718794586,"singlet",0.0375058393933843,"CNV_positive","Malignant supported","Malignant supported","Malignant supported","inferCNV pilot only","Supported within 2,420-cell pilot only","Not assigned"
"CCACTACGTATTACCG_NS_06","P3006","NS_06","Malignant cells","Epithelial cells",0.160118307681782,"singlet",0.0235677104292765,"CNV_uncertain","Uncertain","Uncertain","Malignant supported","inferCNV pilot only","Uncertain within pilot","Not assigned"
"TACCTATTCCGTTGCT_NS_06","P3006","NS_06","Malignant cells","Epithelial cells",0.0600000000109815,"singlet",0.0183998278738472,"CNV_negative","Uncertain","Uncertain","Uncertain","inferCNV pilot only","Uncertain within pilot","Not assigned"
"AAGACCTGTGATGATA_NS_06","P3006","NS_06","Malignant cells","Epithelial cells",0.324715208437794,"singlet",0.0339494574930192,"CNV_positive","Malignant supported","Malignant supported","Malignant supported","inferCNV pilot only","Supported within 2,420-cell pilot only","Not assigned"
"ATCCACCTCTTGAGGT_NS_06","P3006","NS_06","Malignant cells","Epithelial cells",0.350326971679774,"singlet",0.0186150280552231,"CNV_negative","Uncertain","Uncertain","Uncertain","inferCNV pilot only","Uncertain within pilot","Not assigned"
"CTCTACGGTACAAGTA_NS_06","P3006","NS_06","Malignant cells","Epithelial cells",0.0600264674545307,"singlet",0.0154659309125263,"CNV_negative","Uncertain","Uncertain","Uncertain","inferCNV pilot only","Uncertain within pilot","Not assigned"
"ACGATGTTCTATGTGG_NS_06","P3006","NS_06","Malignant cells","Epithelial cells",0.224379587750579,"singlet",0.0173944090402918,"CNV_negative","Uncertain","Uncertain","Uncertain","inferCNV pilot only","Uncertain within pilot","Not assigned"
"CGGACTGTCGATCCCT_NS_06","P3006","NS_06","Malignant cells","Epithelial cells",0.275607015214923,"singlet",0.0408068799998995,"CNV_positive","Malignant supported","Malignant supported","Malignant supported","inferCNV pilot only","Supported within 2,420-cell pilot only","Not assigned"
"GACAGAGCATCTCGCT_NS_06","P3006","NS_06","Malignant cells","Epithelial cells",0.186854128391189,"singlet",0.0316015340197239,"CNV_positive","Malignant supported","Malignant supported","Malignant supported","inferCNV pilot only","Supported within 2,420-cell pilot only","Not assigned"
"GGTGCGTTCGTTTGCC_NS_06","P3006","NS_06","Malignant cells","Epithelial cells",0.0807243369093544,"singlet",0.0176548502613017,"CNV_negative","Uncertain","Uncertain","Uncertain","inferCNV pilot only","Uncertain within pilot","Not assigned"
"GGAACTTTCAGGTAAA_NS_06","P3006","NS_06","Malignant cells","Epithelial cells",0.337397896658325,"singlet",0.0251678493316459,"CNV_positive","Malignant supported","Malignant supported","Malignant supported","inferCNV pilot only","Supported within 2,420-cell pilot only","Not assigned"
"CTGAAGTGTACGACCC_NS_07","P3007","NS_07","Malignant cells","Epithelial cells",0.138910108859306,"singlet",0.0478829571781315,"CNV_positive","Malignant supported","Malignant supported","Malignant supported","inferCNV pilot only","Supported within 2,420-cell pilot only","Not assigned"
"TTCTACATCCCATTTA_NS_07","P3007","NS_07","Malignant cells","Epithelial cells",0.440942097544128,"singlet",0.0502052824947729,"CNV_positive","Malignant supported","Malignant supported","Malignant supported","inferCNV pilot only","Supported within 2,420-cell pilot only","Not assigned"
"GGACAGAAGATAGGAG_NS_07","P3007","NS_07","Malignant cells","Epithelial cells",0.374445584143147,"singlet",0.0599944644735929,"CNV_positive","Malignant supported","Malignant supported","Malignant supported","inferCNV pilot only","Supported within 2,420-cell pilot only","Not assigned"
"CGAGAAGCATCACAAC_NS_07","P3007","NS_07","Malignant cells","Epithelial cells",0.242161535784937,"singlet",0.052191577107291,"CNV_positive","Malignant supported","Malignant supported","Malignant supported","inferCNV pilot only","Supported within 2,420-cell pilot only","Not assigned"
"TAGGCATTCAGTCCCT_NS_07","P3007","NS_07","Malignant cells","Epithelial cells",0.276228076329084,"singlet",0.048604886407786,"CNV_positive","Malignant supported","Malignant supported","Malignant supported","inferCNV pilot only","Supported within 2,420-cell pilot only","Not assigned"
"TTGACTTGTCAGTGGA_NS_07","P3007","NS_07","Malignant cells","Epithelial cells",0.373626972140649,"singlet",0.0435015770169899,"CNV_positive","Malignant supported","Malignant supported","Malignant supported","inferCNV pilot only","Supported within 2,420-cell pilot only","Not assigned"
"CTACCCAAGGTAGCCA_NS_07","P3007","NS_07","Malignant cells","Epithelial cells",0.31770868648651,"singlet",0.059962503630256,"CNV_positive","Malignant supported","Malignant supported","Malignant supported","inferCNV pilot only","Supported within 2,420-cell pilot only","Not assigned"
"TGGTTAGCAATGGTCT_NS_07","P3007","NS_07","Malignant cells","Epithelial cells",0.271764963543413,"singlet",0.0589547518537903,"CNV_positive","Malignant supported","Malignant supported","Malignant supported","inferCNV pilot only","Supported within 2,420-cell pilot only","Not assigned"
"TTGGAACTCTATCCCG_NS_07","P3007","NS_07","Malignant cells","Epithelial cells",0.422694063787256,"singlet",0.045302328811395,"CNV_positive","Malignant supported","Malignant supported","Malignant supported","inferCNV pilot only","Supported within 2,420-cell pilot only","Not assigned"
"ATGGGAGAGCTATGCT_NS_07","P3007","NS_07","Malignant cells","Epithelial cells",0.477673214529488,"singlet",0.0500456007723397,"CNV_positive","Malignant supported","Malignant supported","Malignant supported","inferCNV pilot only","Supported within 2,420-cell pilot only","Not assigned"
"GCGGGTTCAAGCCTAT_NS_07","P3007","NS_07","Malignant cells","Epithelial cells",0.108843210755577,"singlet",0.0346489063808909,"CNV_positive","Malignant supported","Malignant supported","Malignant supported","inferCNV pilot only","Supported within 2,420-cell pilot only","Not assigned"
"GCAGCCAAGTATTGGA_NS_07","P3007","NS_07","Malignant cells","Epithelial cells",0.167534718325865,"singlet",0.050148807192087,"CNV_positive","Malignant supported","Malignant supported","Malignant supported","inferCNV pilot only","Supported within 2,420-cell pilot only","Not assigned"
"TAGTGGTCATTTGCTT_NS_07","P3007","NS_07","Malignant cells","Epithelial cells",0.0946277786246005,"singlet",0.0389778789908869,"CNV_positive","Malignant supported","Malignant supported","Malignant supported","inferCNV pilot only","Supported within 2,420-cell pilot only","Not assigned"
"ATCACGAAGTCCAGGA_NS_07","P3007","NS_07","Malignant cells","Epithelial cells",0.305634426834858,"singlet",0.0549610012307614,"CNV_positive","Malignant supported","Malignant supported","Malignant supported","inferCNV pilot only","Supported within 2,420-cell pilot only","Not assigned"
"TGACGGCGTCCGTGAC_NS_07","P3007","NS_07","Malignant cells","Epithelial cells",0.202806050373557,"singlet",0.0494988374724125,"CNV_positive","Malignant supported","Malignant supported","Malignant supported","inferCNV pilot only","Supported within 2,420-cell pilot only","Not assigned"
"TTTCCTCAGGTGCTAG_NS_07","P3007","NS_07","Malignant cells","Epithelial cells",0.229750327139492,"singlet",0.0387715826691951,"CNV_positive","Malignant supported","Malignant supported","Malignant supported","inferCNV pilot only","Supported within 2,420-cell pilot only","Not assigned"
"TCTTCGGCAACAACCT_NS_07","P3007","NS_07","Malignant cells","Epithelial cells",0.542002503004122,"singlet",0.0619459838526172,"CNV_positive","Malignant supported","Malignant supported","Malignant supported","inferCNV pilot only","Supported within 2,420-cell pilot only","Not assigned"
"TATTACCGTAGCTAAA_NS_07","P3007","NS_07","Malignant cells","Epithelial cells",0.267846880182839,"singlet",0.0473842131377074,"CNV_positive","Malignant supported","Malignant supported","Malignant supported","inferCNV pilot only","Supported within 2,420-cell pilot only","Not assigned"
"AGTGAGGGTCCAGTAT_NS_07","P3007","NS_07","Malignant cells","Epithelial cells",0.346295726726007,"singlet",0.0523544835186479,"CNV_positive","Malignant supported","Malignant supported","Malignant supported","inferCNV pilot only","Supported within 2,420-cell pilot only","Not assigned"
"GTGCATAAGTAGTGCG_NS_07","P3007","NS_07","Malignant cells","Epithelial cells",0.114390448856199,"singlet",0.0383045861539727,"CNV_positive","Malignant supported","Malignant supported","Malignant supported","inferCNV pilot only","Supported within 2,420-cell pilot only","Not assigned"
"GTATTCTGTACTCTCC_NS_07","P3007","NS_07","Malignant cells","Epithelial cells",0.238961011653817,"singlet",0.0540452715223628,"CNV_positive","Malignant supported","Malignant supported","Malignant supported","inferCNV pilot only","Supported within 2,420-cell pilot only","Not assigned"
"TGACAACGTCAATACC_NS_07","P3007","NS_07","Malignant cells","Epithelial cells",0.216904250650935,"singlet",0.0433911231744879,"CNV_positive","Malignant supported","Malignant supported","Malignant supported","inferCNV pilot only","Supported within 2,420-cell pilot only","Not assigned"
"TCAGGATAGGGAGTAA_NS_07","P3007","NS_07","Malignant cells","Epithelial cells",0.245393875481528,"singlet",0.0549769908057939,"CNV_positive","Malignant supported","Malignant supported","Malignant supported","inferCNV pilot only","Supported within 2,420-cell pilot only","Not assigned"
"CTTACCGAGCATCATC_NS_07","P3007","NS_07","Malignant cells","Epithelial cells",0.16172523836249,"singlet",0.0461131669112883,"CNV_positive","Malignant supported","Malignant supported","Malignant supported","inferCNV pilot only","Supported within 2,420-cell pilot only","Not assigned"
"TGATTTCTCCTTGACC_NS_07","P3007","NS_07","Malignant cells","Epithelial cells",0.452645386075732,"singlet",0.0516440630139045,"CNV_positive","Malignant supported","Malignant supported","Malignant supported","inferCNV pilot only","Supported within 2,420-cell pilot only","Not assigned"
"TCTTCGGAGCGATAGC_NS_07","P3007","NS_07","Malignant cells","Epithelial cells",0.027780190020531,"singlet",0.0313693793321958,"CNV_positive","Malignant supported","Malignant supported","Malignant supported","inferCNV pilot only","Supported within 2,420-cell pilot only","Not assigned"
"AAGACCTAGAACAACT_NS_07","P3007","NS_07","Malignant cells","Epithelial cells",0.263624211653234,"singlet",0.0428090585058784,"CNV_positive","Malignant supported","Malignant supported","Malignant supported","inferCNV pilot only","Supported within 2,420-cell pilot only","Not assigned"
"ACGAGGAGTTCGCTAA_NS_07","P3007","NS_07","Malignant cells","Epithelial cells",0.649450608171397,"doublet",0.0471446705771777,"CNV_positive","Uncertain","Uncertain","Uncertain","inferCNV pilot only","Uncertain within pilot","Not assigned"
"CTCTAATAGTGGTAAT_NS_07","P3007","NS_07","Malignant cells","Epithelial cells",0.327363283460927,"singlet",0.0504438756295634,"CNV_positive","Malignant supported","Malignant supported","Malignant supported","inferCNV pilot only","Supported within 2,420-cell pilot only","Not assigned"
"CGGACTGAGTGTCTCA_NS_07","P3007","NS_07","Malignant cells","Epithelial cells",0.487724934119752,"singlet",0.0478704858597478,"CNV_positive","Malignant supported","Malignant supported","Malignant supported","inferCNV pilot only","Supported within 2,420-cell pilot only","Not assigned"
"AGAGCTTAGCCTCGTG_NS_07","P3007","NS_07","Malignant cells","Epithelial cells",0.314894862468826,"singlet",0.0483824103369793,"CNV_positive","Malignant supported","Malignant supported","Malignant supported","inferCNV pilot only","Supported within 2,420-cell pilot only","Not assigned"
"CGATTGAAGTACATGA_NS_07","P3007","NS_07","Malignant cells","Epithelial cells",0.34130368521502,"singlet",0.0455302880930439,"CNV_positive","Malignant supported","Malignant supported","Malignant supported","inferCNV pilot only","Supported within 2,420-cell pilot only","Not assigned"
"TGTATTCAGTCCTCCT_NS_07","P3007","NS_07","Malignant cells","Epithelial cells",0.756913835940093,"doublet",0.0476976947645638,"CNV_positive","Uncertain","Uncertain","Uncertain","inferCNV pilot only","Uncertain within pilot","Not assigned"
"CGCGTTTAGCGCTTAT_NS_07","P3007","NS_07","Malignant cells","Epithelial cells",0.317337101908904,"singlet",0.0597218435776107,"CNV_positive","Malignant supported","Malignant supported","Malignant supported","inferCNV pilot only","Supported within 2,420-cell pilot only","Not assigned"
"AAAGTAGTCATATCGG_NS_07","P3007","NS_07","Malignant cells","Epithelial cells",0.260868464475616,"singlet",0.0601713547187233,"CNV_positive","Malignant supported","Malignant supported","Malignant supported","inferCNV pilot only","Supported within 2,420-cell pilot only","Not assigned"
"AAGTCTGGTACTTCTT_NS_07","P3007","NS_07","Malignant cells","Epithelial cells",0.441098665161981,"singlet",0.0524736068820118,"CNV_positive","Malignant supported","Malignant supported","Malignant supported","inferCNV pilot only","Supported within 2,420-cell pilot only","Not assigned"
"ATAACGCCAAGGTTTC_NS_07","P3007","NS_07","Malignant cells","Epithelial cells",0.0849572063060779,"singlet",0.046600271948759,"CNV_positive","Malignant supported","Malignant supported","Malignant supported","inferCNV pilot only","Supported within 2,420-cell pilot only","Not assigned"
"CTGGTCTTCGGTCTAA_NS_07","P3007","NS_07","Malignant cells","Epithelial cells",0.291511058327259,"singlet",0.0475866795390719,"CNV_positive","Malignant supported","Malignant supported","Malignant supported","inferCNV pilot only","Supported within 2,420-cell pilot only","Not assigned"
"GACTGCGTCGAATGCT_NS_07","P3007","NS_07","Malignant cells","Epithelial cells",0.200250787513235,"singlet",0.0307075117456615,"CNV_positive","Malignant supported","Malignant supported","Malignant supported","inferCNV pilot only","Supported within 2,420-cell pilot only","Not assigned"
"CCTTTCTGTTGAGTTC_NS_07","P3007","NS_07","Malignant cells","Epithelial cells",0.134883647959424,"singlet",0.031409156345572,"CNV_positive","Malignant supported","Malignant supported","Malignant supported","inferCNV pilot only","Supported within 2,420-cell pilot only","Not assigned"
"TCGAGGCTCGTTACAG_NS_07","P3007","NS_07","Malignant cells","Epithelial cells",0.053992688924726,"singlet",0.0301416635097121,"CNV_positive","Malignant supported","Malignant supported","Malignant supported","inferCNV pilot only","Supported within 2,420-cell pilot only","Not assigned"
"AGCATACCACATGTGT_NS_07","P3007","NS_07","Malignant cells","Epithelial cells",0.299818659604481,"singlet",0.0493146863399498,"CNV_positive","Malignant supported","Malignant supported","Malignant supported","inferCNV pilot only","Supported within 2,420-cell pilot only","Not assigned"
"AAATGCCGTTCGGGCT_NS_07","P3007","NS_07","Malignant cells","Epithelial cells",0.278269141322751,"singlet",0.0452882293199145,"CNV_positive","Malignant supported","Malignant supported","Malignant supported","inferCNV pilot only","Supported within 2,420-cell pilot only","Not assigned"
"TGGTTCCCATCACGAT_NS_07","P3007","NS_07","Malignant cells","Epithelial cells",0.364819474089122,"singlet",0.0499757766940832,"CNV_positive","Malignant supported","Malignant supported","Malignant supported","inferCNV pilot only","Supported within 2,420-cell pilot only","Not assigned"
"TCGCGAGGTCCGAAGA_NS_07","P3007","NS_07","Malignant cells","Epithelial cells",0.120372500681689,"singlet",0.0431172601947886,"CNV_positive","Malignant supported","Malignant supported","Malignant supported","inferCNV pilot only","Supported within 2,420-cell pilot only","Not assigned"
"CTCCTAGGTCGCATAT_NS_07","P3007","NS_07","Malignant cells","Epithelial cells",0.277779857180954,"singlet",0.0390377684387463,"CNV_positive","Malignant supported","Malignant supported","Malignant supported","inferCNV pilot only","Supported within 2,420-cell pilot only","Not assigned"
"CCACGGACAAATCCGT_NS_07","P3007","NS_07","Malignant cells","Epithelial cells",0.679337426042822,"doublet",0.0519339762653601,"CNV_positive","Uncertain","Uncertain","Uncertain","inferCNV pilot only","Uncertain within pilot","Not assigned"
"CTACCCAAGACACGAC_NS_07","P3007","NS_07","Malignant cells","Epithelial cells",0.556242489888476,"singlet",0.0545104605483247,"CNV_positive","Malignant supported","Malignant supported","Malignant supported","inferCNV pilot only","Supported within 2,420-cell pilot only","Not assigned"
"CCTAAAGCACCACCAG_NS_07","P3007","NS_07","Malignant cells","Epithelial cells",0.197812574862848,"singlet",0.0377728431321288,"CNV_positive","Malignant supported","Malignant supported","Malignant supported","inferCNV pilot only","Supported within 2,420-cell pilot only","Not assigned"
"CATGCCTTCATAAAGG_NS_07","P3007","NS_07","Malignant cells","Epithelial cells",0.296379214868231,"singlet",0.0473792040901162,"CNV_positive","Malignant supported","Malignant supported","Malignant supported","inferCNV pilot only","Supported within 2,420-cell pilot only","Not assigned"
"TTCGGTCTCCAAACTG_NS_12","P3012","NS_12","Malignant cells","Epithelial cells",0.348111224887184,"singlet",0.039126751897438,"CNV_positive","Malignant supported","Malignant supported","Malignant supported","inferCNV pilot only","Supported within 2,420-cell pilot only","Not assigned"
"GGGAATGTCATGTCCC_NS_12","P3012","NS_12","Malignant cells","Epithelial cells",0.4375,"doublet",0.0442919272757482,"CNV_positive","Uncertain","Uncertain","Uncertain","inferCNV pilot only","Uncertain within pilot","Not assigned"
"GTTAAGCCAATGAAAC_NS_12","P3012","NS_12","Malignant cells","Epithelial cells",0.275,"singlet",0.0307988763755773,"CNV_positive","Malignant supported","Malignant supported","Malignant supported","inferCNV pilot only","Supported within 2,420-cell pilot only","Not assigned"
"CTTAGGAAGATCCTGT_NS_12","P3012","NS_12","Malignant cells","Epithelial cells",0.2625,"singlet",0.0397582143938055,"CNV_positive","Malignant supported","Malignant supported","Malignant supported","inferCNV pilot only","Supported within 2,420-cell pilot only","Not assigned"
"GTCCTCATCCAAGTAC_NS_12","P3012","NS_12","Malignant cells","Epithelial cells",0.25,"singlet",0.0493557599092095,"CNV_positive","Malignant supported","Malignant supported","Malignant supported","inferCNV pilot only","Supported within 2,420-cell pilot only","Not assigned"
"CAAGGCCTCGCAAGCC_NS_12","P3012","NS_12","Malignant cells","Epithelial cells",0.572741213381526,"doublet",0.046419610182429,"CNV_positive","Uncertain","Uncertain","Uncertain","inferCNV pilot only","Uncertain within pilot","Not assigned"
"ACAGCTAGTATCTGCA_NS_12","P3012","NS_12","Malignant cells","Epithelial cells",0.45,"doublet",0.0450507200346533,"CNV_positive","Uncertain","Uncertain","Uncertain","inferCNV pilot only","Uncertain within pilot","Not assigned"
"GAACATCTCGAACTGT_NS_12","P3012","NS_12","Malignant cells","Epithelial cells",0.175,"singlet",0.0395953535119284,"CNV_positive","Malignant supported","Malignant supported","Malignant supported","inferCNV pilot only","Supported within 2,420-cell pilot only","Not assigned"
"CAAGTTGTCATCGCTC_NS_12","P3012","NS_12","Malignant cells","Epithelial cells",0.35,"singlet",0.0483945512533877,"CNV_positive","Malignant supported","Malignant supported","Malignant supported","inferCNV pilot only","Supported within 2,420-cell pilot only","Not assigned"
"CATATTCAGTGGTAAT_NS_12","P3012","NS_12","Malignant cells","Epithelial cells",0.0531963234655678,"singlet",0.0286953166895022,"CNV_positive","Malignant supported","Malignant supported","Malignant supported","inferCNV pilot only","Supported within 2,420-cell pilot only","Not assigned"
"TGAGCCGCAAGTAGTA_NS_12","P3012","NS_12","Malignant cells","Epithelial cells",0.2375,"singlet",0.0306211573690777,"CNV_positive","Malignant supported","Malignant supported","Malignant supported","inferCNV pilot only","Supported within 2,420-cell pilot only","Not assigned"
"AGAGCGAGTTACGCGC_NS_12","P3012","NS_12","Malignant cells","Epithelial cells",0.2375,"singlet",0.0536258919217137,"CNV_positive","Malignant supported","Malignant supported","Malignant supported","inferCNV pilot only","Supported within 2,420-cell pilot only","Not assigned"
"GTCTTCGAGTGGGATC_NS_12","P3012","NS_12","Malignant cells","Epithelial cells",0.275,"singlet",0.0580763428006092,"CNV_positive","Malignant supported","Malignant supported","Malignant supported","inferCNV pilot only","Supported within 2,420-cell pilot only","Not assigned"
"CAGCTAAAGTATGACA_NS_12","P3012","NS_12","Malignant cells","Epithelial cells",0.3125,"singlet",0.0351610664274727,"CNV_positive","Malignant supported","Malignant supported","Malignant supported","inferCNV pilot only","Supported within 2,420-cell pilot only","Not assigned"
"CGAGAAGGTTTAAGCC_NS_12","P3012","NS_12","Malignant cells","Epithelial cells",0.35,"singlet",0.0462640721187158,"CNV_positive","Malignant supported","Malignant supported","Malignant supported","inferCNV pilot only","Supported within 2,420-cell pilot only","Not assigned"
"GCATGCGAGAGATGAG_NS_12","P3012","NS_12","Malignant cells","Epithelial cells",0.1625,"singlet",0.0412796813174921,"CNV_positive","Malignant supported","Malignant supported","Malignant supported","inferCNV pilot only","Supported within 2,420-cell pilot only","Not assigned"
"ATAACGCGTGGCAAAC_NS_12","P3012","NS_12","Malignant cells","Epithelial cells",0.025,"singlet",0.0272536713655782,"CNV_positive","Malignant supported","Malignant supported","Malignant supported","inferCNV pilot only","Supported within 2,420-cell pilot only","Not assigned"
"AGCGTCGAGCGGATCA_NS_12","P3012","NS_12","Malignant cells","Epithelial cells",0.0625,"singlet",0.0421571834108888,"CNV_positive","Malignant supported","Malignant supported","Malignant supported","inferCNV pilot only","Supported within 2,420-cell pilot only","Not assigned"
"GTCAAGTGTTCGTGAT_NS_12","P3012","NS_12","Malignant cells","Epithelial cells",0.2625,"singlet",0.0356393537290374,"CNV_positive","Malignant supported","Malignant supported","Malignant supported","inferCNV pilot only","Supported within 2,420-cell pilot only","Not assigned"
"CACACAATCCCTAATT_NS_12","P3012","NS_12","Malignant cells","Epithelial cells",0.2625,"singlet",0.0417719239210476,"CNV_positive","Malignant supported","Malignant supported","Malignant supported","inferCNV pilot only","Supported within 2,420-cell pilot only","Not assigned"
"CAGTCCTTCGTGACAT_NS_12","P3012","NS_12","Malignant cells","Epithelial cells",0.0625,"singlet",0.0251350906240114,"CNV_positive","Malignant supported","Malignant supported","Malignant supported","inferCNV pilot only","Supported within 2,420-cell pilot only","Not assigned"
"GTAGGCCCACCGTTGG_NS_12","P3012","NS_12","Malignant cells","Epithelial cells",0.05,"singlet",0.0381574919233462,"CNV_positive","Malignant supported","Malignant supported","Malignant supported","inferCNV pilot only","Supported within 2,420-cell pilot only","Not assigned"
"ACACTGAGTAAGTGGC_NS_12","P3012","NS_12","Malignant cells","Epithelial cells",0.275,"singlet",0.045312577902698,"CNV_positive","Malignant supported","Malignant supported","Malignant supported","inferCNV pilot only","Supported within 2,420-cell pilot only","Not assigned"
"GTTACAGCAGTCGTGC_NS_12","P3012","NS_12","Malignant cells","Epithelial cells",0.1875,"singlet",0.0401098510780992,"CNV_positive","Malignant supported","Malignant supported","Malignant supported","inferCNV pilot only","Supported within 2,420-cell pilot only","Not assigned"
"TATTACCTCTTGAGGT_NS_12","P3012","NS_12","Malignant cells","Epithelial cells",0.0125,"singlet",0.0245751946340799,"CNV_positive","Malignant supported","Malignant supported","Malignant supported","inferCNV pilot only","Supported within 2,420-cell pilot only","Not assigned"
"TTGGCAACATATACGC_NS_12","P3012","NS_12","Malignant cells","Epithelial cells",0.2875,"singlet",0.0428126560617015,"CNV_positive","Malignant supported","Malignant supported","Malignant supported","inferCNV pilot only","Supported within 2,420-cell pilot only","Not assigned"
"TTCTCCTAGTGGGCTA_NS_12","P3012","NS_12","Malignant cells","Epithelial cells",0.075,"singlet",0.0477948173146456,"CNV_positive","Malignant supported","Malignant supported","Malignant supported","inferCNV pilot only","Supported within 2,420-cell pilot only","Not assigned"
"AGATCTGGTATAGGGC_NS_12","P3012","NS_12","Malignant cells","Epithelial cells",0.2375,"singlet",0.0596616723425071,"CNV_positive","Malignant supported","Malignant supported","Malignant supported","inferCNV pilot only","Supported within 2,420-cell pilot only","Not assigned"
"ATAGACCTCATTTGGG_NS_12","P3012","NS_12","Malignant cells","Epithelial cells",0.375,"singlet",0.0467939326179181,"CNV_positive","Malignant supported","Malignant supported","Malignant supported","inferCNV pilot only","Supported within 2,420-cell pilot only","Not assigned"
"CGATCGGTCAGCGACC_NS_12","P3012","NS_12","Malignant cells","Epithelial cells",0.05,"singlet",0.0351690968636336,"CNV_positive","Malignant supported","Malignant supported","Malignant supported","inferCNV pilot only","Supported within 2,420-cell pilot only","Not assigned"
"AACTCTTAGATGTCGG_NS_12","P3012","NS_12","Malignant cells","Epithelial cells",0.025,"singlet",0.0281360071984998,"CNV_positive","Malignant supported","Malignant supported","Malignant supported","inferCNV pilot only","Supported within 2,420-cell pilot only","Not assigned"
"AGTCTTTCATCAGTCA_NS_12","P3012","NS_12","Malignant cells","Epithelial cells",0.3375,"singlet",0.0423610648401473,"CNV_positive","Malignant supported","Malignant supported","Malignant supported","inferCNV pilot only","Supported within 2,420-cell pilot only","Not assigned"
"CACACTCGTGCAACGA_NS_12","P3012","NS_12","Malignant cells","Epithelial cells",0.025,"singlet",0.0293478851537928,"CNV_positive","Malignant supported","Malignant supported","Malignant supported","inferCNV pilot only","Supported within 2,420-cell pilot only","Not assigned"
"ATGTGTGTCACAGGCC_NS_12","P3012","NS_12","Malignant cells","Epithelial cells",0.3375,"singlet",0.0523128452596512,"CNV_positive","Malignant supported","Malignant supported","Malignant supported","inferCNV pilot only","Supported within 2,420-cell pilot only","Not assigned"
"GTTTCTAGTATCACCA_NS_12","P3012","NS_12","Malignant cells","Epithelial cells",0.2875,"singlet",0.0453167236307371,"CNV_positive","Malignant supported","Malignant supported","Malignant supported","inferCNV pilot only","Supported within 2,420-cell pilot only","Not assigned"
"CTTAACTCATCCGTGG_NS_12","P3012","NS_12","Malignant cells","Epithelial cells",0.05,"singlet",0.0337147243197736,"CNV_positive","Malignant supported","Malignant supported","Malignant supported","inferCNV pilot only","Supported within 2,420-cell pilot only","Not assigned"
"CACCTTGAGCCACGCT_NS_12","P3012","NS_12","Malignant cells","Epithelial cells",0.4125,"doublet",0.0415291088750877,"CNV_positive","Uncertain","Uncertain","Uncertain","inferCNV pilot only","Uncertain within pilot","Not assigned"
"CGCCAAGAGACTAGAT_NS_12","P3012","NS_12","Malignant cells","Epithelial cells",0.325,"singlet",0.0452636279206099,"CNV_positive","Malignant supported","Malignant supported","Malignant supported","inferCNV pilot only","Supported within 2,420-cell pilot only","Not assigned"
"TGTCCCATCAGGCAAG_NS_12","P3012","NS_12","Malignant cells","Epithelial cells",0.1875,"singlet",0.0382931650903697,"CNV_positive","Malignant supported","Malignant supported","Malignant supported","inferCNV pilot only","Supported within 2,420-cell pilot only","Not assigned"
"TGAGGGACACGAAACG_NS_12","P3012","NS_12","Malignant cells","Epithelial cells",0.025,"singlet",0.0313042751135648,"CNV_positive","Malignant supported","Malignant supported","Malignant supported","inferCNV pilot only","Supported within 2,420-cell pilot only","Not assigned"
"GTATCTTTCTTGCCGT_NS_12","P3012","NS_12","Malignant cells","Epithelial cells",0.225,"singlet",0.0515550126292861,"CNV_positive","Malignant supported","Malignant supported","Malignant supported","inferCNV pilot only","Supported within 2,420-cell pilot only","Not assigned"
"ACTGATGCAGTTTACG_NS_12","P3012","NS_12","Malignant cells","Epithelial cells",0.3,"singlet",0.0402271743119181,"CNV_positive","Malignant supported","Malignant supported","Malignant supported","inferCNV pilot only","Supported within 2,420-cell pilot only","Not assigned"
"GCTGGGTAGGCCCGTT_NS_12","P3012","NS_12","Malignant cells","Epithelial cells",0.2875,"singlet",0.0397595265463681,"CNV_positive","Malignant supported","Malignant supported","Malignant supported","inferCNV pilot only","Supported within 2,420-cell pilot only","Not assigned"
"CATCAGATCGCTAGCG_NS_12","P3012","NS_12","Malignant cells","Epithelial cells",0.2625,"singlet",0.0448589687076941,"CNV_positive","Malignant supported","Malignant supported","Malignant supported","inferCNV pilot only","Supported within 2,420-cell pilot only","Not assigned"
"GCATGCGGTTGGGACA_NS_12","P3012","NS_12","Malignant cells","Epithelial cells",0.375,"singlet",0.0396592110908524,"CNV_positive","Malignant supported","Malignant supported","Malignant supported","inferCNV pilot only","Supported within 2,420-cell pilot only","Not assigned"
"CGAGCCACAACAACCT_NS_12","P3012","NS_12","Malignant cells","Epithelial cells",0.263524324493759,"singlet",0.0354986341240664,"CNV_positive","Malignant supported","Malignant supported","Malignant supported","inferCNV pilot only","Supported within 2,420-cell pilot only","Not assigned"
"AAGCCGCGTGCTTCTC_NS_12","P3012","NS_12","Malignant cells","Epithelial cells",0.545894731975217,"doublet",0.0481117848479682,"CNV_positive","Uncertain","Uncertain","Uncertain","inferCNV pilot only","Uncertain within pilot","Not assigned"
"CGACCTTAGCACAGGT_NS_12","P3012","NS_12","Malignant cells","Epithelial cells",0.025,"singlet",0.0347949407678362,"CNV_positive","Malignant supported","Malignant supported","Malignant supported","inferCNV pilot only","Supported within 2,420-cell pilot only","Not assigned"
"ATTGGACAGCAACGGT_NS_12","P3012","NS_12","Malignant cells","Epithelial cells",0.1625,"singlet",0.0330383272563604,"CNV_positive","Malignant supported","Malignant supported","Malignant supported","inferCNV pilot only","Supported within 2,420-cell pilot only","Not assigned"
"ACATGGTAGGAGTTGC_NS_12","P3012","NS_12","Malignant cells","Epithelial cells",0.3625,"singlet",0.0545796780652207,"CNV_positive","Malignant supported","Malignant supported","Malignant supported","inferCNV pilot only","Supported within 2,420-cell pilot only","Not assigned"
"TTGACTTCACGTGAGA_NS_13","P3013","NS_13","Malignant cells","Epithelial cells",0.164943151356134,"singlet",0.0383840045908526,"CNV_positive","Malignant supported","Malignant supported","Malignant supported","inferCNV pilot only","Supported within 2,420-cell pilot only","Not assigned"
"CGCCAAGAGCTAAGAT_NS_13","P3013","NS_13","Malignant cells","Epithelial cells",0.147159557106656,"singlet",0.0440127038076452,"CNV_positive","Malignant supported","Malignant supported","Malignant supported","inferCNV pilot only","Supported within 2,420-cell pilot only","Not assigned"
"CTTAGGACACATCCGG_NS_13","P3013","NS_13","Malignant cells","Epithelial cells",0.205838729518198,"singlet",0.0376540048712945,"CNV_positive","Malignant supported","Malignant supported","Malignant supported","inferCNV pilot only","Supported within 2,420-cell pilot only","Not assigned"
"AGTCTTTCACAAGACG_NS_13","P3013","NS_13","Malignant cells","Epithelial cells",0.0969423446119983,"singlet",0.026195658573392,"CNV_positive","Malignant supported","Malignant supported","Malignant supported","inferCNV pilot only","Supported within 2,420-cell pilot only","Not assigned"
"CGCTATCAGCAGGCTA_NS_13","P3013","NS_13","Malignant cells","Epithelial cells",0.020814328565352,"singlet",0.035241007650181,"CNV_positive","Malignant supported","Malignant supported","Malignant supported","inferCNV pilot only","Supported within 2,420-cell pilot only","Not assigned"
"GGGCACTTCTTCTGGC_NS_13","P3013","NS_13","Malignant cells","Epithelial cells",0.00803325685769678,"singlet",0.0381576274861753,"CNV_positive","Malignant supported","Malignant supported","Malignant supported","inferCNV pilot only","Supported within 2,420-cell pilot only","Not assigned"
"CTGTTTAGTACCGGCT_NS_13","P3013","NS_13","Malignant cells","Epithelial cells",0.189454180060521,"singlet",0.0295916585275604,"CNV_positive","Malignant supported","Malignant supported","Malignant supported","inferCNV pilot only","Supported within 2,420-cell pilot only","Not assigned"
"CACCACTCAATGTTGC_NS_13","P3013","NS_13","Malignant cells","Epithelial cells",0.18224839083172,"singlet",0.0327537441780638,"CNV_positive","Malignant supported","Malignant supported","Malignant supported","inferCNV pilot only","Supported within 2,420-cell pilot only","Not assigned"
"ACATACGGTCTAAACC_NS_13","P3013","NS_13","Malignant cells","Epithelial cells",0.184035707601108,"singlet",0.0393433810511733,"CNV_positive","Malignant supported","Malignant supported","Malignant supported","inferCNV pilot only","Supported within 2,420-cell pilot only","Not assigned"
"TGCGTGGTCGTCGTTC_NS_13","P3013","NS_13","Malignant cells","Epithelial cells",0.00951318359787543,"singlet",0.0385619124180487,"CNV_positive","Malignant supported","Malignant supported","Malignant supported","inferCNV pilot only","Supported within 2,420-cell pilot only","Not assigned"
"TTGACTTAGTGGGCTA_NS_13","P3013","NS_13","Malignant cells","Epithelial cells",0.140440256559486,"singlet",0.0236207837282807,"CNV_positive","Malignant supported","Malignant supported","Malignant supported","inferCNV pilot only","Supported within 2,420-cell pilot only","Not assigned"
"GCGACCAAGCGTTTAC_NS_13","P3013","NS_13","Malignant cells","Epithelial cells",0.38778440300821,"doublet",0.0390693281621359,"CNV_positive","Uncertain","Uncertain","Uncertain","inferCNV pilot only","Uncertain within pilot","Not assigned"
"GTCCTCAAGAAGGACA_NS_13","P3013","NS_13","Malignant cells","Epithelial cells",0.313513752339089,"singlet",0.0343175650397586,"CNV_positive","Malignant supported","Malignant supported","Malignant supported","inferCNV pilot only","Supported within 2,420-cell pilot only","Not assigned"
"AACTCAGCAGGTTTCA_NS_13","P3013","NS_13","Malignant cells","Epithelial cells",0.0635435009923392,"singlet",0.0313055179123113,"CNV_positive","Malignant supported","Malignant supported","Malignant supported","inferCNV pilot only","Supported within 2,420-cell pilot only","Not assigned"
"GTTACAGGTCATCGGC_NS_13","P3013","NS_13","Malignant cells","Epithelial cells",0.180544201493365,"singlet",0.0312097901344951,"CNV_positive","Malignant supported","Malignant supported","Malignant supported","inferCNV pilot only","Supported within 2,420-cell pilot only","Not assigned"
"AGGTCATTCGTCCAGG_NS_13","P3013","NS_13","Malignant cells","Epithelial cells",0.232687865855707,"singlet",0.0430879362503139,"CNV_positive","Malignant supported","Malignant supported","Malignant supported","inferCNV pilot only","Supported within 2,420-cell pilot only","Not assigned"
"ATGCGATTCAATAAGG_NS_13","P3013","NS_13","Malignant cells","Epithelial cells",0.0558696324286305,"singlet",0.0379728156084443,"CNV_positive","Malignant supported","Malignant supported","Malignant supported","inferCNV pilot only","Supported within 2,420-cell pilot only","Not assigned"
"CATGACATCGAATGCT_NS_13","P3013","NS_13","Malignant cells","Epithelial cells",0.0108709608245313,"singlet",0.0366736124979449,"CNV_positive","Malignant supported","Malignant supported","Malignant supported","inferCNV pilot only","Supported within 2,420-cell pilot only","Not assigned"
"TACTCGCTCTACTCAT_NS_13","P3013","NS_13","Malignant cells","Epithelial cells",0.323996473008654,"singlet",0.0346166133429804,"CNV_positive","Malignant supported","Malignant supported","Malignant supported","inferCNV pilot only","Supported within 2,420-cell pilot only","Not assigned"
"ATCCACCAGACGCTTT_NS_13","P3013","NS_13","Malignant cells","Epithelial cells",0.0103670602327324,"singlet",0.0334851661628828,"CNV_positive","Malignant supported","Malignant supported","Malignant supported","inferCNV pilot only","Supported within 2,420-cell pilot only","Not assigned"
"TGCTGCTTCCAAGTAC_NS_13","P3013","NS_13","Malignant cells","Epithelial cells",0.0186299006746061,"singlet",0.0295353274478531,"CNV_positive","Malignant supported","Malignant supported","Malignant supported","inferCNV pilot only","Supported within 2,420-cell pilot only","Not assigned"
"TCAGGTATCATCTGCC_NS_13","P3013","NS_13","Malignant cells","Epithelial cells",0.0207781581247558,"singlet",0.0383428245360048,"CNV_positive","Malignant supported","Malignant supported","Malignant supported","inferCNV pilot only","Supported within 2,420-cell pilot only","Not assigned"
"GTACGTACAAGAAAGG_NS_13","P3013","NS_13","Malignant cells","Epithelial cells",0.110003113154445,"singlet",0.0490079378607401,"CNV_positive","Malignant supported","Malignant supported","Malignant supported","inferCNV pilot only","Supported within 2,420-cell pilot only","Not assigned"
"CGTGAGCGTTGTACAC_NS_13","P3013","NS_13","Malignant cells","Epithelial cells",0.0712458450457644,"singlet",0.042919864464649,"CNV_positive","Malignant supported","Malignant supported","Malignant supported","inferCNV pilot only","Supported within 2,420-cell pilot only","Not assigned"
"GCTCCTAAGGATGTAT_NS_13","P3013","NS_13","Malignant cells","Epithelial cells",0.422986356744601,"doublet",0.0386675812853051,"CNV_positive","Uncertain","Uncertain","Uncertain","inferCNV pilot only","Uncertain within pilot","Not assigned"
"CATATGGGTATGAATG_NS_13","P3013","NS_13","Malignant cells","Epithelial cells",0.301619176230815,"singlet",0.0348815586828071,"CNV_positive","Malignant supported","Malignant supported","Malignant supported","inferCNV pilot only","Supported within 2,420-cell pilot only","Not assigned"
"AAACCTGTCGAGAACG_NS_13","P3013","NS_13","Malignant cells","Epithelial cells",0.286490531250852,"singlet",0.041179942823737,"CNV_positive","Malignant supported","Malignant supported","Malignant supported","inferCNV pilot only","Supported within 2,420-cell pilot only","Not assigned"
"TCAACGATCTATCGCC_NS_13","P3013","NS_13","Malignant cells","Epithelial cells",0.349221998653977,"singlet",0.0388523294583694,"CNV_positive","Malignant supported","Malignant supported","Malignant supported","inferCNV pilot only","Supported within 2,420-cell pilot only","Not assigned"
"TCTTCGGCATCCGGGT_NS_13","P3013","NS_13","Malignant cells","Epithelial cells",0.233116860321435,"singlet",0.0336556781792744,"CNV_positive","Malignant supported","Malignant supported","Malignant supported","inferCNV pilot only","Supported within 2,420-cell pilot only","Not assigned"
"AGCAGCCTCGTGACAT_NS_13","P3013","NS_13","Malignant cells","Epithelial cells",0.250915033858743,"singlet",0.0375002717506506,"CNV_positive","Malignant supported","Malignant supported","Malignant supported","inferCNV pilot only","Supported within 2,420-cell pilot only","Not assigned"
"GTCACAACAGTATCTG_NS_13","P3013","NS_13","Malignant cells","Epithelial cells",0.0525700991313129,"singlet",0.0442719690365612,"CNV_positive","Malignant supported","Malignant supported","Malignant supported","inferCNV pilot only","Supported within 2,420-cell pilot only","Not assigned"
"AGTGAGGTCACATACG_NS_13","P3013","NS_13","Malignant cells","Epithelial cells",0.2789494775007,"singlet",0.0417561047258853,"CNV_positive","Malignant supported","Malignant supported","Malignant supported","inferCNV pilot only","Supported within 2,420-cell pilot only","Not assigned"
"GTTAAGCGTCAGAATA_NS_13","P3013","NS_13","Malignant cells","Epithelial cells",0.0531205611545874,"singlet",0.0379311115999467,"CNV_positive","Malignant supported","Malignant supported","Malignant supported","inferCNV pilot only","Supported within 2,420-cell pilot only","Not assigned"
"ATTGGACTCAACCATG_NS_13","P3013","NS_13","Malignant cells","Epithelial cells",0.387228391982379,"doublet",0.0453958843131771,"CNV_positive","Uncertain","Uncertain","Uncertain","inferCNV pilot only","Uncertain within pilot","Not assigned"
"GTAGGCCAGCCAGTAG_NS_13","P3013","NS_13","Malignant cells","Epithelial cells",0.461658339863023,"doublet",0.0317165098533355,"CNV_positive","Uncertain","Uncertain","Uncertain","inferCNV pilot only","Uncertain within pilot","Not assigned"
"CATGCCTTCCAAACTG_NS_13","P3013","NS_13","Malignant cells","Epithelial cells",0.344476864863676,"singlet",0.0347540125630801,"CNV_positive","Malignant supported","Malignant supported","Malignant supported","inferCNV pilot only","Supported within 2,420-cell pilot only","Not assigned"
"TCCACACTCGTAGGTT_NS_13","P3013","NS_13","Malignant cells","Epithelial cells",0.0264268024753163,"singlet",0.0252978855709775,"CNV_positive","Malignant supported","Malignant supported","Malignant supported","inferCNV pilot only","Supported within 2,420-cell pilot only","Not assigned"
"GACAGAGTCCCACTTG_NS_13","P3013","NS_13","Malignant cells","Epithelial cells",0.147496900506458,"singlet",0.0305726175545508,"CNV_positive","Malignant supported","Malignant supported","Malignant supported","inferCNV pilot only","Supported within 2,420-cell pilot only","Not assigned"
"CTCGAAACAATGGACG_NS_13","P3013","NS_13","Malignant cells","Epithelial cells",0.0732267910008204,"singlet",0.0414684854787557,"CNV_positive","Malignant supported","Malignant supported","Malignant supported","inferCNV pilot only","Supported within 2,420-cell pilot only","Not assigned"
"CTTCTCTCACCCAGTG_NS_13","P3013","NS_13","Malignant cells","Epithelial cells",0.0625589479214129,"singlet",0.0429108428263327,"CNV_positive","Malignant supported","Malignant supported","Malignant supported","inferCNV pilot only","Supported within 2,420-cell pilot only","Not assigned"
"GACCTGGCAATTCCTT_NS_13","P3013","NS_13","Malignant cells","Epithelial cells",0.180844908346156,"singlet",0.0394146951033528,"CNV_positive","Malignant supported","Malignant supported","Malignant supported","inferCNV pilot only","Supported within 2,420-cell pilot only","Not assigned"
"CAGGTGCTCCACGCAG_NS_13","P3013","NS_13","Malignant cells","Epithelial cells",0.133258702607746,"singlet",0.0349022227461342,"CNV_positive","Malignant supported","Malignant supported","Malignant supported","inferCNV pilot only","Supported within 2,420-cell pilot only","Not assigned"
"TACTTGTTCAGGTAAA_NS_13","P3013","NS_13","Malignant cells","Epithelial cells",0.0104749347142976,"singlet",0.0281851278029077,"CNV_positive","Malignant supported","Malignant supported","Malignant supported","inferCNV pilot only","Supported within 2,420-cell pilot only","Not assigned"
"AGCGTATAGCGTTTAC_NS_13","P3013","NS_13","Malignant cells","Epithelial cells",0.291408326370404,"singlet",0.0268238965616268,"CNV_positive","Malignant supported","Malignant supported","Malignant supported","inferCNV pilot only","Supported within 2,420-cell pilot only","Not assigned"
"TGAAAGACAGGTTTCA_NS_13","P3013","NS_13","Malignant cells","Epithelial cells",0.0301730395401252,"singlet",0.0467829044536086,"CNV_positive","Malignant supported","Malignant supported","Malignant supported","inferCNV pilot only","Supported within 2,420-cell pilot only","Not assigned"
"TTGACTTCAATCGAAA_NS_13","P3013","NS_13","Malignant cells","Epithelial cells",0.147134434439414,"singlet",0.0315844645817451,"CNV_positive","Malignant supported","Malignant supported","Malignant supported","inferCNV pilot only","Supported within 2,420-cell pilot only","Not assigned"
"GGCGTGTAGCGATGAC_NS_13","P3013","NS_13","Malignant cells","Epithelial cells",0.287636296678902,"singlet",0.036667875244136,"CNV_positive","Malignant supported","Malignant supported","Malignant supported","inferCNV pilot only","Supported within 2,420-cell pilot only","Not assigned"
"CACATAGCATGCAATC_NS_13","P3013","NS_13","Malignant cells","Epithelial cells",0.171141703903767,"singlet",0.0383275011184702,"CNV_positive","Malignant supported","Malignant supported","Malignant supported","inferCNV pilot only","Supported within 2,420-cell pilot only","Not assigned"
"TCAACGAGTACAAGTA_NS_13","P3013","NS_13","Malignant cells","Epithelial cells",0.171307559274549,"singlet",0.0265304784929453,"CNV_positive","Malignant supported","Malignant supported","Malignant supported","inferCNV pilot only","Supported within 2,420-cell pilot only","Not assigned"
"AGCTCTCAGTTCGATC_NS_13","P3013","NS_13","Malignant cells","Epithelial cells",0.0107982438542433,"singlet",0.0365332795249868,"CNV_positive","Malignant supported","Malignant supported","Malignant supported","inferCNV pilot only","Supported within 2,420-cell pilot only","Not assigned"
"ATTGGTGCAAGCCCAC_NS_16","P3016","NS_16","Malignant cells","Epithelial cells",0.256303158264964,"singlet",0.0322242263267081,"CNV_positive","Malignant supported","Malignant supported","Malignant supported","inferCNV pilot only","Supported within 2,420-cell pilot only","Not assigned"
"GGCAATTCATGCCTAA_NS_16","P3016","NS_16","Malignant cells","Epithelial cells",0.27148078835988,"singlet",0.0305847233125656,"CNV_positive","Malignant supported","Malignant supported","Malignant supported","inferCNV pilot only","Supported within 2,420-cell pilot only","Not assigned"
"CATCAAGGTAGAGGAA_NS_16","P3016","NS_16","Malignant cells","Epithelial cells",0.204348105458354,"singlet",0.0465388775032974,"CNV_positive","Malignant supported","Malignant supported","Malignant supported","inferCNV pilot only","Supported within 2,420-cell pilot only","Not assigned"
"CTAACTTGTATGAAAC_NS_16","P3016","NS_16","Malignant cells","Epithelial cells",0.161133831304384,"singlet",0.0422688990586906,"CNV_positive","Malignant supported","Malignant supported","Malignant supported","inferCNV pilot only","Supported within 2,420-cell pilot only","Not assigned"
"TTGACTTTCCTTTCGG_NS_16","P3016","NS_16","Malignant cells","Epithelial cells",0.214011553109323,"singlet",0.0352025600273482,"CNV_positive","Malignant supported","Malignant supported","Malignant supported","inferCNV pilot only","Supported within 2,420-cell pilot only","Not assigned"
"GTACTTTTCTAACGGT_NS_16","P3016","NS_16","Malignant cells","Epithelial cells",0.361788182459474,"singlet",0.031363722761443,"CNV_positive","Malignant supported","Malignant supported","Malignant supported","inferCNV pilot only","Supported within 2,420-cell pilot only","Not assigned"
"GTCACAATCCTTTCGG_NS_16","P3016","NS_16","Malignant cells","Epithelial cells",0.328191063953932,"singlet",0.0327450563923293,"CNV_positive","Malignant supported","Malignant supported","Malignant supported","inferCNV pilot only","Supported within 2,420-cell pilot only","Not assigned"
"AAAGCAAGTAGAGTGC_NS_16","P3016","NS_16","Malignant cells","Epithelial cells",0.298599879243369,"singlet",0.0269078335625683,"CNV_positive","Malignant supported","Malignant supported","Malignant supported","inferCNV pilot only","Supported within 2,420-cell pilot only","Not assigned"
"AGTGGGAAGACTGTAA_NS_16","P3016","NS_16","Malignant cells","Epithelial cells",0.377009094070446,"singlet",0.041632549820631,"CNV_positive","Malignant supported","Malignant supported","Malignant supported","inferCNV pilot only","Supported within 2,420-cell pilot only","Not assigned"
"GGGCACTGTGCAACGA_NS_16","P3016","NS_16","Malignant cells","Epithelial cells",0.300529220593277,"singlet",0.0217416768692477,"CNV_uncertain","Uncertain","Uncertain","Malignant supported","inferCNV pilot only","Uncertain within pilot","Not assigned"
"CGACTTCTCCGAACGC_NS_16","P3016","NS_16","Malignant cells","Epithelial cells",0.33445706362374,"singlet",0.0246746313834708,"CNV_positive","Malignant supported","Malignant supported","Malignant supported","inferCNV pilot only","Supported within 2,420-cell pilot only","Not assigned"
"ATTATCCCACTGTGTA_NS_16","P3016","NS_16","Malignant cells","Epithelial cells",0.325648094916811,"singlet",0.0371243106021399,"CNV_positive","Malignant supported","Malignant supported","Malignant supported","inferCNV pilot only","Supported within 2,420-cell pilot only","Not assigned"
"TGACGGCTCGATAGAA_NS_16","P3016","NS_16","Malignant cells","Epithelial cells",0.238422635949146,"singlet",0.028583629987567,"CNV_positive","Malignant supported","Malignant supported","Malignant supported","inferCNV pilot only","Supported within 2,420-cell pilot only","Not assigned"
"TCAGGTAAGTTAGGTA_NS_16","P3016","NS_16","Malignant cells","Epithelial cells",0.416995003323645,"singlet",0.0262145431846881,"CNV_positive","Malignant supported","Malignant supported","Malignant supported","inferCNV pilot only","Supported within 2,420-cell pilot only","Not assigned"
"CACATTTAGGATGGAA_NS_16","P3016","NS_16","Malignant cells","Epithelial cells",0.252854655676649,"singlet",0.0459662024299637,"CNV_positive","Malignant supported","Malignant supported","Malignant supported","inferCNV pilot only","Supported within 2,420-cell pilot only","Not assigned"
"ATTATCCGTGTGGTTT_NS_16","P3016","NS_16","Malignant cells","Epithelial cells",0.277297375980308,"singlet",0.0368093923009257,"CNV_positive","Malignant supported","Malignant supported","Malignant supported","inferCNV pilot only","Supported within 2,420-cell pilot only","Not assigned"
"ACTTTCATCTAACTGG_NS_16","P3016","NS_16","Malignant cells","Epithelial cells",0.25396734242981,"singlet",0.039860086715532,"CNV_positive","Malignant supported","Malignant supported","Malignant supported","inferCNV pilot only","Supported within 2,420-cell pilot only","Not assigned"
"TGACAACTCAAGGTAA_NS_16","P3016","NS_16","Malignant cells","Epithelial cells",0.300132051080285,"singlet",0.0293625359412495,"CNV_positive","Malignant supported","Malignant supported","Malignant supported","inferCNV pilot only","Supported within 2,420-cell pilot only","Not assigned"
"ATGCGATGTGTCTGAT_NS_16","P3016","NS_16","Malignant cells","Epithelial cells",0.310639336569452,"singlet",0.0294634834336437,"CNV_positive","Malignant supported","Malignant supported","Malignant supported","inferCNV pilot only","Supported within 2,420-cell pilot only","Not assigned"
"GTTCTCGAGTAACCCT_NS_16","P3016","NS_16","Malignant cells","Epithelial cells",0.155629441319349,"singlet",0.020677670600183,"CNV_negative","Uncertain","Uncertain","Uncertain","inferCNV pilot only","Uncertain within pilot","Not assigned"
"CGGACACAGTGTTGAA_NS_16","P3016","NS_16","Malignant cells","Epithelial cells",0.244132760639094,"singlet",0.0278562077470507,"CNV_positive","Malignant supported","Malignant supported","Malignant supported","inferCNV pilot only","Supported within 2,420-cell pilot only","Not assigned"
"CGTTAGAAGCCAGAAC_NS_16","P3016","NS_16","Malignant cells","Epithelial cells",0.268043796166291,"singlet",0.0293698061150917,"CNV_positive","Malignant supported","Malignant supported","Malignant supported","inferCNV pilot only","Supported within 2,420-cell pilot only","Not assigned"
"CCATGTCTCCTTGGTC_NS_16","P3016","NS_16","Malignant cells","Epithelial cells",0.341030078811476,"singlet",0.0367758964493015,"CNV_positive","Malignant supported","Malignant supported","Malignant supported","inferCNV pilot only","Supported within 2,420-cell pilot only","Not assigned"
"TCAGGATTCGATGAGG_NS_16","P3016","NS_16","Malignant cells","Epithelial cells",0.197982672714309,"singlet",0.0297129270963583,"CNV_positive","Malignant supported","Malignant supported","Malignant supported","inferCNV pilot only","Supported within 2,420-cell pilot only","Not assigned"
"CAGTAACTCCATGCTC_NS_16","P3016","NS_16","Malignant cells","Epithelial cells",0.389401472397323,"singlet",0.023157040501618,"CNV_uncertain","Uncertain","Uncertain","Malignant supported","inferCNV pilot only","Uncertain within pilot","Not assigned"
"GTGTGCGCAGCCTGTG_NS_16","P3016","NS_16","Malignant cells","Epithelial cells",0.330078702506692,"singlet",0.0236837960260405,"CNV_positive","Malignant supported","Malignant supported","Malignant supported","inferCNV pilot only","Supported within 2,420-cell pilot only","Not assigned"
"GTCCTCATCATGTGGT_NS_16","P3016","NS_16","Malignant cells","Epithelial cells",0.354829938121723,"singlet",0.0224142693446968,"CNV_uncertain","Uncertain","Uncertain","Malignant supported","inferCNV pilot only","Uncertain within pilot","Not assigned"
"TCTATTGAGCGTGAAC_NS_16","P3016","NS_16","Malignant cells","Epithelial cells",0.20421238763839,"singlet",0.0285289860250399,"CNV_positive","Malignant supported","Malignant supported","Malignant supported","inferCNV pilot only","Supported within 2,420-cell pilot only","Not assigned"
"CGTCACTGTAATCGTC_NS_16","P3016","NS_16","Malignant cells","Epithelial cells",0.269709448298078,"singlet",0.0325190792439562,"CNV_positive","Malignant supported","Malignant supported","Malignant supported","inferCNV pilot only","Supported within 2,420-cell pilot only","Not assigned"
"GTTTCTAGTCATACTG_NS_16","P3016","NS_16","Malignant cells","Epithelial cells",0.236540778031179,"singlet",0.0350620785197923,"CNV_positive","Malignant supported","Malignant supported","Malignant supported","inferCNV pilot only","Supported within 2,420-cell pilot only","Not assigned"
"TTTGCGCGTACGCACC_NS_16","P3016","NS_16","Malignant cells","Epithelial cells",0.269176037947538,"singlet",0.0296577042611884,"CNV_positive","Malignant supported","Malignant supported","Malignant supported","inferCNV pilot only","Supported within 2,420-cell pilot only","Not assigned"
"AGCAGCCCATCACGAT_NS_16","P3016","NS_16","Malignant cells","Epithelial cells",0.161795485792905,"singlet",0.0319540206485038,"CNV_positive","Malignant supported","Malignant supported","Malignant supported","inferCNV pilot only","Supported within 2,420-cell pilot only","Not assigned"
"AAACCTGTCTAGAGTC_NS_16","P3016","NS_16","Malignant cells","Epithelial cells",0.183145367303915,"singlet",0.0239101216172891,"CNV_positive","Malignant supported","Malignant supported","Malignant supported","inferCNV pilot only","Supported within 2,420-cell pilot only","Not assigned"
"TCGTACCAGCTAAGAT_NS_16","P3016","NS_16","Malignant cells","Epithelial cells",0.162408639714579,"singlet",0.0487471571362732,"CNV_positive","Malignant supported","Malignant supported","Malignant supported","inferCNV pilot only","Supported within 2,420-cell pilot only","Not assigned"
"CTGGTCTCAACTGCTA_NS_16","P3016","NS_16","Malignant cells","Epithelial cells",0.357460901236331,"singlet",0.0283983350832271,"CNV_positive","Malignant supported","Malignant supported","Malignant supported","inferCNV pilot only","Supported within 2,420-cell pilot only","Not assigned"
"CACATTTTCGGCTTGG_NS_16","P3016","NS_16","Malignant cells","Epithelial cells",0.314627086320642,"singlet",0.034059206599547,"CNV_positive","Malignant supported","Malignant supported","Malignant supported","inferCNV pilot only","Supported within 2,420-cell pilot only","Not assigned"
"GCACATAAGGAGCGAG_NS_16","P3016","NS_16","Malignant cells","Epithelial cells",0.231708240579524,"singlet",0.0359552317334482,"CNV_positive","Malignant supported","Malignant supported","Malignant supported","inferCNV pilot only","Supported within 2,420-cell pilot only","Not assigned"
"CAGCAGCTCGGTTAAC_NS_16","P3016","NS_16","Malignant cells","Epithelial cells",0.299253444541804,"singlet",0.0379964144726007,"CNV_positive","Malignant supported","Malignant supported","Malignant supported","inferCNV pilot only","Supported within 2,420-cell pilot only","Not assigned"
"CACACTCGTCTCATCC_NS_16","P3016","NS_16","Malignant cells","Epithelial cells",0.327596625189536,"singlet",0.0335670787686421,"CNV_positive","Malignant supported","Malignant supported","Malignant supported","inferCNV pilot only","Supported within 2,420-cell pilot only","Not assigned"
"TTTGGTTGTTTCCACC_NS_16","P3016","NS_16","Malignant cells","Epithelial cells",0.059372840600573,"singlet",0.018018030735035,"CNV_negative","Uncertain","Uncertain","Uncertain","inferCNV pilot only","Uncertain within pilot","Not assigned"
"CAAGTTGTCTTACCGC_NS_16","P3016","NS_16","Malignant cells","Epithelial cells",0.321226790623708,"singlet",0.0214846518578418,"CNV_uncertain","Uncertain","Uncertain","Malignant supported","inferCNV pilot only","Uncertain within pilot","Not assigned"
"AGGGAGTAGTCGTTTG_NS_16","P3016","NS_16","Malignant cells","Epithelial cells",0.181909508795318,"singlet",0.0396619901028238,"CNV_positive","Malignant supported","Malignant supported","Malignant supported","inferCNV pilot only","Supported within 2,420-cell pilot only","Not assigned"
"CTGATAGAGGTAGCCA_NS_16","P3016","NS_16","Malignant cells","Epithelial cells",0.19673004522295,"singlet",0.0225503533832608,"CNV_uncertain","Uncertain","Uncertain","Malignant supported","inferCNV pilot only","Uncertain within pilot","Not assigned"
"CTCCTAGCATTCGACA_NS_16","P3016","NS_16","Malignant cells","Epithelial cells",0.147883183133932,"singlet",0.0214210589569122,"CNV_uncertain","Uncertain","Uncertain","Malignant supported","inferCNV pilot only","Uncertain within pilot","Not assigned"
"GGACAAGTCAACCAAC_NS_16","P3016","NS_16","Malignant cells","Epithelial cells",0.306171732270103,"singlet",0.0379582674385961,"CNV_positive","Malignant supported","Malignant supported","Malignant supported","inferCNV pilot only","Supported within 2,420-cell pilot only","Not assigned"
"GCATGTACAAGCCCAC_NS_16","P3016","NS_16","Malignant cells","Epithelial cells",0.317414723158972,"singlet",0.0322860639567168,"CNV_positive","Malignant supported","Malignant supported","Malignant supported","inferCNV pilot only","Supported within 2,420-cell pilot only","Not assigned"
"GTCGTAACAAGGCTCC_NS_16","P3016","NS_16","Malignant cells","Epithelial cells",0.404967114817403,"singlet",0.0179426147756912,"CNV_negative","Uncertain","Uncertain","Uncertain","inferCNV pilot only","Uncertain within pilot","Not assigned"
"GTGCAGCTCTGAAAGA_NS_16","P3016","NS_16","Malignant cells","Epithelial cells",0.245551493327991,"singlet",0.0399756208780075,"CNV_positive","Malignant supported","Malignant supported","Malignant supported","inferCNV pilot only","Supported within 2,420-cell pilot only","Not assigned"
"GTACTCCAGCTAGTGG_NS_16","P3016","NS_16","Malignant cells","Epithelial cells",0.144361208521349,"singlet",0.0426405194216721,"CNV_positive","Malignant supported","Malignant supported","Malignant supported","inferCNV pilot only","Supported within 2,420-cell pilot only","Not assigned"
"TTGCCGTAGGATCGCA_NS_16","P3016","NS_16","Malignant cells","Epithelial cells",0.0997397847895596,"singlet",0.0303110032410365,"CNV_positive","Malignant supported","Malignant supported","Malignant supported","inferCNV pilot only","Supported within 2,420-cell pilot only","Not assigned"
"TGTGGTATCGTTGACA_NS_17","P3017","NS_17","Malignant cells","Epithelial cells",2.31603566329234e-25,"singlet",0.0346641784611346,"CNV_positive","Malignant supported","Malignant supported","Malignant supported","inferCNV pilot only","Supported within 2,420-cell pilot only","Not assigned"
"AGCATACGTAAGCACG_NS_17","P3017","NS_17","Malignant cells","Epithelial cells",0.524074519595662,"doublet",0.0390659027795381,"CNV_positive","Uncertain","Uncertain","Uncertain","inferCNV pilot only","Uncertain within pilot","Not assigned"
"CGATCGGTCTACTTAC_NS_17","P3017","NS_17","Malignant cells","Epithelial cells",0.165304974853219,"singlet",0.0414072600509581,"CNV_positive","Malignant supported","Malignant supported","Malignant supported","inferCNV pilot only","Supported within 2,420-cell pilot only","Not assigned"
"TCAGGTACAACTGCTA_NS_17","P3017","NS_17","Malignant cells","Epithelial cells",0.208110900547449,"singlet",0.0395966231405275,"CNV_positive","Malignant supported","Malignant supported","Malignant supported","inferCNV pilot only","Supported within 2,420-cell pilot only","Not assigned"
"GGTGCGTAGATCGGGT_NS_17","P3017","NS_17","Malignant cells","Epithelial cells",0.176110195927887,"singlet",0.0426463966382986,"CNV_positive","Malignant supported","Malignant supported","Malignant supported","inferCNV pilot only","Supported within 2,420-cell pilot only","Not assigned"
"CTCGAGGCATCCGCGA_NS_17","P3017","NS_17","Malignant cells","Epithelial cells",0.355731843157827,"singlet",0.0506387878682024,"CNV_positive","Malignant supported","Malignant supported","Malignant supported","inferCNV pilot only","Supported within 2,420-cell pilot only","Not assigned"
"TGTATTCTCAGTTCGA_NS_17","P3017","NS_17","Malignant cells","Epithelial cells",0.0654130345166231,"singlet",0.0350805130175044,"CNV_positive","Malignant supported","Malignant supported","Malignant supported","inferCNV pilot only","Supported within 2,420-cell pilot only","Not assigned"
"GCGGGTTAGAAGGTGA_NS_17","P3017","NS_17","Malignant cells","Epithelial cells",0.0302009207434285,"singlet",0.0502433408143853,"CNV_positive","Malignant supported","Malignant supported","Malignant supported","inferCNV pilot only","Supported within 2,420-cell pilot only","Not assigned"
"GCGACCAGTTTGTTGG_NS_17","P3017","NS_17","Malignant cells","Epithelial cells",0.151712820964893,"singlet",0.0533734588196991,"CNV_positive","Malignant supported","Malignant supported","Malignant supported","inferCNV pilot only","Supported within 2,420-cell pilot only","Not assigned"
"ATTACTCGTGGAAAGA_NS_17","P3017","NS_17","Malignant cells","Epithelial cells",0.102658798905665,"singlet",0.0544037761560488,"CNV_positive","Malignant supported","Malignant supported","Malignant supported","inferCNV pilot only","Supported within 2,420-cell pilot only","Not assigned"
"TGGCCAGAGCAGGTCA_NS_17","P3017","NS_17","Malignant cells","Epithelial cells",0.25503791343433,"singlet",0.0441926772310733,"CNV_positive","Malignant supported","Malignant supported","Malignant supported","inferCNV pilot only","Supported within 2,420-cell pilot only","Not assigned"
"CAGAGAGTCTCCCTGA_NS_17","P3017","NS_17","Malignant cells","Epithelial cells",0.157439420958704,"singlet",0.0428062193926915,"CNV_positive","Malignant supported","Malignant supported","Malignant supported","inferCNV pilot only","Supported within 2,420-cell pilot only","Not assigned"
"GGCAATTAGGACGAAA_NS_17","P3017","NS_17","Malignant cells","Epithelial cells",0.352526559218585,"singlet",0.0445890639472316,"CNV_positive","Malignant supported","Malignant supported","Malignant supported","inferCNV pilot only","Supported within 2,420-cell pilot only","Not assigned"
"GGTGCGTAGTCTCGGC_NS_17","P3017","NS_17","Malignant cells","Epithelial cells",0.143240165910742,"singlet",0.0312921907462638,"CNV_positive","Malignant supported","Malignant supported","Malignant supported","inferCNV pilot only","Supported within 2,420-cell pilot only","Not assigned"
"GACGTTATCATGTCTT_NS_17","P3017","NS_17","Malignant cells","Epithelial cells",0.250715409998046,"singlet",0.0477937380572659,"CNV_positive","Malignant supported","Malignant supported","Malignant supported","inferCNV pilot only","Supported within 2,420-cell pilot only","Not assigned"
"CCAGCGATCGGAAATA_NS_17","P3017","NS_17","Malignant cells","Epithelial cells",0.378046696642744,"singlet",0.0463433790433893,"CNV_positive","Malignant supported","Malignant supported","Malignant supported","inferCNV pilot only","Supported within 2,420-cell pilot only","Not assigned"
"TGAGGGAGTAGCGCAA_NS_17","P3017","NS_17","Malignant cells","Epithelial cells",0.414997779667833,"singlet",0.0465659742183387,"CNV_positive","Malignant supported","Malignant supported","Malignant supported","inferCNV pilot only","Supported within 2,420-cell pilot only","Not assigned"
"TTGTAGGGTCTTCGTC_NS_17","P3017","NS_17","Malignant cells","Epithelial cells",0.273706032220181,"singlet",0.0419239269891946,"CNV_positive","Malignant supported","Malignant supported","Malignant supported","inferCNV pilot only","Supported within 2,420-cell pilot only","Not assigned"
"CGAGAAGAGCTTTGGT_NS_17","P3017","NS_17","Malignant cells","Epithelial cells",0.0714285714285714,"singlet",0.0306507846078548,"CNV_positive","Malignant supported","Malignant supported","Malignant supported","inferCNV pilot only","Supported within 2,420-cell pilot only","Not assigned"
"AACTCAGAGATCGGGT_NS_17","P3017","NS_17","Malignant cells","Epithelial cells",0.0926895267225055,"singlet",0.0456959827710516,"CNV_positive","Malignant supported","Malignant supported","Malignant supported","inferCNV pilot only","Supported within 2,420-cell pilot only","Not assigned"
"TTAGGCATCCGAGCCA_NS_17","P3017","NS_17","Malignant cells","Epithelial cells",0.364577884810916,"singlet",0.0419561111318806,"CNV_positive","Malignant supported","Malignant supported","Malignant supported","inferCNV pilot only","Supported within 2,420-cell pilot only","Not assigned"
"GCTGCTTCATACCATG_NS_17","P3017","NS_17","Malignant cells","Epithelial cells",0.365482117286821,"singlet",0.0376822332854808,"CNV_positive","Malignant supported","Malignant supported","Malignant supported","inferCNV pilot only","Supported within 2,420-cell pilot only","Not assigned"
"CAACTAGCACAGATTC_NS_17","P3017","NS_17","Malignant cells","Epithelial cells",0.202859876165692,"singlet",0.046421373252524,"CNV_positive","Malignant supported","Malignant supported","Malignant supported","inferCNV pilot only","Supported within 2,420-cell pilot only","Not assigned"
"AACTTTCCAGACGCCT_NS_17","P3017","NS_17","Malignant cells","Epithelial cells",0.0572589671435515,"singlet",0.0398373352512272,"CNV_positive","Malignant supported","Malignant supported","Malignant supported","inferCNV pilot only","Supported within 2,420-cell pilot only","Not assigned"
"CAGTAACAGACGACGT_NS_17","P3017","NS_17","Malignant cells","Epithelial cells",0.13076760186382,"singlet",0.0416780745794958,"CNV_positive","Malignant supported","Malignant supported","Malignant supported","inferCNV pilot only","Supported within 2,420-cell pilot only","Not assigned"
"AAGGAGCCAATGAATG_NS_17","P3017","NS_17","Malignant cells","Epithelial cells",0.00101619452805741,"singlet",0.0366547168923023,"CNV_positive","Malignant supported","Malignant supported","Malignant supported","inferCNV pilot only","Supported within 2,420-cell pilot only","Not assigned"
"CAGTCCTGTCATTAGC_NS_17","P3017","NS_17","Malignant cells","Epithelial cells",0.290808624364287,"singlet",0.043425453087313,"CNV_positive","Malignant supported","Malignant supported","Malignant supported","inferCNV pilot only","Supported within 2,420-cell pilot only","Not assigned"
"GTGCATAGTGTCTGAT_NS_17","P3017","NS_17","Malignant cells","Epithelial cells",0.276293509651525,"singlet",0.0440673678972033,"CNV_positive","Malignant supported","Malignant supported","Malignant supported","inferCNV pilot only","Supported within 2,420-cell pilot only","Not assigned"
"TAAGAGACAACAACCT_NS_17","P3017","NS_17","Malignant cells","Epithelial cells",0.157142857142857,"singlet",0.0379925589285625,"CNV_positive","Malignant supported","Malignant supported","Malignant supported","inferCNV pilot only","Supported within 2,420-cell pilot only","Not assigned"
"CCTAGCTAGTTTGCGT_NS_17","P3017","NS_17","Malignant cells","Epithelial cells",0.0142857142857143,"singlet",0.0318435443921489,"CNV_positive","Malignant supported","Malignant supported","Malignant supported","inferCNV pilot only","Supported within 2,420-cell pilot only","Not assigned"
"AGCTCCTTCTGTCTAT_NS_17","P3017","NS_17","Malignant cells","Epithelial cells",0.299598089386766,"singlet",0.0386785378359767,"CNV_positive","Malignant supported","Malignant supported","Malignant supported","inferCNV pilot only","Supported within 2,420-cell pilot only","Not assigned"
"GTTCATTAGCAGACTG_NS_17","P3017","NS_17","Malignant cells","Epithelial cells",0.0917149246311414,"singlet",0.0374050925182225,"CNV_positive","Malignant supported","Malignant supported","Malignant supported","inferCNV pilot only","Supported within 2,420-cell pilot only","Not assigned"
"TTCTACAGTCCGAAGA_NS_17","P3017","NS_17","Malignant cells","Epithelial cells",0.234290025346089,"singlet",0.0434158838585841,"CNV_positive","Malignant supported","Malignant supported","Malignant supported","inferCNV pilot only","Supported within 2,420-cell pilot only","Not assigned"
"CTTACCGTCGGTCTAA_NS_17","P3017","NS_17","Malignant cells","Epithelial cells",0.265234317682222,"singlet",0.0379374347062815,"CNV_positive","Malignant supported","Malignant supported","Malignant supported","inferCNV pilot only","Supported within 2,420-cell pilot only","Not assigned"
"GTGCTTCTCAGCAACT_NS_17","P3017","NS_17","Malignant cells","Epithelial cells",0.258458650997894,"singlet",0.0416333492468257,"CNV_positive","Malignant supported","Malignant supported","Malignant supported","inferCNV pilot only","Supported within 2,420-cell pilot only","Not assigned"
"ATCATGGAGCGTTTAC_NS_17","P3017","NS_17","Malignant cells","Epithelial cells",0.0150843531455829,"singlet",0.0347150747702637,"CNV_positive","Malignant supported","Malignant supported","Malignant supported","inferCNV pilot only","Supported within 2,420-cell pilot only","Not assigned"
"TCAGCAAAGCCCAACC_NS_17","P3017","NS_17","Malignant cells","Epithelial cells",0.142989317025219,"singlet",0.0375265753479878,"CNV_positive","Malignant supported","Malignant supported","Malignant supported","inferCNV pilot only","Supported within 2,420-cell pilot only","Not assigned"
"CGACTTCCAACTGGCC_NS_17","P3017","NS_17","Malignant cells","Epithelial cells",0.187182554757326,"singlet",0.0366515661853957,"CNV_positive","Malignant supported","Malignant supported","Malignant supported","inferCNV pilot only","Supported within 2,420-cell pilot only","Not assigned"
"ACCGTAAAGTCGTTTG_NS_17","P3017","NS_17","Malignant cells","Epithelial cells",0.285714285714286,"singlet",0.043426741470114,"CNV_positive","Malignant supported","Malignant supported","Malignant supported","inferCNV pilot only","Supported within 2,420-cell pilot only","Not assigned"
"AGAGTGGCACTTAACG_NS_17","P3017","NS_17","Malignant cells","Epithelial cells",0.058194834987659,"singlet",0.0309316819845944,"CNV_positive","Malignant supported","Malignant supported","Malignant supported","inferCNV pilot only","Supported within 2,420-cell pilot only","Not assigned"
"TGGACGCAGCTAGTTC_NS_17","P3017","NS_17","Malignant cells","Epithelial cells",0.114285714285714,"singlet",0.0353801791077322,"CNV_positive","Malignant supported","Malignant supported","Malignant supported","inferCNV pilot only","Supported within 2,420-cell pilot only","Not assigned"
"GGGATGATCATTGCGA_NS_17","P3017","NS_17","Malignant cells","Epithelial cells",0.309099691809796,"singlet",0.044643675858988,"CNV_positive","Malignant supported","Malignant supported","Malignant supported","inferCNV pilot only","Supported within 2,420-cell pilot only","Not assigned"
"ACGATGTAGTTCGATC_NS_17","P3017","NS_17","Malignant cells","Epithelial cells",0.1,"singlet",0.0355884608857077,"CNV_positive","Malignant supported","Malignant supported","Malignant supported","inferCNV pilot only","Supported within 2,420-cell pilot only","Not assigned"
"TTCGGTCTCTGTCTAT_NS_17","P3017","NS_17","Malignant cells","Epithelial cells",0.0714285714285714,"singlet",0.040031500773654,"CNV_positive","Malignant supported","Malignant supported","Malignant supported","inferCNV pilot only","Supported within 2,420-cell pilot only","Not assigned"
"TACGGATGTAGAGGAA_NS_17","P3017","NS_17","Malignant cells","Epithelial cells",0.256237453240758,"singlet",0.0345312249174684,"CNV_positive","Malignant supported","Malignant supported","Malignant supported","inferCNV pilot only","Supported within 2,420-cell pilot only","Not assigned"
"GGCCGATCATCTGGTA_NS_17","P3017","NS_17","Malignant cells","Epithelial cells",0.437773565777591,"doublet",0.0422330830132567,"CNV_positive","Uncertain","Uncertain","Uncertain","inferCNV pilot only","Uncertain within pilot","Not assigned"
"TGCTGCTCAGGCAGTA_NS_17","P3017","NS_17","Malignant cells","Epithelial cells",4.87934337531162e-59,"singlet",0.0360182722012076,"CNV_positive","Malignant supported","Malignant supported","Malignant supported","inferCNV pilot only","Supported within 2,420-cell pilot only","Not assigned"
"AGAGTGGAGGATATAC_NS_17","P3017","NS_17","Malignant cells","Epithelial cells",0.142264854190829,"singlet",0.0422396994399437,"CNV_positive","Malignant supported","Malignant supported","Malignant supported","inferCNV pilot only","Supported within 2,420-cell pilot only","Not assigned"
"TACAGTGGTGAGTATA_NS_17","P3017","NS_17","Malignant cells","Epithelial cells",0.0170034678925404,"singlet",0.0348239192663942,"CNV_positive","Malignant supported","Malignant supported","Malignant supported","inferCNV pilot only","Supported within 2,420-cell pilot only","Not assigned"
"AAACCTGCACCAGATT_NS_17","P3017","NS_17","Malignant cells","Epithelial cells",0.0429399023517685,"singlet",0.0438063620095349,"CNV_positive","Malignant supported","Malignant supported","Malignant supported","inferCNV pilot only","Supported within 2,420-cell pilot only","Not assigned"
"ACACCAAAGACGACGT_NS_19","P3019","NS_19","Malignant cells","Epithelial cells",0.226169452662051,"singlet",0.0491281925496509,"CNV_positive","Malignant supported","Malignant supported","Malignant supported","inferCNV pilot only","Supported within 2,420-cell pilot only","Not assigned"
"CATTATCGTAAACACA_NS_19","P3019","NS_19","Malignant cells","Epithelial cells",0.0611615549204029,"singlet",0.0521605723340086,"CNV_positive","Malignant supported","Malignant supported","Malignant supported","inferCNV pilot only","Supported within 2,420-cell pilot only","Not assigned"
"CAGCAGCCAGGAATGC_NS_19","P3019","NS_19","Malignant cells","Epithelial cells",0.201936393015531,"singlet",0.0910326087517945,"CNV_positive","Malignant supported","Malignant supported","Malignant supported","inferCNV pilot only","Supported within 2,420-cell pilot only","Not assigned"
"GGCTCGATCTTAGCCC_NS_19","P3019","NS_19","Malignant cells","Epithelial cells",0.115247899840483,"singlet",0.0429622354066436,"CNV_positive","Malignant supported","Malignant supported","Malignant supported","inferCNV pilot only","Supported within 2,420-cell pilot only","Not assigned"
"TCAATCTAGCAGGCTA_NS_19","P3019","NS_19","Malignant cells","Epithelial cells",0.253685389530399,"singlet",0.0417762353253328,"CNV_positive","Malignant supported","Malignant supported","Malignant supported","inferCNV pilot only","Supported within 2,420-cell pilot only","Not assigned"
"GACTGCGCAAACAACA_NS_19","P3019","NS_19","Malignant cells","Epithelial cells",0.142422007519763,"singlet",0.050795895292789,"CNV_positive","Malignant supported","Malignant supported","Malignant supported","inferCNV pilot only","Supported within 2,420-cell pilot only","Not assigned"
"CCTTCGAAGCAATATG_NS_19","P3019","NS_19","Malignant cells","Epithelial cells",0.146344180009964,"singlet",0.0400769765913911,"CNV_positive","Malignant supported","Malignant supported","Malignant supported","inferCNV pilot only","Supported within 2,420-cell pilot only","Not assigned"
"CACCAGGTCAAAGACA_NS_19","P3019","NS_19","Malignant cells","Epithelial cells",0.0432495358119103,"singlet",0.0351471528445706,"CNV_positive","Malignant supported","Malignant supported","Malignant supported","inferCNV pilot only","Supported within 2,420-cell pilot only","Not assigned"
"CATATTCTCCCATTAT_NS_19","P3019","NS_19","Malignant cells","Epithelial cells",0.103094702755315,"singlet",0.041755266359675,"CNV_positive","Malignant supported","Malignant supported","Malignant supported","inferCNV pilot only","Supported within 2,420-cell pilot only","Not assigned"
"ACACTGATCTGCCCTA_NS_19","P3019","NS_19","Malignant cells","Epithelial cells",0.149029116518305,"singlet",0.042092174156523,"CNV_positive","Malignant supported","Malignant supported","Malignant supported","inferCNV pilot only","Supported within 2,420-cell pilot only","Not assigned"
"CCTAAAGAGAGTTGGC_NS_19","P3019","NS_19","Malignant cells","Epithelial cells",0.194910670836451,"singlet",0.0442456689556379,"CNV_positive","Malignant supported","Malignant supported","Malignant supported","inferCNV pilot only","Supported within 2,420-cell pilot only","Not assigned"
"CTAAGACGTTTCCACC_NS_19","P3019","NS_19","Malignant cells","Epithelial cells",0.223076654245043,"singlet",0.0456907622679558,"CNV_positive","Malignant supported","Malignant supported","Malignant supported","inferCNV pilot only","Supported within 2,420-cell pilot only","Not assigned"
"CTCGAAACACGAAATA_NS_19","P3019","NS_19","Malignant cells","Epithelial cells",0.321436781221485,"singlet",0.0535455141937746,"CNV_positive","Malignant supported","Malignant supported","Malignant supported","inferCNV pilot only","Supported within 2,420-cell pilot only","Not assigned"
"AATCGGTCACTTCGAA_NS_19","P3019","NS_19","Malignant cells","Epithelial cells",0.155937794424237,"singlet",0.0455316788296702,"CNV_positive","Malignant supported","Malignant supported","Malignant supported","inferCNV pilot only","Supported within 2,420-cell pilot only","Not assigned"
"CCGTACTTCATACGGT_NS_19","P3019","NS_19","Malignant cells","Epithelial cells",0.061132513025451,"singlet",0.0343001252677185,"CNV_positive","Malignant supported","Malignant supported","Malignant supported","inferCNV pilot only","Supported within 2,420-cell pilot only","Not assigned"
"ATCCGAACACGGATAG_NS_19","P3019","NS_19","Malignant cells","Epithelial cells",0.0615235488671256,"singlet",0.0372953570017633,"CNV_positive","Malignant supported","Malignant supported","Malignant supported","inferCNV pilot only","Supported within 2,420-cell pilot only","Not assigned"
"TGGCTGGTCCACGTGG_NS_19","P3019","NS_19","Malignant cells","Epithelial cells",0.215179983321834,"singlet",0.0405121169803527,"CNV_positive","Malignant supported","Malignant supported","Malignant supported","inferCNV pilot only","Supported within 2,420-cell pilot only","Not assigned"
"CAGCATATCACATAGC_NS_19","P3019","NS_19","Malignant cells","Epithelial cells",0.155702756864568,"singlet",0.0454809179594405,"CNV_positive","Malignant supported","Malignant supported","Malignant supported","inferCNV pilot only","Supported within 2,420-cell pilot only","Not assigned"
"ACGGAGACAAATTGCC_NS_19","P3019","NS_19","Malignant cells","Epithelial cells",0.243722070582145,"singlet",0.0407098565958639,"CNV_positive","Malignant supported","Malignant supported","Malignant supported","inferCNV pilot only","Supported within 2,420-cell pilot only","Not assigned"
"CTACGTCAGAGTAAGG_NS_19","P3019","NS_19","Malignant cells","Epithelial cells",0.109176612545766,"singlet",0.0323523496905504,"CNV_positive","Malignant supported","Malignant supported","Malignant supported","inferCNV pilot only","Supported within 2,420-cell pilot only","Not assigned"
"GCGGGTTCAAGCCGTC_NS_19","P3019","NS_19","Malignant cells","Epithelial cells",0.0367200578908997,"singlet",0.0378421202178398,"CNV_positive","Malignant supported","Malignant supported","Malignant supported","inferCNV pilot only","Supported within 2,420-cell pilot only","Not assigned"
"GTAGGCCTCTCTTATG_NS_19","P3019","NS_19","Malignant cells","Epithelial cells",0.0365858071398817,"singlet",0.0289973545269418,"CNV_positive","Malignant supported","Malignant supported","Malignant supported","inferCNV pilot only","Supported within 2,420-cell pilot only","Not assigned"
"TTTATGCAGCTGTCTA_NS_19","P3019","NS_19","Malignant cells","Epithelial cells",0.232099156264297,"singlet",0.0492513222013321,"CNV_positive","Malignant supported","Malignant supported","Malignant supported","inferCNV pilot only","Supported within 2,420-cell pilot only","Not assigned"
"CGGACACTCCTTTACA_NS_19","P3019","NS_19","Malignant cells","Epithelial cells",0.121810269412451,"singlet",0.0506209611966466,"CNV_positive","Malignant supported","Malignant supported","Malignant supported","inferCNV pilot only","Supported within 2,420-cell pilot only","Not assigned"
"AAACCTGCAGACAAGC_NS_19","P3019","NS_19","Malignant cells","Epithelial cells",0.243387064585564,"singlet",0.0522838682880624,"CNV_positive","Malignant supported","Malignant supported","Malignant supported","inferCNV pilot only","Supported within 2,420-cell pilot only","Not assigned"
"TCAACGAAGCTATGCT_NS_19","P3019","NS_19","Malignant cells","Epithelial cells",0.149089594796977,"singlet",0.0471289376539451,"CNV_positive","Malignant supported","Malignant supported","Malignant supported","inferCNV pilot only","Supported within 2,420-cell pilot only","Not assigned"
"GGACAAGAGATGTCGG_NS_19","P3019","NS_19","Malignant cells","Epithelial cells",0.127090849484226,"singlet",0.0487080969465134,"CNV_positive","Malignant supported","Malignant supported","Malignant supported","inferCNV pilot only","Supported within 2,420-cell pilot only","Not assigned"
"ACCCACTCATCCAACA_NS_19","P3019","NS_19","Malignant cells","Epithelial cells",0.116602870905042,"singlet",0.0478131855839494,"CNV_positive","Malignant supported","Malignant supported","Malignant supported","inferCNV pilot only","Supported within 2,420-cell pilot only","Not assigned"
"GGCGTGTCAATAACGA_NS_19","P3019","NS_19","Malignant cells","Epithelial cells",0.179875456075757,"singlet",0.0479812519434052,"CNV_positive","Malignant supported","Malignant supported","Malignant supported","inferCNV pilot only","Supported within 2,420-cell pilot only","Not assigned"
"CACATTTAGAAGGTTT_NS_19","P3019","NS_19","Malignant cells","Epithelial cells",0.0367564778403711,"singlet",0.0419437658884355,"CNV_positive","Malignant supported","Malignant supported","Malignant supported","inferCNV pilot only","Supported within 2,420-cell pilot only","Not assigned"
"CTTAACTAGATAGTCA_NS_19","P3019","NS_19","Malignant cells","Epithelial cells",0.251758457895995,"singlet",0.0525322335550205,"CNV_positive","Malignant supported","Malignant supported","Malignant supported","inferCNV pilot only","Supported within 2,420-cell pilot only","Not assigned"
"CGAGAAGTCCGTTGTC_NS_19","P3019","NS_19","Malignant cells","Epithelial cells",0.159469540623973,"singlet",0.0472707827613953,"CNV_positive","Malignant supported","Malignant supported","Malignant supported","inferCNV pilot only","Supported within 2,420-cell pilot only","Not assigned"
"CTGTGCTGTGCAGACA_NS_19","P3019","NS_19","Malignant cells","Epithelial cells",0.16160169970731,"singlet",0.0568318490240207,"CNV_positive","Malignant supported","Malignant supported","Malignant supported","inferCNV pilot only","Supported within 2,420-cell pilot only","Not assigned"
"CCGGTAGGTATATGAG_NS_19","P3019","NS_19","Malignant cells","Epithelial cells",0.223302761477928,"singlet",0.127312655756842,"CNV_positive","Malignant supported","Malignant supported","Malignant supported","inferCNV pilot only","Supported within 2,420-cell pilot only","Not assigned"
"ACATGGTCAAGTTCTG_NS_19","P3019","NS_19","Malignant cells","Epithelial cells",0.101943427220687,"singlet",0.0398801935014115,"CNV_positive","Malignant supported","Malignant supported","Malignant supported","inferCNV pilot only","Supported within 2,420-cell pilot only","Not assigned"
"GCTCTGTCATTCACTT_NS_19","P3019","NS_19","Malignant cells","Epithelial cells",0.099630795161184,"singlet",0.0350260970369172,"CNV_positive","Malignant supported","Malignant supported","Malignant supported","inferCNV pilot only","Supported within 2,420-cell pilot only","Not assigned"
"TTCTCCTCATGAAGTA_NS_19","P3019","NS_19","Malignant cells","Epithelial cells",0.334241161569813,"singlet",0.0284881449818532,"CNV_positive","Malignant supported","Malignant supported","Malignant supported","inferCNV pilot only","Supported within 2,420-cell pilot only","Not assigned"
"TGACTAGAGCTCCTCT_NS_19","P3019","NS_19","Malignant cells","Epithelial cells",0.202258729433098,"singlet",0.0409790105533643,"CNV_positive","Malignant supported","Malignant supported","Malignant supported","inferCNV pilot only","Supported within 2,420-cell pilot only","Not assigned"
"CGTGTAAGTACCCAAT_NS_19","P3019","NS_19","Malignant cells","Epithelial cells",0.0508642112455045,"singlet",0.155762422748272,"CNV_positive","Malignant supported","Malignant supported","Malignant supported","inferCNV pilot only","Supported within 2,420-cell pilot only","Not assigned"
"TTAGGCAAGCGATATA_NS_19","P3019","NS_19","Malignant cells","Epithelial cells",0.113573209907828,"singlet",0.0425066078123475,"CNV_positive","Malignant supported","Malignant supported","Malignant supported","inferCNV pilot only","Supported within 2,420-cell pilot only","Not assigned"
"TGCTGCTGTTTGTGTG_NS_19","P3019","NS_19","Malignant cells","Epithelial cells",0.110073930939157,"singlet",0.0387956022750939,"CNV_positive","Malignant supported","Malignant supported","Malignant supported","inferCNV pilot only","Supported within 2,420-cell pilot only","Not assigned"
"CAGTAACTCGATCCCT_NS_19","P3019","NS_19","Malignant cells","Epithelial cells",0.451221532270659,"doublet",0.0468146195514655,"CNV_positive","Uncertain","Uncertain","Uncertain","inferCNV pilot only","Uncertain within pilot","Not assigned"
"CTGAAGTAGTACGCGA_NS_19","P3019","NS_19","Malignant cells","Epithelial cells",0.22849737593108,"singlet",0.0468039930312497,"CNV_positive","Malignant supported","Malignant supported","Malignant supported","inferCNV pilot only","Supported within 2,420-cell pilot only","Not assigned"
"TGGCCAGCAATCTGCA_NS_19","P3019","NS_19","Malignant cells","Epithelial cells",0.11026879496131,"singlet",0.0348529456461034,"CNV_positive","Malignant supported","Malignant supported","Malignant supported","inferCNV pilot only","Supported within 2,420-cell pilot only","Not assigned"
"CGATTGACATTCCTGC_NS_19","P3019","NS_19","Malignant cells","Epithelial cells",0.0992358405377828,"singlet",0.0439326743191685,"CNV_positive","Malignant supported","Malignant supported","Malignant supported","inferCNV pilot only","Supported within 2,420-cell pilot only","Not assigned"
"ATCCACCCACGAAGCA_NS_19","P3019","NS_19","Malignant cells","Epithelial cells",0.185804702298711,"singlet",0.0416695979332611,"CNV_positive","Malignant supported","Malignant supported","Malignant supported","inferCNV pilot only","Supported within 2,420-cell pilot only","Not assigned"
"ACGGGCTGTATAAACG_NS_19","P3019","NS_19","Malignant cells","Epithelial cells",0.235936487577394,"singlet",0.04806917308941,"CNV_positive","Malignant supported","Malignant supported","Malignant supported","inferCNV pilot only","Supported within 2,420-cell pilot only","Not assigned"
"TGCTGCTTCAGATAAG_NS_19","P3019","NS_19","Malignant cells","Epithelial cells",0.213502407402739,"singlet",0.0395793909766394,"CNV_positive","Malignant supported","Malignant supported","Malignant supported","inferCNV pilot only","Supported within 2,420-cell pilot only","Not assigned"
"TCTTCGGGTATGAAAC_NS_19","P3019","NS_19","Malignant cells","Epithelial cells",0.199400554919607,"singlet",0.0401817448949996,"CNV_positive","Malignant supported","Malignant supported","Malignant supported","inferCNV pilot only","Supported within 2,420-cell pilot only","Not assigned"
"GCATACATCGAGGTAG_NS_19","P3019","NS_19","Malignant cells","Epithelial cells",0.141184402577638,"singlet",0.0451903181876436,"CNV_positive","Malignant supported","Malignant supported","Malignant supported","inferCNV pilot only","Supported within 2,420-cell pilot only","Not assigned"
"CTGCGGAAGTATCTCG_LUNG_T06","P0006","LUNG_T06","tS1","Epithelial cells",0.0597574692974625,"singlet",0.0399210991609533,"CNV_positive","Uncertain","Uncertain","Uncertain","inferCNV pilot only","Uncertain within pilot","Not assigned"
"GGCCGATGTCAACATC_LUNG_T06","P0006","LUNG_T06","tS1","Epithelial cells",0.0953936666403528,"singlet",0.0310657047613768,"CNV_positive","Uncertain","Uncertain","Uncertain","inferCNV pilot only","Uncertain within pilot","Not assigned"
"GGATGTTTCACGAAGG_LUNG_T06","P0006","LUNG_T06","tS1","Epithelial cells",0.0479146149089863,"singlet",0.0271243661823195,"CNV_positive","Uncertain","Uncertain","Uncertain","inferCNV pilot only","Uncertain within pilot","Not assigned"
"GTCGGGTTCTAGAGTC_LUNG_T06","P0006","LUNG_T06","tS1","Epithelial cells",0.0357285122544949,"singlet",0.0318271362806298,"CNV_positive","Uncertain","Uncertain","Uncertain","inferCNV pilot only","Uncertain within pilot","Not assigned"
"TTAACTCGTGTCTGAT_LUNG_T06","P0006","LUNG_T06","tS1","Epithelial cells",0.133674591685479,"singlet",0.0107971960634962,"CNV_negative","Uncertain","Uncertain","Uncertain","inferCNV pilot only","Uncertain within pilot","Not assigned"
"ACGGAGAAGTATCTCG_LUNG_T06","P0006","LUNG_T06","tS1","Epithelial cells",0.0716785003183687,"singlet",0.0339494333411675,"CNV_positive","Uncertain","Uncertain","Uncertain","inferCNV pilot only","Uncertain within pilot","Not assigned"
"TGCTACCCATGGTCTA_LUNG_T06","P0006","LUNG_T06","tS1","Epithelial cells",0.0240809155351783,"singlet",0.0267991993876349,"CNV_positive","Uncertain","Uncertain","Uncertain","inferCNV pilot only","Uncertain within pilot","Not assigned"
"AACTCCCAGCGTGTCC_LUNG_T06","P0006","LUNG_T06","tS1","Epithelial cells",0.0641439544903728,"singlet",0.0227349019415962,"CNV_uncertain","Uncertain","Uncertain","Uncertain","inferCNV pilot only","Uncertain within pilot","Not assigned"
"CAGCATAAGACTGTAA_LUNG_T06","P0006","LUNG_T06","tS1","Epithelial cells",0.154723809444381,"singlet",0.0141255344140604,"CNV_negative","Uncertain","Uncertain","Uncertain","inferCNV pilot only","Uncertain within pilot","Not assigned"
"TTTACTGTCCTTTCGG_LUNG_T06","P0006","LUNG_T06","tS1","Epithelial cells",0.119440199350316,"singlet",0.0159477881090963,"CNV_negative","Uncertain","Uncertain","Uncertain","inferCNV pilot only","Uncertain within pilot","Not assigned"
"GCGCAGTAGGTCGGAT_LUNG_T06","P0006","LUNG_T06","tS1","Epithelial cells",0.0296166536234761,"singlet",0.036753010610044,"CNV_positive","Uncertain","Uncertain","Uncertain","inferCNV pilot only","Uncertain within pilot","Not assigned"
"AGCTCCTGTTTCCACC_LUNG_T06","P0006","LUNG_T06","tS1","Epithelial cells",0.115863111602048,"singlet",0.0266548408383387,"CNV_positive","Uncertain","Uncertain","Uncertain","inferCNV pilot only","Uncertain within pilot","Not assigned"
"CTCATTACATTGAGCT_LUNG_T06","P0006","LUNG_T06","tS1","Epithelial cells",0.0829696990981045,"singlet",0.0354005771446637,"CNV_positive","Uncertain","Uncertain","Uncertain","inferCNV pilot only","Uncertain within pilot","Not assigned"
"TCGCGTTGTCAAGCGA_LUNG_T06","P0006","LUNG_T06","tS1","Epithelial cells",0.246397482109797,"singlet",0.00764515880353682,"CNV_negative","Uncertain","Uncertain","Uncertain","inferCNV pilot only","Uncertain within pilot","Not assigned"
"TAGACCAGTGAAGGCT_LUNG_T06","P0006","LUNG_T06","tS1","Epithelial cells",0.126253035696798,"singlet",0.0180420271606591,"CNV_negative","Uncertain","Uncertain","Uncertain","inferCNV pilot only","Uncertain within pilot","Not assigned"
"CCTAGCTCACGAGGTA_LUNG_T06","P0006","LUNG_T06","tS1","Epithelial cells",0.107626917179118,"singlet",0.0261471652293203,"CNV_positive","Uncertain","Uncertain","Uncertain","inferCNV pilot only","Uncertain within pilot","Not assigned"
"CGACCTTAGGATGCGT_LUNG_T06","P0006","LUNG_T06","tS1","Epithelial cells",0.206333987110262,"singlet",0.0176510148562014,"CNV_negative","Uncertain","Uncertain","Uncertain","inferCNV pilot only","Uncertain within pilot","Not assigned"
"ACGCCGAGTCTACCTC_LUNG_T06","P0006","LUNG_T06","tS1","Epithelial cells",0.047800979654974,"singlet",0.0367117560237935,"CNV_positive","Uncertain","Uncertain","Uncertain","inferCNV pilot only","Uncertain within pilot","Not assigned"
"GTCAAGTCATGTCTCC_LUNG_T06","P0006","LUNG_T06","tS1","Epithelial cells",0.127383527080072,"singlet",0.0082659872795356,"CNV_negative","Uncertain","Uncertain","Uncertain","inferCNV pilot only","Uncertain within pilot","Not assigned"
"TCGTAGAAGGGAACGG_LUNG_T06","P0006","LUNG_T06","tS1","Epithelial cells",0.107545972288985,"singlet",0.0132847550106426,"CNV_negative","Uncertain","Uncertain","Uncertain","inferCNV pilot only","Uncertain within pilot","Not assigned"
"ACTATCTTCCCTAATT_LUNG_T06","P0006","LUNG_T06","tS1","Epithelial cells",0.144020821176843,"singlet",0.005954401535059,"CNV_negative","Uncertain","Uncertain","Uncertain","inferCNV pilot only","Uncertain within pilot","Not assigned"
"TCTCTAACAGACAAAT_LUNG_T06","P0006","LUNG_T06","tS1","Epithelial cells",0.104289955841489,"singlet",0.0222022711153264,"CNV_uncertain","Uncertain","Uncertain","Uncertain","inferCNV pilot only","Uncertain within pilot","Not assigned"
"GTTACAGAGTGTCCAT_LUNG_T06","P0006","LUNG_T06","tS1","Epithelial cells",0.19640449686921,"singlet",0.0219039057810633,"CNV_uncertain","Uncertain","Uncertain","Uncertain","inferCNV pilot only","Uncertain within pilot","Not assigned"
"CGTCTACCACGAAAGC_LUNG_T06","P0006","LUNG_T06","tS1","Epithelial cells",0.0983021778656759,"singlet",0.028393989967868,"CNV_positive","Uncertain","Uncertain","Uncertain","inferCNV pilot only","Uncertain within pilot","Not assigned"
"CTAACTTGTTAGGGTG_LUNG_T06","P0006","LUNG_T06","tS1","Epithelial cells",0.0121074136944084,"singlet",0.0358710467898953,"CNV_positive","Uncertain","Uncertain","Uncertain","inferCNV pilot only","Uncertain within pilot","Not assigned"
"CGAACATTCTTGTATC_LUNG_T06","P0006","LUNG_T06","tS1","Epithelial cells",0.0714613235413664,"singlet",0.0283369347853691,"CNV_positive","Uncertain","Uncertain","Uncertain","inferCNV pilot only","Uncertain within pilot","Not assigned"
"TGCTGCTGTACCGCTG_LUNG_T06","P0006","LUNG_T06","tS1","Epithelial cells",0.119055483700225,"singlet",0.013702163786499,"CNV_negative","Uncertain","Uncertain","Uncertain","inferCNV pilot only","Uncertain within pilot","Not assigned"
"ACTATCTGTAAGAGAG_LUNG_T06","P0006","LUNG_T06","tS1","Epithelial cells",0.0367394491459298,"singlet",0.0286882523326391,"CNV_positive","Uncertain","Uncertain","Uncertain","inferCNV pilot only","Uncertain within pilot","Not assigned"
"GTGAAGGTCTGTCCGT_LUNG_T06","P0006","LUNG_T06","tS1","Epithelial cells",0.156408735813508,"singlet",0.0084911818604489,"CNV_negative","Uncertain","Uncertain","Uncertain","inferCNV pilot only","Uncertain within pilot","Not assigned"
"TATGCCCAGCTAGTCT_LUNG_T06","P0006","LUNG_T06","tS1","Epithelial cells",0.143908629953882,"singlet",0.0113222659938691,"CNV_negative","Uncertain","Uncertain","Uncertain","inferCNV pilot only","Uncertain within pilot","Not assigned"
"TATCTCACAAGCTGTT_LUNG_T06","P0006","LUNG_T06","tS1","Epithelial cells",0.101535583836581,"singlet",0.0306620698489042,"CNV_positive","Uncertain","Uncertain","Uncertain","inferCNV pilot only","Uncertain within pilot","Not assigned"
"TAGACCAAGGCAGGTT_LUNG_T06","P0006","LUNG_T06","tS1","Epithelial cells",0.0978937372410022,"singlet",0.0202212839423335,"CNV_negative","Uncertain","Uncertain","Uncertain","inferCNV pilot only","Uncertain within pilot","Not assigned"
"GTTTCTAAGCTGATAA_LUNG_T06","P0006","LUNG_T06","tS1","Epithelial cells",0.0836389558820195,"singlet",0.0257406054778915,"CNV_positive","Uncertain","Uncertain","Uncertain","inferCNV pilot only","Uncertain within pilot","Not assigned"
"GTGCTTCCACCTCGGA_LUNG_T06","P0006","LUNG_T06","tS1","Epithelial cells",0.0956289053953869,"singlet",0.0253267124769313,"CNV_positive","Uncertain","Uncertain","Uncertain","inferCNV pilot only","Uncertain within pilot","Not assigned"
"TAGTTGGAGGGCACTA_LUNG_T06","P0006","LUNG_T06","tS1","Epithelial cells",0.0755259918829472,"singlet",0.0268312302222735,"CNV_positive","Uncertain","Uncertain","Uncertain","inferCNV pilot only","Uncertain within pilot","Not assigned"
"TTCTACAGTCTTCGTC_LUNG_T06","P0006","LUNG_T06","tS1","Epithelial cells",0.122497892002974,"singlet",0.0273960868397101,"CNV_positive","Uncertain","Uncertain","Uncertain","inferCNV pilot only","Uncertain within pilot","Not assigned"
"GTGTGCGCACCGAATT_LUNG_T06","P0006","LUNG_T06","tS1","Epithelial cells",0.0717043020596835,"singlet",0.0329786651565533,"CNV_positive","Uncertain","Uncertain","Uncertain","inferCNV pilot only","Uncertain within pilot","Not assigned"
"CTGAAACTCTGTACGA_LUNG_T06","P0006","LUNG_T06","tS1","Epithelial cells",0.065024784106959,"singlet",0.0276423174103053,"CNV_positive","Uncertain","Uncertain","Uncertain","inferCNV pilot only","Uncertain within pilot","Not assigned"
"GATGCTACAGCTGCAC_LUNG_T06","P0006","LUNG_T06","tS1","Epithelial cells",0.0604705232643776,"singlet",0.0299704286470349,"CNV_positive","Uncertain","Uncertain","Uncertain","inferCNV pilot only","Uncertain within pilot","Not assigned"
"GTATTCTGTTGTGGAG_LUNG_T06","P0006","LUNG_T06","tS1","Epithelial cells",0.120602810652992,"singlet",0.0183313983076337,"CNV_negative","Uncertain","Uncertain","Uncertain","inferCNV pilot only","Uncertain within pilot","Not assigned"
"AAGTCTGCAGCATGAG_LUNG_T08","P0008","LUNG_T08","tS1","Epithelial cells",0.298751822952384,"singlet",0.0127615311585259,"CNV_negative","Uncertain","Uncertain","Uncertain","inferCNV pilot only","Uncertain within pilot","Not assigned"
"TACGGTAAGACTGTAA_LUNG_T08","P0008","LUNG_T08","tS1","Epithelial cells",0.260375527468243,"singlet",0.0375016919116405,"CNV_positive","Uncertain","Uncertain","Uncertain","inferCNV pilot only","Uncertain within pilot","Not assigned"
"ATTCTACGTACAAGTA_LUNG_T08","P0008","LUNG_T08","tS1","Epithelial cells",0.136381651622169,"singlet",0.0231947067910334,"CNV_uncertain","Uncertain","Uncertain","Uncertain","inferCNV pilot only","Uncertain within pilot","Not assigned"
"TGGTTAGGTCCAGTTA_LUNG_T08","P0008","LUNG_T08","tS1","Epithelial cells",0.261385930971502,"singlet",0.0428642475485323,"CNV_positive","Uncertain","Uncertain","Uncertain","inferCNV pilot only","Uncertain within pilot","Not assigned"
"ATCTACTAGCCCTAAT_LUNG_T08","P0008","LUNG_T08","tS1","Epithelial cells",0.689576908296722,"doublet",0.0134655966797543,"CNV_negative","Uncertain","Uncertain","Uncertain","inferCNV pilot only","Uncertain within pilot","Not assigned"
"CTACACCTCTTCGAGA_LUNG_T08","P0008","LUNG_T08","tS1","Epithelial cells",0.229705456900523,"singlet",0.022346152437775,"CNV_uncertain","Uncertain","Uncertain","Uncertain","inferCNV pilot only","Uncertain within pilot","Not assigned"
"TACTTGTAGGCGTACA_LUNG_T08","P0008","LUNG_T08","tS1","Epithelial cells",0.00823245799572388,"singlet",0.022510147492994,"CNV_uncertain","Uncertain","Uncertain","Uncertain","inferCNV pilot only","Uncertain within pilot","Not assigned"
"ACATGGTAGAGTACCG_LUNG_T08","P0008","LUNG_T08","tS1","Epithelial cells",0.215943684692967,"singlet",0.0218141487578294,"CNV_uncertain","Uncertain","Uncertain","Uncertain","inferCNV pilot only","Uncertain within pilot","Not assigned"
"CTGAAGTGTAACGACG_LUNG_T08","P0008","LUNG_T08","tS1","Epithelial cells",0.399531569307309,"doublet",0.00502566429789558,"CNV_negative","Uncertain","Uncertain","Uncertain","inferCNV pilot only","Uncertain within pilot","Not assigned"
"GGACATTAGTCAATAG_LUNG_T08","P0008","LUNG_T08","tS1","Epithelial cells",0.0577962806806363,"singlet",0.0176536402078102,"CNV_negative","Uncertain","Uncertain","Uncertain","inferCNV pilot only","Uncertain within pilot","Not assigned"
"AAGGTTCCACCAACCG_LUNG_T08","P0008","LUNG_T08","tS1","Epithelial cells",0.371100357591378,"singlet",0.0214176005697946,"CNV_uncertain","Uncertain","Uncertain","Uncertain","inferCNV pilot only","Uncertain within pilot","Not assigned"
"AGGTCCGGTAGTAGTA_LUNG_T08","P0008","LUNG_T08","tS1","Epithelial cells",0.184544253718834,"singlet",0.0244422382799671,"CNV_positive","Uncertain","Uncertain","Uncertain","inferCNV pilot only","Uncertain within pilot","Not assigned"
"AGGTCATGTCACCTAA_LUNG_T08","P0008","LUNG_T08","tS1","Epithelial cells",0.247291698042995,"singlet",0.0319472410118661,"CNV_positive","Uncertain","Uncertain","Uncertain","inferCNV pilot only","Uncertain within pilot","Not assigned"
"GCGACCACAATGGTCT_LUNG_T08","P0008","LUNG_T08","tS1","Epithelial cells",0.228088890189435,"singlet",0.025268533621023,"CNV_positive","Uncertain","Uncertain","Uncertain","inferCNV pilot only","Uncertain within pilot","Not assigned"
"GCGCAACAGGGCATGT_LUNG_T08","P0008","LUNG_T08","tS1","Epithelial cells",0.34097467746266,"singlet",0.00830440146721454,"CNV_negative","Uncertain","Uncertain","Uncertain","inferCNV pilot only","Uncertain within pilot","Not assigned"
"CATCCACAGAGCCCAA_LUNG_T08","P0008","LUNG_T08","tS1","Epithelial cells",0.181906252609567,"singlet",0.035086363908147,"CNV_positive","Uncertain","Uncertain","Uncertain","inferCNV pilot only","Uncertain within pilot","Not assigned"
"TTCTCCTTCTTCCTTC_LUNG_T08","P0008","LUNG_T08","tS1","Epithelial cells",0.181820373094999,"singlet",0.0247049732533844,"CNV_positive","Uncertain","Uncertain","Uncertain","inferCNV pilot only","Uncertain within pilot","Not assigned"
"ATAACGCAGACAATAC_LUNG_T08","P0008","LUNG_T08","tS1","Epithelial cells",0.40968452982157,"doublet",0.0111971048247363,"CNV_negative","Uncertain","Uncertain","Uncertain","inferCNV pilot only","Uncertain within pilot","Not assigned"
"ACGCCAGCAGCTGCTG_LUNG_T08","P0008","LUNG_T08","tS1","Epithelial cells",0.230911825744615,"singlet",0.0317788205962105,"CNV_positive","Uncertain","Uncertain","Uncertain","inferCNV pilot only","Uncertain within pilot","Not assigned"
"GAGTCCGCATCAGTAC_LUNG_T08","P0008","LUNG_T08","tS1","Epithelial cells",0.193418036668614,"singlet",0.0313507058026715,"CNV_positive","Uncertain","Uncertain","Uncertain","inferCNV pilot only","Uncertain within pilot","Not assigned"
"CAGCTAATCCTCTAGC_LUNG_T08","P0008","LUNG_T08","tS1","Epithelial cells",0.253519222582014,"singlet",0.0369215207566927,"CNV_positive","Uncertain","Uncertain","Uncertain","inferCNV pilot only","Uncertain within pilot","Not assigned"
"CGGAGCTAGGATGGAA_LUNG_T08","P0008","LUNG_T08","tS1","Epithelial cells",0.194128253047605,"singlet",0.0329861867544512,"CNV_positive","Uncertain","Uncertain","Uncertain","inferCNV pilot only","Uncertain within pilot","Not assigned"
"TCAGGATAGACTAAGT_LUNG_T08","P0008","LUNG_T08","tS1","Epithelial cells",0.221766514465275,"singlet",0.0209911739272045,"CNV_uncertain","Uncertain","Uncertain","Uncertain","inferCNV pilot only","Uncertain within pilot","Not assigned"
"TTCTTAGCATGATCCA_LUNG_T08","P0008","LUNG_T08","tS1","Epithelial cells",0.376276915838705,"singlet",0.0134607533735515,"CNV_negative","Uncertain","Uncertain","Uncertain","inferCNV pilot only","Uncertain within pilot","Not assigned"
"AACTCCCAGCGTAATA_LUNG_T08","P0008","LUNG_T08","tS1","Epithelial cells",0.306977113982534,"singlet",0.0253559061655755,"CNV_positive","Uncertain","Uncertain","Uncertain","inferCNV pilot only","Uncertain within pilot","Not assigned"
"CAGTCCTAGAAACCTA_LUNG_T08","P0008","LUNG_T08","tS1","Epithelial cells",0.243358004229372,"singlet",0.026656808995704,"CNV_positive","Uncertain","Uncertain","Uncertain","inferCNV pilot only","Uncertain within pilot","Not assigned"
"CAAGATCCAAGGGTCA_LUNG_T08","P0008","LUNG_T08","tS1","Epithelial cells",0.251104196856028,"singlet",0.0302444008718541,"CNV_positive","Uncertain","Uncertain","Uncertain","inferCNV pilot only","Uncertain within pilot","Not assigned"
"CTCACACAGTGGGCTA_LUNG_T08","P0008","LUNG_T08","tS1","Epithelial cells",0.223404686696204,"singlet",0.0290328250629789,"CNV_positive","Uncertain","Uncertain","Uncertain","inferCNV pilot only","Uncertain within pilot","Not assigned"
"CCTTCGAAGCTAGCCC_LUNG_T08","P0008","LUNG_T08","tS1","Epithelial cells",0.216734950567913,"singlet",0.0172143741624262,"CNV_negative","Uncertain","Uncertain","Uncertain","inferCNV pilot only","Uncertain within pilot","Not assigned"
"GACTAACGTACCGTTA_LUNG_T08","P0008","LUNG_T08","tS1","Epithelial cells",0.325227061747179,"singlet",0.0219228090295133,"CNV_uncertain","Uncertain","Uncertain","Uncertain","inferCNV pilot only","Uncertain within pilot","Not assigned"
"ATAGACCTCACTATTC_LUNG_T08","P0008","LUNG_T08","tS1","Epithelial cells",0.519524518777019,"doublet",0.00940597216108614,"CNV_negative","Uncertain","Uncertain","Uncertain","inferCNV pilot only","Uncertain within pilot","Not assigned"
"AGTGAGGAGAGTAAGG_LUNG_T08","P0008","LUNG_T08","tS1","Epithelial cells",0.328343761995057,"singlet",0.0305288738030663,"CNV_positive","Uncertain","Uncertain","Uncertain","inferCNV pilot only","Uncertain within pilot","Not assigned"
"CTCTAATGTACCCAAT_LUNG_T08","P0008","LUNG_T08","tS1","Epithelial cells",0.287512967974397,"singlet",0.0204517581126968,"CNV_negative","Uncertain","Uncertain","Uncertain","inferCNV pilot only","Uncertain within pilot","Not assigned"
"ATTTCTGTCAGGATCT_LUNG_T09","P0009","LUNG_T09","tS1","Epithelial cells",0.0474274955745027,"singlet",0.0220079760229524,"CNV_uncertain","Uncertain","Uncertain","Uncertain","inferCNV pilot only","Uncertain within pilot","Not assigned"
"CGTCTACCATGCCCGA_LUNG_T09","P0009","LUNG_T09","tS1","Epithelial cells",0.0349316106408228,"singlet",0.0159662044828187,"CNV_negative","Uncertain","Uncertain","Uncertain","inferCNV pilot only","Uncertain within pilot","Not assigned"
"AGCTCCTGTAAGTTCC_LUNG_T09","P0009","LUNG_T09","tS1","Epithelial cells",0.0227272727272761,"singlet",0.0179055704191714,"CNV_negative","Uncertain","Uncertain","Uncertain","inferCNV pilot only","Uncertain within pilot","Not assigned"
"AGGGTGAAGCCGCCTA_LUNG_T09","P0009","LUNG_T09","tS1","Epithelial cells",0.056818181818405,"singlet",0.00927552834023378,"CNV_negative","Uncertain","Uncertain","Uncertain","inferCNV pilot only","Uncertain within pilot","Not assigned"
"CAAGATCGTTGGTTTG_LUNG_T09","P0009","LUNG_T09","tS1","Epithelial cells",0.0360614612417181,"singlet",0.0132379454870399,"CNV_negative","Uncertain","Uncertain","Uncertain","inferCNV pilot only","Uncertain within pilot","Not assigned"
"CGTAGCGTCAGGATCT_LUNG_T18","P0018","LUNG_T18","tS1","Epithelial cells",0.103820049821477,"singlet",0.0232991651559794,"CNV_uncertain","Uncertain","Uncertain","Uncertain","inferCNV pilot only","Uncertain within pilot","Not assigned"
"CCTTCCCCAAACTGTC_LUNG_T18","P0018","LUNG_T18","tS1","Epithelial cells",0.0795454710884313,"singlet",0.0219512069108653,"CNV_uncertain","Uncertain","Uncertain","Uncertain","inferCNV pilot only","Uncertain within pilot","Not assigned"
"CACCACTGTCCAAGTT_LUNG_T18","P0018","LUNG_T18","tS1","Epithelial cells",0.392409597846988,"doublet",0.0119029578017672,"CNV_negative","Uncertain","Uncertain","Uncertain","inferCNV pilot only","Uncertain within pilot","Not assigned"
"GCGACCACATAGTAAG_LUNG_T18","P0018","LUNG_T18","tS1","Epithelial cells",1.39388623679237e-32,"singlet",0.0306440883556319,"CNV_positive","Uncertain","Uncertain","Uncertain","inferCNV pilot only","Uncertain within pilot","Not assigned"
"AGGTCCGGTTGGTGGA_LUNG_T18","P0018","LUNG_T18","tS1","Epithelial cells",0.0454576209387696,"singlet",0.0433609272816435,"CNV_positive","Uncertain","Uncertain","Uncertain","inferCNV pilot only","Uncertain within pilot","Not assigned"
"TCACGAAGTTAAGAAC_LUNG_T18","P0018","LUNG_T18","tS1","Epithelial cells",0.0823873663566666,"singlet",0.0261868948928022,"CNV_positive","Uncertain","Uncertain","Uncertain","inferCNV pilot only","Uncertain within pilot","Not assigned"
"CGGTTAACATTAGCCA_LUNG_T18","P0018","LUNG_T18","tS1","Epithelial cells",0.0227337529417899,"singlet",0.032251793040427,"CNV_positive","Uncertain","Uncertain","Uncertain","inferCNV pilot only","Uncertain within pilot","Not assigned"
"CCTAGCTAGTACTTGC_LUNG_T18","P0018","LUNG_T18","tS1","Epithelial cells",0.0795454545673913,"singlet",0.0184087783022075,"CNV_negative","Uncertain","Uncertain","Uncertain","inferCNV pilot only","Uncertain within pilot","Not assigned"
"CAAGAAAGTGAACCTT_LUNG_T18","P0018","LUNG_T18","tS1","Epithelial cells",0.102272749151254,"singlet",0.0285730137380072,"CNV_positive","Uncertain","Uncertain","Uncertain","inferCNV pilot only","Uncertain within pilot","Not assigned"
"AGGGTGACAGACAGGT_LUNG_T18","P0018","LUNG_T18","tS1","Epithelial cells",0.0454546444879267,"singlet",0.0151719118237341,"CNV_negative","Uncertain","Uncertain","Uncertain","inferCNV pilot only","Uncertain within pilot","Not assigned"
"CCTCAGTAGGCACATG_LUNG_T18","P0018","LUNG_T18","tS1","Epithelial cells",8.04205684696024e-29,"singlet",0.0304626938803473,"CNV_positive","Uncertain","Uncertain","Uncertain","inferCNV pilot only","Uncertain within pilot","Not assigned"
"TTTATGCTCTACGAGT_LUNG_T18","P0018","LUNG_T18","tS1","Epithelial cells",0.113636364162662,"singlet",0.0224389418160696,"CNV_uncertain","Uncertain","Uncertain","Uncertain","inferCNV pilot only","Uncertain within pilot","Not assigned"
"CGTAGGCGTCACTTCC_LUNG_T18","P0018","LUNG_T18","tS1","Epithelial cells",0.0340909096457718,"singlet",0.0233873651822756,"CNV_uncertain","Uncertain","Uncertain","Uncertain","inferCNV pilot only","Uncertain within pilot","Not assigned"
"AGCAGCCTCAAGCCTA_LUNG_T18","P0018","LUNG_T18","tS1","Epithelial cells",0.0795890856393403,"singlet",0.0258720572718957,"CNV_positive","Uncertain","Uncertain","Uncertain","inferCNV pilot only","Uncertain within pilot","Not assigned"
"CACCACTTCATTCACT_LUNG_T18","P0018","LUNG_T18","tS1","Epithelial cells",0.0115176648042235,"singlet",0.0331206601527168,"CNV_positive","Uncertain","Uncertain","Uncertain","inferCNV pilot only","Uncertain within pilot","Not assigned"
"TCAGGTAAGGGCACTA_LUNG_T18","P0018","LUNG_T18","tS1","Epithelial cells",0.125094353588611,"singlet",0.0305107104556104,"CNV_positive","Uncertain","Uncertain","Uncertain","inferCNV pilot only","Uncertain within pilot","Not assigned"
"CAGCTAACACCGATAT_LUNG_T18","P0018","LUNG_T18","tS1","Epithelial cells",0.0681818186078728,"singlet",0.0206957402127413,"CNV_negative","Uncertain","Uncertain","Uncertain","inferCNV pilot only","Uncertain within pilot","Not assigned"
"AACACGTTCCAAAGTC_LUNG_T18","P0018","LUNG_T18","tS1","Epithelial cells",0.0454545454546586,"singlet",0.0274463118921403,"CNV_positive","Uncertain","Uncertain","Uncertain","inferCNV pilot only","Uncertain within pilot","Not assigned"
"GCACTCTCAATCGAAA_LUNG_T18","P0018","LUNG_T18","tS1","Epithelial cells",0.159106469720096,"singlet",0.0275468199094358,"CNV_positive","Uncertain","Uncertain","Uncertain","inferCNV pilot only","Uncertain within pilot","Not assigned"
"CGCCAAGTCACTCCTG_LUNG_T18","P0018","LUNG_T18","tS1","Epithelial cells",0.0340909090909091,"singlet",0.024222725622869,"CNV_positive","Uncertain","Uncertain","Uncertain","inferCNV pilot only","Uncertain within pilot","Not assigned"
"CAGCATAGTGTATGGG_LUNG_T18","P0018","LUNG_T18","tS1","Epithelial cells",0.0248542184317384,"singlet",0.0204948186949246,"CNV_negative","Uncertain","Uncertain","Uncertain","inferCNV pilot only","Uncertain within pilot","Not assigned"
"AAAGCAAGTCAAAGAT_LUNG_T18","P0018","LUNG_T18","tS1","Epithelial cells",4.64501546767383e-05,"singlet",0.0319458421562087,"CNV_positive","Uncertain","Uncertain","Uncertain","inferCNV pilot only","Uncertain within pilot","Not assigned"
"AACGTTGCATGCCACG_LUNG_T18","P0018","LUNG_T18","tS1","Epithelial cells",0.0227301275424086,"singlet",0.028935845908792,"CNV_positive","Uncertain","Uncertain","Uncertain","inferCNV pilot only","Uncertain within pilot","Not assigned"
"AAACGGGAGAATTGTG_LUNG_T18","P0018","LUNG_T18","tS1","Epithelial cells",0.0113636363636364,"singlet",0.0249540374050575,"CNV_positive","Uncertain","Uncertain","Uncertain","inferCNV pilot only","Uncertain within pilot","Not assigned"
"GACAGAGGTCTGATCA_LUNG_T18","P0018","LUNG_T18","tS1","Epithelial cells",0.0113636363636364,"singlet",0.0290336112674143,"CNV_positive","Uncertain","Uncertain","Uncertain","inferCNV pilot only","Uncertain within pilot","Not assigned"
"TAGTGGTAGAATTCCC_LUNG_T18","P0018","LUNG_T18","tS1","Epithelial cells",0.0349902933095229,"singlet",0.030129388206738,"CNV_positive","Uncertain","Uncertain","Uncertain","inferCNV pilot only","Uncertain within pilot","Not assigned"
"TCAGGATCAAACGTGG_LUNG_T18","P0018","LUNG_T18","tS1","Epithelial cells",0.0454545594999285,"singlet",0.0235977055076304,"CNV_positive","Uncertain","Uncertain","Uncertain","inferCNV pilot only","Uncertain within pilot","Not assigned"
"AGAGTGGGTCAAAGAT_LUNG_T18","P0018","LUNG_T18","tS1","Epithelial cells",0.204545454545455,"singlet",0.0375275754273037,"CNV_positive","Uncertain","Uncertain","Uncertain","inferCNV pilot only","Uncertain within pilot","Not assigned"
"GATCGCGGTCAACATC_LUNG_T18","P0018","LUNG_T18","tS1","Epithelial cells",0.08148845528017,"singlet",0.0282331835432573,"CNV_positive","Uncertain","Uncertain","Uncertain","inferCNV pilot only","Uncertain within pilot","Not assigned"
"TCATTTGTCGGTGTTA_LUNG_T18","P0018","LUNG_T18","tS1","Epithelial cells",0.0227272997958432,"singlet",0.0251357242579375,"CNV_positive","Uncertain","Uncertain","Uncertain","inferCNV pilot only","Uncertain within pilot","Not assigned"
"GGCAATTCAGCCTATA_LUNG_T18","P0018","LUNG_T18","tS1","Epithelial cells",0.125702851777067,"singlet",0.0261484486221691,"CNV_positive","Uncertain","Uncertain","Uncertain","inferCNV pilot only","Uncertain within pilot","Not assigned"
"GCAGTTAGTCACCCAG_LUNG_T18","P0018","LUNG_T18","tS1","Epithelial cells",0.102272745508941,"singlet",0.0201826743222947,"CNV_negative","Uncertain","Uncertain","Uncertain","inferCNV pilot only","Uncertain within pilot","Not assigned"
"GTCGGGTCAGAAGCAC_LUNG_T18","P0018","LUNG_T18","tS1","Epithelial cells",0.0340909246764173,"singlet",0.0180462938022401,"CNV_negative","Uncertain","Uncertain","Uncertain","inferCNV pilot only","Uncertain within pilot","Not assigned"
"CACTCCACAGACGCAA_LUNG_T18","P0018","LUNG_T18","tS1","Epithelial cells",0.0119782987354549,"singlet",0.0281949069314608,"CNV_positive","Uncertain","Uncertain","Uncertain","inferCNV pilot only","Uncertain within pilot","Not assigned"
"CTAGCCTGTGATAAGT_LUNG_T18","P0018","LUNG_T18","tS1","Epithelial cells",0.0681818181818182,"singlet",0.0180851520120889,"CNV_negative","Uncertain","Uncertain","Uncertain","inferCNV pilot only","Uncertain within pilot","Not assigned"
"TCAATCTGTGAGGGAG_LUNG_T18","P0018","LUNG_T18","tS1","Epithelial cells",0.0568181886844728,"singlet",0.0276271308276771,"CNV_positive","Uncertain","Uncertain","Uncertain","inferCNV pilot only","Uncertain within pilot","Not assigned"
"GTCGTAATCGCCCTTA_LUNG_T18","P0018","LUNG_T18","tS1","Epithelial cells",0.0568330445243242,"singlet",0.0236203438549959,"CNV_positive","Uncertain","Uncertain","Uncertain","inferCNV pilot only","Uncertain within pilot","Not assigned"
"GCAGTTACACCTGGTG_LUNG_T18","P0018","LUNG_T18","tS1","Epithelial cells",0.0232104164730784,"singlet",0.0292343819376961,"CNV_positive","Uncertain","Uncertain","Uncertain","inferCNV pilot only","Uncertain within pilot","Not assigned"
"CTTGGCTAGTACGTTC_LUNG_T18","P0018","LUNG_T18","tS1","Epithelial cells",0.0351703663053207,"singlet",0.0219128583769097,"CNV_uncertain","Uncertain","Uncertain","Uncertain","inferCNV pilot only","Uncertain within pilot","Not assigned"
"TGCGTGGTCGCGCCAA_LUNG_T18","P0018","LUNG_T18","tS1","Epithelial cells",0.0685931129058312,"singlet",0.0256204601023781,"CNV_positive","Uncertain","Uncertain","Uncertain","inferCNV pilot only","Uncertain within pilot","Not assigned"
"GCGGGTTTCGATGAGG_LUNG_T18","P0018","LUNG_T18","tS1","Epithelial cells",2.57371459601375e-05,"singlet",0.0275496367899187,"CNV_positive","Uncertain","Uncertain","Uncertain","inferCNV pilot only","Uncertain within pilot","Not assigned"
"GCTGCTTCATCTACGA_LUNG_T18","P0018","LUNG_T18","tS1","Epithelial cells",0.0795702491110869,"singlet",0.0258648930840499,"CNV_positive","Uncertain","Uncertain","Uncertain","inferCNV pilot only","Uncertain within pilot","Not assigned"
"TGCTACCGTCTCGTTC_LUNG_T18","P0018","LUNG_T18","tS1","Epithelial cells",0,"singlet",0.0241194952832779,"CNV_positive","Uncertain","Uncertain","Uncertain","inferCNV pilot only","Uncertain within pilot","Not assigned"
"ACCGTAAGTGCAACTT_LUNG_T18","P0018","LUNG_T18","tS1","Epithelial cells",0.0340909090909091,"singlet",0.0160591976107325,"CNV_negative","Uncertain","Uncertain","Uncertain","inferCNV pilot only","Uncertain within pilot","Not assigned"
"CGGGTCACAATCTGCA_LUNG_T18","P0018","LUNG_T18","tS1","Epithelial cells",0.136363663511337,"singlet",0.0250327453021629,"CNV_positive","Uncertain","Uncertain","Uncertain","inferCNV pilot only","Uncertain within pilot","Not assigned"
"CAGCGACAGTGCCATT_LUNG_T18","P0018","LUNG_T18","tS1","Epithelial cells",0.0415887284736032,"singlet",0.0248743432599703,"CNV_positive","Uncertain","Uncertain","Uncertain","inferCNV pilot only","Uncertain within pilot","Not assigned"
"CGACCTTAGACACGAC_LUNG_T18","P0018","LUNG_T18","tS1","Epithelial cells",0.022751297426352,"singlet",0.0223004241375215,"CNV_uncertain","Uncertain","Uncertain","Uncertain","inferCNV pilot only","Uncertain within pilot","Not assigned"
"GTCACAACAGCCACCA_LUNG_T19","P0019","LUNG_T19","tS1","Epithelial cells",0.288780473788117,"singlet",0.0247063682820834,"CNV_positive","Uncertain","Uncertain","Uncertain","inferCNV pilot only","Uncertain within pilot","Not assigned"
"TGGCGCAGTAAGAGGA_LUNG_T19","P0019","LUNG_T19","tS1","Epithelial cells",0.0619079690674533,"singlet",0.0487002012424469,"CNV_positive","Uncertain","Uncertain","Uncertain","inferCNV pilot only","Uncertain within pilot","Not assigned"
"TGCTACCGTTTGTTGG_LUNG_T19","P0019","LUNG_T19","tS1","Epithelial cells",0.150644240992237,"singlet",0.0266421468117717,"CNV_positive","Uncertain","Uncertain","Uncertain","inferCNV pilot only","Uncertain within pilot","Not assigned"
"GCATACACATCACGAT_LUNG_T19","P0019","LUNG_T19","tS1","Epithelial cells",0.0968129755311179,"singlet",0.0461293752823477,"CNV_positive","Uncertain","Uncertain","Uncertain","inferCNV pilot only","Uncertain within pilot","Not assigned"
"CAGAGAGCAAGCGCTC_LUNG_T19","P0019","LUNG_T19","tS1","Epithelial cells",0.00210595302731187,"singlet",0.0367680220202721,"CNV_positive","Uncertain","Uncertain","Uncertain","inferCNV pilot only","Uncertain within pilot","Not assigned"
"TTGTAGGCAACTTGAC_LUNG_T19","P0019","LUNG_T19","tS1","Epithelial cells",0.0517824499900454,"singlet",0.036361404955483,"CNV_positive","Uncertain","Uncertain","Uncertain","inferCNV pilot only","Uncertain within pilot","Not assigned"
"TATGCCCCAACAACCT_LUNG_T19","P0019","LUNG_T19","tS1","Epithelial cells",0.0656251788604897,"singlet",0.0435558992680978,"CNV_positive","Uncertain","Uncertain","Uncertain","inferCNV pilot only","Uncertain within pilot","Not assigned"
"ATAAGAGCAGTCTTCC_LUNG_T19","P0019","LUNG_T19","tS1","Epithelial cells",0.056524835055299,"singlet",0.0423543537087317,"CNV_positive","Uncertain","Uncertain","Uncertain","inferCNV pilot only","Uncertain within pilot","Not assigned"
"CTCGTACTCTACCAGA_LUNG_T19","P0019","LUNG_T19","tS1","Epithelial cells",0.0480171821180193,"singlet",0.0433015372550876,"CNV_positive","Uncertain","Uncertain","Uncertain","inferCNV pilot only","Uncertain within pilot","Not assigned"
"CAGTAACTCGTGTAGT_LUNG_T19","P0019","LUNG_T19","tS1","Epithelial cells",0.0749936322234413,"singlet",0.0363295331827642,"CNV_positive","Uncertain","Uncertain","Uncertain","inferCNV pilot only","Uncertain within pilot","Not assigned"
"CGAGCCATCCGATATG_LUNG_T19","P0019","LUNG_T19","tS1","Epithelial cells",0.0333546161947049,"singlet",0.0337071085261232,"CNV_positive","Uncertain","Uncertain","Uncertain","inferCNV pilot only","Uncertain within pilot","Not assigned"
"GAAATGAGTGACAAAT_LUNG_T19","P0019","LUNG_T19","tS1","Epithelial cells",0.0266150313917806,"singlet",0.0352976214474007,"CNV_positive","Uncertain","Uncertain","Uncertain","inferCNV pilot only","Uncertain within pilot","Not assigned"
"CAGGTGCAGTACGACG_LUNG_T19","P0019","LUNG_T19","tS1","Epithelial cells",0.0688586566860801,"singlet",0.0399267163946973,"CNV_positive","Uncertain","Uncertain","Uncertain","inferCNV pilot only","Uncertain within pilot","Not assigned"
"TCAACGACACGGCTAC_LUNG_T19","P0019","LUNG_T19","tS1","Epithelial cells",0.0320448747276878,"singlet",0.0383258201421261,"CNV_positive","Uncertain","Uncertain","Uncertain","inferCNV pilot only","Uncertain within pilot","Not assigned"
"AACCATGCATGCCCGA_LUNG_T19","P0019","LUNG_T19","tS1","Epithelial cells",0.0762380934407396,"singlet",0.0117071875565216,"CNV_negative","Uncertain","Uncertain","Uncertain","inferCNV pilot only","Uncertain within pilot","Not assigned"
"GCACTCTCAGTTCCCT_LUNG_T19","P0019","LUNG_T19","tS1","Epithelial cells",0.0320920275017116,"singlet",0.0373968997835299,"CNV_positive","Uncertain","Uncertain","Uncertain","inferCNV pilot only","Uncertain within pilot","Not assigned"
"CGTGTAAAGGAATGGA_LUNG_T19","P0019","LUNG_T19","tS1","Epithelial cells",0.0181319460815438,"singlet",0.0325153620522965,"CNV_positive","Uncertain","Uncertain","Uncertain","inferCNV pilot only","Uncertain within pilot","Not assigned"
"GTACTCCTCCTTTCGG_LUNG_T19","P0019","LUNG_T19","tS1","Epithelial cells",0.0122115444655251,"singlet",0.0420537213882008,"CNV_positive","Uncertain","Uncertain","Uncertain","inferCNV pilot only","Uncertain within pilot","Not assigned"
"GCGCAACGTTACGTCA_LUNG_T19","P0019","LUNG_T19","tS1","Epithelial cells",0.0851144236970188,"singlet",0.0094409953202036,"CNV_negative","Uncertain","Uncertain","Uncertain","inferCNV pilot only","Uncertain within pilot","Not assigned"
"ACCTTTAAGTCGTACT_LUNG_T19","P0019","LUNG_T19","tS1","Epithelial cells",0.112566741905626,"singlet",0.0312366729789576,"CNV_positive","Uncertain","Uncertain","Uncertain","inferCNV pilot only","Uncertain within pilot","Not assigned"
"AACTTTCCAATCACAC_LUNG_T19","P0019","LUNG_T19","tS1","Epithelial cells",0.0336279049363045,"singlet",0.0367824271142459,"CNV_positive","Uncertain","Uncertain","Uncertain","inferCNV pilot only","Uncertain within pilot","Not assigned"
"AAGTCTGGTACACCGC_LUNG_T19","P0019","LUNG_T19","tS1","Epithelial cells",0.0349421355624954,"singlet",0.0412205639549298,"CNV_positive","Uncertain","Uncertain","Uncertain","inferCNV pilot only","Uncertain within pilot","Not assigned"
"GGACGTCAGTGAACGC_LUNG_T19","P0019","LUNG_T19","tS1","Epithelial cells",0.183036277520131,"singlet",0.00986989693143566,"CNV_negative","Uncertain","Uncertain","Uncertain","inferCNV pilot only","Uncertain within pilot","Not assigned"
"TACTCATCACTCTGTC_LUNG_T19","P0019","LUNG_T19","tS1","Epithelial cells",0.039162925871492,"singlet",0.0289681068467575,"CNV_positive","Uncertain","Uncertain","Uncertain","inferCNV pilot only","Uncertain within pilot","Not assigned"
"ATCGAGTCAGGCGATA_LUNG_T19","P0019","LUNG_T19","tS1","Epithelial cells",0.0216117752880662,"singlet",0.0132825724818087,"CNV_negative","Uncertain","Uncertain","Uncertain","inferCNV pilot only","Uncertain within pilot","Not assigned"
"AAGACCTAGGTAAACT_LUNG_T19","P0019","LUNG_T19","tS1","Epithelial cells",0.649069416443972,"doublet",0.00786309259841766,"CNV_negative","Uncertain","Uncertain","Uncertain","inferCNV pilot only","Uncertain within pilot","Not assigned"
"ATCATGGCAAGTTAAG_LUNG_T19","P0019","LUNG_T19","tS1","Epithelial cells",0.0376434257924509,"singlet",0.0388904479897781,"CNV_positive","Uncertain","Uncertain","Uncertain","inferCNV pilot only","Uncertain within pilot","Not assigned"
"TCGTACCCATGTTCCC_LUNG_T19","P0019","LUNG_T19","tS1","Epithelial cells",0.0921322479307256,"singlet",0.0385460831960785,"CNV_positive","Uncertain","Uncertain","Uncertain","inferCNV pilot only","Uncertain within pilot","Not assigned"
"AGTGGGAAGAGTGAGA_LUNG_T19","P0019","LUNG_T19","tS1","Epithelial cells",0.0780247866692307,"singlet",0.019810855951656,"CNV_negative","Uncertain","Uncertain","Uncertain","inferCNV pilot only","Uncertain within pilot","Not assigned"
"GTGGGTCTCCTCAACC_LUNG_T19","P0019","LUNG_T19","tS1","Epithelial cells",0.0332658387763482,"singlet",0.0152874428946965,"CNV_negative","Uncertain","Uncertain","Uncertain","inferCNV pilot only","Uncertain within pilot","Not assigned"
"TGAGCATTCTCAACTT_LUNG_T19","P0019","LUNG_T19","tS1","Epithelial cells",0.0651998731892503,"singlet",0.00910987417781806,"CNV_negative","Uncertain","Uncertain","Uncertain","inferCNV pilot only","Uncertain within pilot","Not assigned"
"CTACACCGTTGATTCG_LUNG_T19","P0019","LUNG_T19","tS1","Epithelial cells",0.0106585037526892,"singlet",0.0110181806130056,"CNV_negative","Uncertain","Uncertain","Uncertain","inferCNV pilot only","Uncertain within pilot","Not assigned"
"CTCTAATTCTGTTTGT_LUNG_T19","P0019","LUNG_T19","tS1","Epithelial cells",0.0319920598797659,"singlet",0.0332722361150528,"CNV_positive","Uncertain","Uncertain","Uncertain","inferCNV pilot only","Uncertain within pilot","Not assigned"
"AAATGCCCAGGTCGTC_LUNG_T19","P0019","LUNG_T19","tS1","Epithelial cells",0.214017919427598,"singlet",0.0218513747132535,"CNV_uncertain","Uncertain","Uncertain","Uncertain","inferCNV pilot only","Uncertain within pilot","Not assigned"
"CTCGTACGTTTGTGTG_LUNG_T19","P0019","LUNG_T19","tS1","Epithelial cells",0.00166507095420889,"singlet",0.038187273882768,"CNV_positive","Uncertain","Uncertain","Uncertain","inferCNV pilot only","Uncertain within pilot","Not assigned"
"CAAGTTGCATATACGC_LUNG_T19","P0019","LUNG_T19","tS1","Epithelial cells",0.0544118220118568,"singlet",0.0363653608007502,"CNV_positive","Uncertain","Uncertain","Uncertain","inferCNV pilot only","Uncertain within pilot","Not assigned"
"CATGACAGTACGCTGC_LUNG_T19","P0019","LUNG_T19","tS1","Epithelial cells",0.00329102817094654,"singlet",0.0319838703346481,"CNV_positive","Uncertain","Uncertain","Uncertain","inferCNV pilot only","Uncertain within pilot","Not assigned"
"TGAGCATAGGGATGGG_LUNG_T19","P0019","LUNG_T19","tS1","Epithelial cells",0.160284993608216,"singlet",0.0265108214036536,"CNV_positive","Uncertain","Uncertain","Uncertain","inferCNV pilot only","Uncertain within pilot","Not assigned"
"CAGCGACAGCCACGCT_LUNG_T19","P0019","LUNG_T19","tS1","Epithelial cells",0.0212828148251733,"singlet",0.038002328561864,"CNV_positive","Uncertain","Uncertain","Uncertain","inferCNV pilot only","Uncertain within pilot","Not assigned"
"AGAGCGAGTTGTGGCC_LUNG_T19","P0019","LUNG_T19","tS1","Epithelial cells",0.0212765957446822,"singlet",0.0364043912615121,"CNV_positive","Uncertain","Uncertain","Uncertain","inferCNV pilot only","Uncertain within pilot","Not assigned"
"CTCGAGGAGGTGGGTT_LUNG_T19","P0019","LUNG_T19","tS1","Epithelial cells",0.14081879595369,"singlet",0.0238129756551876,"CNV_positive","Uncertain","Uncertain","Uncertain","inferCNV pilot only","Uncertain within pilot","Not assigned"
"CACTCCACAGGCGATA_LUNG_T19","P0019","LUNG_T19","tS1","Epithelial cells",0.343496780332312,"singlet",0.0163843706506669,"CNV_negative","Uncertain","Uncertain","Uncertain","inferCNV pilot only","Uncertain within pilot","Not assigned"
"AGCGTATGTCTCATCC_LUNG_T19","P0019","LUNG_T19","tS1","Epithelial cells",0.452786316011016,"doublet",0.0116915404754245,"CNV_negative","Uncertain","Uncertain","Uncertain","inferCNV pilot only","Uncertain within pilot","Not assigned"
"TCATTACAGTTGTAGA_LUNG_T19","P0019","LUNG_T19","tS1","Epithelial cells",0.0106383329762742,"singlet",0.0329043013919477,"CNV_positive","Uncertain","Uncertain","Uncertain","inferCNV pilot only","Uncertain within pilot","Not assigned"
"GGGACCTGTCTCCCTA_LUNG_T19","P0019","LUNG_T19","tS1","Epithelial cells",0.0322496357312538,"singlet",0.0444060060126985,"CNV_positive","Uncertain","Uncertain","Uncertain","inferCNV pilot only","Uncertain within pilot","Not assigned"
"ACGGAGACATTGCGGC_LUNG_T19","P0019","LUNG_T19","tS1","Epithelial cells",0.0350830952701117,"singlet",0.00627556143837911,"CNV_negative","Uncertain","Uncertain","Uncertain","inferCNV pilot only","Uncertain within pilot","Not assigned"
"ACTATCTGTGGCCCTA_LUNG_T19","P0019","LUNG_T19","tS1","Epithelial cells",0.0161767617130134,"singlet",0.035007279408998,"CNV_positive","Uncertain","Uncertain","Uncertain","inferCNV pilot only","Uncertain within pilot","Not assigned"
"GTTAAGCGTCCGAACC_LUNG_T19","P0019","LUNG_T19","tS1","Epithelial cells",0.159977810524248,"singlet",0.0160226282391285,"CNV_negative","Uncertain","Uncertain","Uncertain","inferCNV pilot only","Uncertain within pilot","Not assigned"
"AACCATGTCAGTCCCT_LUNG_T19","P0019","LUNG_T19","tS1","Epithelial cells",0.0225801795671144,"singlet",0.0285290688206271,"CNV_positive","Uncertain","Uncertain","Uncertain","inferCNV pilot only","Uncertain within pilot","Not assigned"
"CGGACGTTCTCATTCA_LUNG_T19","P0019","LUNG_T19","tS1","Epithelial cells",0.27796042436495,"singlet",0.0116846064864953,"CNV_negative","Uncertain","Uncertain","Uncertain","inferCNV pilot only","Uncertain within pilot","Not assigned"
"GACTGCGCAATAACGA_LUNG_T20","P0020","LUNG_T20","tS1","Epithelial cells",0.0222222222222222,"singlet",0.0244654998460293,"CNV_positive","Uncertain","Uncertain","Uncertain","inferCNV pilot only","Uncertain within pilot","Not assigned"
"CGTAGGCGTCGCTTTC_LUNG_T20","P0020","LUNG_T20","tS1","Epithelial cells",0.0333333333333712,"singlet",0.0204575224252573,"CNV_negative","Uncertain","Uncertain","Uncertain","inferCNV pilot only","Uncertain within pilot","Not assigned"
"ATAGACCTCAGGCCCA_LUNG_T20","P0020","LUNG_T20","tS1","Epithelial cells",0.0333333335852645,"singlet",0.0218866179154651,"CNV_uncertain","Uncertain","Uncertain","Uncertain","inferCNV pilot only","Uncertain within pilot","Not assigned"
"TGTGGTACAATAGAGT_LUNG_T20","P0020","LUNG_T20","tS1","Epithelial cells",0.0351454513907172,"singlet",0.0237388996062516,"CNV_positive","Uncertain","Uncertain","Uncertain","inferCNV pilot only","Uncertain within pilot","Not assigned"
"TACTTGTAGGATATAC_LUNG_T20","P0020","LUNG_T20","tS1","Epithelial cells",0.0111111111111112,"singlet",0.00930282841623015,"CNV_negative","Uncertain","Uncertain","Uncertain","inferCNV pilot only","Uncertain within pilot","Not assigned"
"CGAACATTCACAGTAC_LUNG_T20","P0020","LUNG_T20","tS1","Epithelial cells",0.0222222222484454,"singlet",0.0316077582210053,"CNV_positive","Uncertain","Uncertain","Uncertain","inferCNV pilot only","Uncertain within pilot","Not assigned"
"ACATACGCACATCCAA_LUNG_T20","P0020","LUNG_T20","tS1","Epithelial cells",0.0222308096726858,"singlet",0.0193161877661948,"CNV_negative","Uncertain","Uncertain","Uncertain","inferCNV pilot only","Uncertain within pilot","Not assigned"
"GGCAATTCAGTATCTG_LUNG_T20","P0020","LUNG_T20","tS1","Epithelial cells",0.0222522193720481,"singlet",0.0131990603820436,"CNV_negative","Uncertain","Uncertain","Uncertain","inferCNV pilot only","Uncertain within pilot","Not assigned"
"AAGGCAGCACGAAACG_LUNG_T20","P0020","LUNG_T20","tS1","Epithelial cells",0.133333335067064,"singlet",0.0340008490530068,"CNV_positive","Uncertain","Uncertain","Uncertain","inferCNV pilot only","Uncertain within pilot","Not assigned"
"TCCACACGTAGGCTGA_LUNG_T20","P0020","LUNG_T20","tS1","Epithelial cells",0.0148544630273014,"singlet",0.0202389540786285,"CNV_negative","Uncertain","Uncertain","Uncertain","inferCNV pilot only","Uncertain within pilot","Not assigned"
"GGTGAAGCATGTCTCC_LUNG_T20","P0020","LUNG_T20","tS1","Epithelial cells",0.0111112023669557,"singlet",0.0175904034455884,"CNV_negative","Uncertain","Uncertain","Uncertain","inferCNV pilot only","Uncertain within pilot","Not assigned"
"GCTGCTTGTTCAGGCC_LUNG_T20","P0020","LUNG_T20","tS1","Epithelial cells",0.0306713121442991,"singlet",0.00610165622468607,"CNV_negative","Uncertain","Uncertain","Uncertain","inferCNV pilot only","Uncertain within pilot","Not assigned"
"CTGTTTATCTTCAACT_LUNG_T20","P0020","LUNG_T20","tS1","Epithelial cells",0.0333334567879044,"singlet",0.0265116851949917,"CNV_positive","Uncertain","Uncertain","Uncertain","inferCNV pilot only","Uncertain within pilot","Not assigned"
"ACCGTAATCAGTTAGC_LUNG_T20","P0020","LUNG_T20","tS1","Epithelial cells",0.0335529931071069,"singlet",0.0188135559019031,"CNV_negative","Uncertain","Uncertain","Uncertain","inferCNV pilot only","Uncertain within pilot","Not assigned"
"CTGAAACTCCGATATG_LUNG_T20","P0020","LUNG_T20","tS1","Epithelial cells",0.0225706966698413,"singlet",0.0155406531990766,"CNV_negative","Uncertain","Uncertain","Uncertain","inferCNV pilot only","Uncertain within pilot","Not assigned"
"GCGACCACACTAAGTC_LUNG_T20","P0020","LUNG_T20","tS1","Epithelial cells",0.0667085348732994,"singlet",0.0200523639797008,"CNV_negative","Uncertain","Uncertain","Uncertain","inferCNV pilot only","Uncertain within pilot","Not assigned"
"CGTCACTGTCCAGTGC_LUNG_T20","P0020","LUNG_T20","tS1","Epithelial cells",0.255555556767131,"singlet",0.033320902668558,"CNV_positive","Uncertain","Uncertain","Uncertain","inferCNV pilot only","Uncertain within pilot","Not assigned"
"CACCAGGAGCGTAATA_LUNG_T20","P0020","LUNG_T20","tS1","Epithelial cells",0.0333444762420535,"singlet",0.0265751974346965,"CNV_positive","Uncertain","Uncertain","Uncertain","inferCNV pilot only","Uncertain within pilot","Not assigned"
"AGCTCTCAGAGCTGGT_LUNG_T20","P0020","LUNG_T20","tS1","Epithelial cells",0.0333333333333333,"singlet",0.0308972363872832,"CNV_positive","Uncertain","Uncertain","Uncertain","inferCNV pilot only","Uncertain within pilot","Not assigned"
"GTTCTCGTCGGAATCT_LUNG_T20","P0020","LUNG_T20","tS1","Epithelial cells",0.0915030467276218,"singlet",0.0148354736960998,"CNV_negative","Uncertain","Uncertain","Uncertain","inferCNV pilot only","Uncertain within pilot","Not assigned"
"TCTGAGATCGTTGACA_LUNG_T20","P0020","LUNG_T20","tS1","Epithelial cells",0.0333455256300034,"singlet",0.0274364130402142,"CNV_positive","Uncertain","Uncertain","Uncertain","inferCNV pilot only","Uncertain within pilot","Not assigned"
"GCATGCGGTACAGACG_LUNG_T20","P0020","LUNG_T20","tS1","Epithelial cells",0.0222248739360149,"singlet",0.0179415873247659,"CNV_negative","Uncertain","Uncertain","Uncertain","inferCNV pilot only","Uncertain within pilot","Not assigned"
"CTAATGGTCACGATGT_LUNG_T20","P0020","LUNG_T20","tS1","Epithelial cells",0.044450151791772,"singlet",0.0262345453149094,"CNV_positive","Uncertain","Uncertain","Uncertain","inferCNV pilot only","Uncertain within pilot","Not assigned"
"TCCACACGTCCGAAGA_LUNG_T20","P0020","LUNG_T20","tS1","Epithelial cells",0.0444444444614266,"singlet",0.0227855766451292,"CNV_uncertain","Uncertain","Uncertain","Uncertain","inferCNV pilot only","Uncertain within pilot","Not assigned"
"AAACCTGGTAAATACG_LUNG_T20","P0020","LUNG_T20","tS1","Epithelial cells",0.0222222222222223,"singlet",0.0317170247811777,"CNV_positive","Uncertain","Uncertain","Uncertain","inferCNV pilot only","Uncertain within pilot","Not assigned"
"AAAGCAACACTGAAGG_LUNG_T20","P0020","LUNG_T20","tS1","Epithelial cells",0.055774463240377,"singlet",0.0291053422740609,"CNV_positive","Uncertain","Uncertain","Uncertain","inferCNV pilot only","Uncertain within pilot","Not assigned"
"CCACGGACAATACGCT_LUNG_T20","P0020","LUNG_T20","tS1","Epithelial cells",0.0495295812888305,"singlet",0.0153202394033605,"CNV_negative","Uncertain","Uncertain","Uncertain","inferCNV pilot only","Uncertain within pilot","Not assigned"
"TGGACGCAGAGACGAA_LUNG_T20","P0020","LUNG_T20","tS1","Epithelial cells",0.0111111111111112,"singlet",0.0167497660280498,"CNV_negative","Uncertain","Uncertain","Uncertain","inferCNV pilot only","Uncertain within pilot","Not assigned"
"AAGGAGCCATCGATTG_LUNG_T20","P0020","LUNG_T20","tS1","Epithelial cells",0.0333333333378565,"singlet",0.0162367257037757,"CNV_negative","Uncertain","Uncertain","Uncertain","inferCNV pilot only","Uncertain within pilot","Not assigned"
"TTGCGTCTCTTTACAC_LUNG_T20","P0020","LUNG_T20","tS1","Epithelial cells",0.0222222222222222,"singlet",0.0199685899638368,"CNV_negative","Uncertain","Uncertain","Uncertain","inferCNV pilot only","Uncertain within pilot","Not assigned"
"TCACAAGGTTGCTCCT_LUNG_T20","P0020","LUNG_T20","tS1","Epithelial cells",0.0668355148659639,"singlet",0.0192096770803992,"CNV_negative","Uncertain","Uncertain","Uncertain","inferCNV pilot only","Uncertain within pilot","Not assigned"
"GGCTGGTAGCTGGAAC_LUNG_T20","P0020","LUNG_T20","tS1","Epithelial cells",0.0222222222222222,"singlet",0.0103781114055353,"CNV_negative","Uncertain","Uncertain","Uncertain","inferCNV pilot only","Uncertain within pilot","Not assigned"
"ATGCGATAGGGATGGG_LUNG_T20","P0020","LUNG_T20","tS1","Epithelial cells",0.0444445785576632,"singlet",0.0162815588778722,"CNV_negative","Uncertain","Uncertain","Uncertain","inferCNV pilot only","Uncertain within pilot","Not assigned"
"GAAATGAAGCTAACAA_LUNG_T20","P0020","LUNG_T20","tS1","Epithelial cells",0.0111235898384051,"singlet",0.0200341295860318,"CNV_negative","Uncertain","Uncertain","Uncertain","inferCNV pilot only","Uncertain within pilot","Not assigned"
"TTCTCCTCACCAGGCT_LUNG_T20","P0020","LUNG_T20","tS1","Epithelial cells",0.033342439923668,"singlet",0.0248813028344131,"CNV_positive","Uncertain","Uncertain","Uncertain","inferCNV pilot only","Uncertain within pilot","Not assigned"
"GTCGTAAAGCGAGAAA_LUNG_T20","P0020","LUNG_T20","tS1","Epithelial cells",0.0111139424634813,"singlet",0.0180677140444948,"CNV_negative","Uncertain","Uncertain","Uncertain","inferCNV pilot only","Uncertain within pilot","Not assigned"
"TTCTCAAAGATATACG_LUNG_T20","P0020","LUNG_T20","tS1","Epithelial cells",0.0666681132513522,"singlet",0.0255259710042841,"CNV_positive","Uncertain","Uncertain","Uncertain","inferCNV pilot only","Uncertain within pilot","Not assigned"
"CTAACTTGTATATCCG_LUNG_T20","P0020","LUNG_T20","tS1","Epithelial cells",0.0333340517865668,"singlet",0.0187648841380601,"CNV_negative","Uncertain","Uncertain","Uncertain","inferCNV pilot only","Uncertain within pilot","Not assigned"
"TAAGCGTCACAGATTC_LUNG_T20","P0020","LUNG_T20","tS1","Epithelial cells",0.0333333333333333,"singlet",0.0234316651499325,"CNV_uncertain","Uncertain","Uncertain","Uncertain","inferCNV pilot only","Uncertain within pilot","Not assigned"
"ACGAGGACAGATTGCT_LUNG_T20","P0020","LUNG_T20","tS1","Epithelial cells",0.0333456605472128,"singlet",0.0217430390957802,"CNV_uncertain","Uncertain","Uncertain","Uncertain","inferCNV pilot only","Uncertain within pilot","Not assigned"
"CCTACCACATCGGGTC_LUNG_T20","P0020","LUNG_T20","tS1","Epithelial cells",0.0222247758865107,"singlet",0.0267588995408749,"CNV_positive","Uncertain","Uncertain","Uncertain","inferCNV pilot only","Uncertain within pilot","Not assigned"
"GCATGCGCATAAAGGT_LUNG_T20","P0020","LUNG_T20","tS1","Epithelial cells",0.0889261246436974,"singlet",0.0185532721697089,"CNV_negative","Uncertain","Uncertain","Uncertain","inferCNV pilot only","Uncertain within pilot","Not assigned"
"TTGGAACTCATTATCC_LUNG_T20","P0020","LUNG_T20","tS1","Epithelial cells",0.148191332966573,"singlet",0.0200122074722439,"CNV_negative","Uncertain","Uncertain","Uncertain","inferCNV pilot only","Uncertain within pilot","Not assigned"
"GCTGGGTCATGTTCCC_LUNG_T20","P0020","LUNG_T20","tS1","Epithelial cells",0.0333353727968272,"singlet",0.0223300803104633,"CNV_uncertain","Uncertain","Uncertain","Uncertain","inferCNV pilot only","Uncertain within pilot","Not assigned"
"CGTAGCGTCAGCCTAA_LUNG_T20","P0020","LUNG_T20","tS1","Epithelial cells",0.0333341191168906,"singlet",0.0198707329743957,"CNV_negative","Uncertain","Uncertain","Uncertain","inferCNV pilot only","Uncertain within pilot","Not assigned"
"GTCTCGTCAAGTTAAG_LUNG_T20","P0020","LUNG_T20","tS1","Epithelial cells",0.0222222222250311,"singlet",0.0273781548202105,"CNV_positive","Uncertain","Uncertain","Uncertain","inferCNV pilot only","Uncertain within pilot","Not assigned"
"CTTACCGAGGTAAACT_LUNG_T20","P0020","LUNG_T20","tS1","Epithelial cells",0.372304763030936,"doublet",0.0129089736097123,"CNV_negative","Uncertain","Uncertain","Uncertain","inferCNV pilot only","Uncertain within pilot","Not assigned"
"ATAAGAGGTTTAGGAA_LUNG_T25","P0025","LUNG_T25","tS1","Epithelial cells",0.0727154707572911,"singlet",0.0256373213341749,"CNV_positive","Uncertain","Uncertain","Uncertain","inferCNV pilot only","Uncertain within pilot","Not assigned"
"GTTCATTCAGGGATTG_LUNG_T25","P0025","LUNG_T25","tS1","Epithelial cells",0.122167222351206,"singlet",0.0214415343054306,"CNV_uncertain","Uncertain","Uncertain","Uncertain","inferCNV pilot only","Uncertain within pilot","Not assigned"
"AGCGTCGCACTGTTAG_LUNG_T25","P0025","LUNG_T25","tS1","Epithelial cells",0.736233622078553,"doublet",0.0069477730647974,"CNV_negative","Uncertain","Uncertain","Uncertain","inferCNV pilot only","Uncertain within pilot","Not assigned"
"CCCTCCTCATGACGGA_LUNG_T25","P0025","LUNG_T25","tS1","Epithelial cells",0.048390789740649,"singlet",0.0224790970288404,"CNV_uncertain","Uncertain","Uncertain","Uncertain","inferCNV pilot only","Uncertain within pilot","Not assigned"
"CAACCTCAGCGCTCCA_LUNG_T25","P0025","LUNG_T25","tS1","Epithelial cells",0.590360688576458,"doublet",0.0130497345966031,"CNV_negative","Uncertain","Uncertain","Uncertain","inferCNV pilot only","Uncertain within pilot","Not assigned"
"TATGCCCCACGGCGTT_LUNG_T25","P0025","LUNG_T25","tS1","Epithelial cells",0.101072830758993,"singlet",0.0164688257303227,"CNV_negative","Uncertain","Uncertain","Uncertain","inferCNV pilot only","Uncertain within pilot","Not assigned"
"CGACCTTGTAAGCACG_LUNG_T25","P0025","LUNG_T25","tS1","Epithelial cells",0.0997637843590853,"singlet",0.0203063258052987,"CNV_negative","Uncertain","Uncertain","Uncertain","inferCNV pilot only","Uncertain within pilot","Not assigned"
"GGTGTTACAGTCACTA_LUNG_T25","P0025","LUNG_T25","tS1","Epithelial cells",0.0905132513445769,"singlet",0.0241262269084853,"CNV_positive","Uncertain","Uncertain","Uncertain","inferCNV pilot only","Uncertain within pilot","Not assigned"
"CCTACACGTATAATGG_LUNG_T25","P0025","LUNG_T25","tS1","Epithelial cells",0.0904347604937478,"singlet",0.0193663434473483,"CNV_negative","Uncertain","Uncertain","Uncertain","inferCNV pilot only","Uncertain within pilot","Not assigned"
"CTGCGGAAGCAGATCG_LUNG_T25","P0025","LUNG_T25","tS1","Epithelial cells",0.209490281130165,"singlet",0.0154590554476394,"CNV_negative","Uncertain","Uncertain","Uncertain","inferCNV pilot only","Uncertain within pilot","Not assigned"
"TGAGCCGTCTAAGCCA_LUNG_T25","P0025","LUNG_T25","tS1","Epithelial cells",0.0338116902547389,"singlet",0.0240141950611197,"CNV_positive","Uncertain","Uncertain","Uncertain","inferCNV pilot only","Uncertain within pilot","Not assigned"
"CGTTCTGGTAAACCTC_LUNG_T25","P0025","LUNG_T25","tS1","Epithelial cells",0.0459012836289958,"singlet",0.0288462360469425,"CNV_positive","Uncertain","Uncertain","Uncertain","inferCNV pilot only","Uncertain within pilot","Not assigned"
"CACAAACGTCTCATCC_LUNG_T25","P0025","LUNG_T25","tS1","Epithelial cells",0.0759596742681415,"singlet",0.0124751776302325,"CNV_negative","Uncertain","Uncertain","Uncertain","inferCNV pilot only","Uncertain within pilot","Not assigned"
"ACCAGTAGTGCAACGA_LUNG_T25","P0025","LUNG_T25","tS1","Epithelial cells",0.0993298654536657,"singlet",0.00941364189262811,"CNV_negative","Uncertain","Uncertain","Uncertain","inferCNV pilot only","Uncertain within pilot","Not assigned"
"GGGCATCCAGCTGCTG_LUNG_T25","P0025","LUNG_T25","tS1","Epithelial cells",0.614629896499733,"doublet",0.0122644021126319,"CNV_negative","Uncertain","Uncertain","Uncertain","inferCNV pilot only","Uncertain within pilot","Not assigned"
"CGTCTACAGATAGGAG_LUNG_T25","P0025","LUNG_T25","tS1","Epithelial cells",0.178813115148629,"singlet",0.0193374939557018,"CNV_negative","Uncertain","Uncertain","Uncertain","inferCNV pilot only","Uncertain within pilot","Not assigned"
"GTCATTTCACCCAGTG_LUNG_T25","P0025","LUNG_T25","tS1","Epithelial cells",0.118724810678924,"singlet",0.0203502999992384,"CNV_negative","Uncertain","Uncertain","Uncertain","inferCNV pilot only","Uncertain within pilot","Not assigned"
"GCTTGAACATCCTTGC_LUNG_T25","P0025","LUNG_T25","tS1","Epithelial cells",0.0385478091844131,"singlet",0.0181154815654326,"CNV_negative","Uncertain","Uncertain","Uncertain","inferCNV pilot only","Uncertain within pilot","Not assigned"
"CATCAAGTCTACCAGA_LUNG_T25","P0025","LUNG_T25","tS1","Epithelial cells",0.11599150200983,"singlet",0.0192354842043147,"CNV_negative","Uncertain","Uncertain","Uncertain","inferCNV pilot only","Uncertain within pilot","Not assigned"
"AACCGCGCATGTCTCC_LUNG_T25","P0025","LUNG_T25","tS1","Epithelial cells",0.186136938160119,"singlet",0.0204491232633622,"CNV_negative","Uncertain","Uncertain","Uncertain","inferCNV pilot only","Uncertain within pilot","Not assigned"
"AAGGAGCCAAGCTGGA_LUNG_T25","P0025","LUNG_T25","tS1","Epithelial cells",0.109099234824698,"singlet",0.0233376092343404,"CNV_uncertain","Uncertain","Uncertain","Uncertain","inferCNV pilot only","Uncertain within pilot","Not assigned"
"AGATCTGGTACCGTTA_LUNG_T25","P0025","LUNG_T25","tS1","Epithelial cells",0.256583790433568,"singlet",0.0111894138299961,"CNV_negative","Uncertain","Uncertain","Uncertain","inferCNV pilot only","Uncertain within pilot","Not assigned"
"CATGACAGTTAGGGTG_LUNG_T25","P0025","LUNG_T25","tS1","Epithelial cells",0.396793269381234,"singlet",0.0157200025637944,"CNV_negative","Uncertain","Uncertain","Uncertain","inferCNV pilot only","Uncertain within pilot","Not assigned"
"AGATCTGGTGTAACGG_LUNG_T25","P0025","LUNG_T25","tS1","Epithelial cells",0.116692493394961,"singlet",0.0216538658419686,"CNV_uncertain","Uncertain","Uncertain","Uncertain","inferCNV pilot only","Uncertain within pilot","Not assigned"
"TGCGGGTAGCGAGAAA_LUNG_T25","P0025","LUNG_T25","tS1","Epithelial cells",0.0549983100107317,"singlet",0.0266164961759111,"CNV_positive","Uncertain","Uncertain","Uncertain","inferCNV pilot only","Uncertain within pilot","Not assigned"
"ACTATCTCAAGCTGGA_LUNG_T25","P0025","LUNG_T25","tS1","Epithelial cells",0.286174821683581,"singlet",0.0200150415407397,"CNV_negative","Uncertain","Uncertain","Uncertain","inferCNV pilot only","Uncertain within pilot","Not assigned"
"TTATGCTGTCAAAGCG_LUNG_T25","P0025","LUNG_T25","tS1","Epithelial cells",0.19052361536887,"singlet",0.0216381570323311,"CNV_uncertain","Uncertain","Uncertain","Uncertain","inferCNV pilot only","Uncertain within pilot","Not assigned"
"CACATAGGTACCGTTA_LUNG_T25","P0025","LUNG_T25","tS1","Epithelial cells",0.0438402950206665,"singlet",0.0240467346020154,"CNV_positive","Uncertain","Uncertain","Uncertain","inferCNV pilot only","Uncertain within pilot","Not assigned"
"GTCCTCAAGGTCATCT_LUNG_T25","P0025","LUNG_T25","tS1","Epithelial cells",0.384935719551431,"singlet",0.0127367301779349,"CNV_negative","Uncertain","Uncertain","Uncertain","inferCNV pilot only","Uncertain within pilot","Not assigned"
"GACCTGGCAGTCACTA_LUNG_T25","P0025","LUNG_T25","tS1","Epithelial cells",0.0776574362920582,"singlet",0.0201754883021225,"CNV_negative","Uncertain","Uncertain","Uncertain","inferCNV pilot only","Uncertain within pilot","Not assigned"
"ACTGAGTAGATCCTGT_LUNG_T25","P0025","LUNG_T25","tS1","Epithelial cells",0.0532583541533743,"singlet",0.028035505488654,"CNV_positive","Uncertain","Uncertain","Uncertain","inferCNV pilot only","Uncertain within pilot","Not assigned"
"AGTAGTCAGCAACGGT_LUNG_T25","P0025","LUNG_T25","tS1","Epithelial cells",0.0759367637867382,"singlet",0.0360031210579085,"CNV_positive","Uncertain","Uncertain","Uncertain","inferCNV pilot only","Uncertain within pilot","Not assigned"
"AGACGTTTCCGAAGAG_LUNG_T25","P0025","LUNG_T25","tS1","Epithelial cells",0.0283990575430165,"singlet",0.0226231985534193,"CNV_uncertain","Uncertain","Uncertain","Uncertain","inferCNV pilot only","Uncertain within pilot","Not assigned"
"GCTGGGTGTATTCTCT_LUNG_T25","P0025","LUNG_T25","tS1","Epithelial cells",0.142726453512913,"singlet",0.0199189758068367,"CNV_negative","Uncertain","Uncertain","Uncertain","inferCNV pilot only","Uncertain within pilot","Not assigned"
"GACGTTATCTCCTATA_LUNG_T25","P0025","LUNG_T25","tS1","Epithelial cells",0.165284846147371,"singlet",0.0174730033023853,"CNV_negative","Uncertain","Uncertain","Uncertain","inferCNV pilot only","Uncertain within pilot","Not assigned"
"CCCAGTTGTCCGAGTC_LUNG_T25","P0025","LUNG_T25","tS1","Epithelial cells",0.0702480535643187,"singlet",0.0252923363473803,"CNV_positive","Uncertain","Uncertain","Uncertain","inferCNV pilot only","Uncertain within pilot","Not assigned"
"GTGAAGGAGCCACCTG_LUNG_T25","P0025","LUNG_T25","tS1","Epithelial cells",0.00460557887523912,"singlet",0.0231384582361575,"CNV_uncertain","Uncertain","Uncertain","Uncertain","inferCNV pilot only","Uncertain within pilot","Not assigned"
"AGTCTTTGTTCTGTTT_LUNG_T25","P0025","LUNG_T25","tS1","Epithelial cells",0.053023691615889,"singlet",0.0149379103425565,"CNV_negative","Uncertain","Uncertain","Uncertain","inferCNV pilot only","Uncertain within pilot","Not assigned"
"CTAATGGGTACACCGC_LUNG_T25","P0025","LUNG_T25","tS1","Epithelial cells",0.124480905621913,"singlet",0.0170440513925435,"CNV_negative","Uncertain","Uncertain","Uncertain","inferCNV pilot only","Uncertain within pilot","Not assigned"
"GCCTCTACATGAAGTA_LUNG_T25","P0025","LUNG_T25","tS1","Epithelial cells",0.0742634608964854,"singlet",0.0217277218744375,"CNV_uncertain","Uncertain","Uncertain","Uncertain","inferCNV pilot only","Uncertain within pilot","Not assigned"
"CCGTGGAAGTCTTGCA_LUNG_T25","P0025","LUNG_T25","tS1","Epithelial cells",0.0425939074338168,"singlet",0.0219260963128859,"CNV_uncertain","Uncertain","Uncertain","Uncertain","inferCNV pilot only","Uncertain within pilot","Not assigned"
"GTACTTTCATGCATGT_LUNG_T25","P0025","LUNG_T25","tS1","Epithelial cells",0.0461567619014387,"singlet",0.0293970003351205,"CNV_positive","Uncertain","Uncertain","Uncertain","inferCNV pilot only","Uncertain within pilot","Not assigned"
"CTACACCTCACCACCT_LUNG_T25","P0025","LUNG_T25","tS1","Epithelial cells",0.211616958284709,"singlet",0.0174597943130623,"CNV_negative","Uncertain","Uncertain","Uncertain","inferCNV pilot only","Uncertain within pilot","Not assigned"
"TAAGAGACAGCCACCA_LUNG_T25","P0025","LUNG_T25","tS1","Epithelial cells",0.0611920527848623,"singlet",0.0155474764822112,"CNV_negative","Uncertain","Uncertain","Uncertain","inferCNV pilot only","Uncertain within pilot","Not assigned"
"CCCATACTCGGACAAG_LUNG_T25","P0025","LUNG_T25","tS1","Epithelial cells",0.0238042671312014,"singlet",0.0137588340181955,"CNV_negative","Uncertain","Uncertain","Uncertain","inferCNV pilot only","Uncertain within pilot","Not assigned"
"ACCCACTAGTATCGAA_LUNG_T25","P0025","LUNG_T25","tS1","Epithelial cells",0.172650106334323,"singlet",0.0112140409258336,"CNV_negative","Uncertain","Uncertain","Uncertain","inferCNV pilot only","Uncertain within pilot","Not assigned"
"GCATACAAGGTCATCT_LUNG_T25","P0025","LUNG_T25","tS1","Epithelial cells",0.114640532662649,"singlet",0.00659219420390207,"CNV_negative","Uncertain","Uncertain","Uncertain","inferCNV pilot only","Uncertain within pilot","Not assigned"
"CTAACTTGTACTTGAC_LUNG_T25","P0025","LUNG_T25","tS1","Epithelial cells",0.0858555680474715,"singlet",0.0261427149880139,"CNV_positive","Uncertain","Uncertain","Uncertain","inferCNV pilot only","Uncertain within pilot","Not assigned"
"CCTCAGTCATTGGTAC_LUNG_T25","P0025","LUNG_T25","tS1","Epithelial cells",0.0444100492086222,"singlet",0.0258074715933227,"CNV_positive","Uncertain","Uncertain","Uncertain","inferCNV pilot only","Uncertain within pilot","Not assigned"
"GCTTGAAAGACAGGCT_LUNG_T25","P0025","LUNG_T25","tS1","Epithelial cells",0.0740008292850564,"singlet",0.0214182677954377,"CNV_uncertain","Uncertain","Uncertain","Uncertain","inferCNV pilot only","Uncertain within pilot","Not assigned"
"AGCATACGTCTAAAGA_LUNG_T28","P0028","LUNG_T28","tS1","Epithelial cells",0.234705609740988,"singlet",0.0321230576423385,"CNV_positive","Uncertain","Uncertain","Uncertain","inferCNV pilot only","Uncertain within pilot","Not assigned"
"TACTTGTTCACTCTTA_LUNG_T28","P0028","LUNG_T28","tS1","Epithelial cells",0.122448979591837,"singlet",0.0227551690731662,"CNV_uncertain","Uncertain","Uncertain","Uncertain","inferCNV pilot only","Uncertain within pilot","Not assigned"
"GATCGTAGTTGTCGCG_LUNG_T28","P0028","LUNG_T28","tS1","Epithelial cells",0.0102050547123124,"singlet",0.0382600575536323,"CNV_positive","Uncertain","Uncertain","Uncertain","inferCNV pilot only","Uncertain within pilot","Not assigned"
"CGCTTCATCGCGCCAA_LUNG_T28","P0028","LUNG_T28","tS1","Epithelial cells",0.142857142857143,"singlet",0.0323524289608166,"CNV_positive","Uncertain","Uncertain","Uncertain","inferCNV pilot only","Uncertain within pilot","Not assigned"
"GGAATAATCAACACCA_LUNG_T28","P0028","LUNG_T28","tS1","Epithelial cells",0.142874490302541,"singlet",0.0342674692320664,"CNV_positive","Uncertain","Uncertain","Uncertain","inferCNV pilot only","Uncertain within pilot","Not assigned"
"TTCGAAGGTTACCAGT_LUNG_T28","P0028","LUNG_T28","tS1","Epithelial cells",0.0408186675553658,"singlet",0.0333910270528614,"CNV_positive","Uncertain","Uncertain","Uncertain","inferCNV pilot only","Uncertain within pilot","Not assigned"
"CTCAGAACAAGTAGTA_LUNG_T28","P0028","LUNG_T28","tS1","Epithelial cells",0.153061224489796,"singlet",0.0326510985532621,"CNV_positive","Uncertain","Uncertain","Uncertain","inferCNV pilot only","Uncertain within pilot","Not assigned"
"TTCGAAGCAACTGCGC_LUNG_T28","P0028","LUNG_T28","tS1","Epithelial cells",0.0306184039854432,"singlet",0.0239062692283815,"CNV_positive","Uncertain","Uncertain","Uncertain","inferCNV pilot only","Uncertain within pilot","Not assigned"
"CCTATTACACACATGT_LUNG_T28","P0028","LUNG_T28","tS1","Epithelial cells",0.163265306128085,"singlet",0.0323002650051523,"CNV_positive","Uncertain","Uncertain","Uncertain","inferCNV pilot only","Uncertain within pilot","Not assigned"
"CAGCTGGGTGTCGCTG_LUNG_T28","P0028","LUNG_T28","tS1","Epithelial cells",0.173469387755102,"singlet",0.0171018082579009,"CNV_negative","Uncertain","Uncertain","Uncertain","inferCNV pilot only","Uncertain within pilot","Not assigned"
"TTTACTGAGTTGCAGG_LUNG_T28","P0028","LUNG_T28","tS1","Epithelial cells",0.234693902825256,"singlet",0.0419459028010506,"CNV_positive","Uncertain","Uncertain","Uncertain","inferCNV pilot only","Uncertain within pilot","Not assigned"
"CTAGCCTCACAGATTC_LUNG_T28","P0028","LUNG_T28","tS1","Epithelial cells",0.173469387755102,"singlet",0.0339762881459481,"CNV_positive","Uncertain","Uncertain","Uncertain","inferCNV pilot only","Uncertain within pilot","Not assigned"
"ACCAGTACATAGGATA_LUNG_T28","P0028","LUNG_T28","tS1","Epithelial cells",0.224489886127826,"singlet",0.0288640674522339,"CNV_positive","Uncertain","Uncertain","Uncertain","inferCNV pilot only","Uncertain within pilot","Not assigned"
"CAACCTCAGGCCCTTG_LUNG_T28","P0028","LUNG_T28","tS1","Epithelial cells",0.284267599651741,"singlet",0.0096291430727695,"CNV_negative","Uncertain","Uncertain","Uncertain","inferCNV pilot only","Uncertain within pilot","Not assigned"
"GCTGCGAGTTCGGCAC_LUNG_T28","P0028","LUNG_T28","tS1","Epithelial cells",0.169007796054382,"singlet",0.0356922258696381,"CNV_positive","Uncertain","Uncertain","Uncertain","inferCNV pilot only","Uncertain within pilot","Not assigned"
"CCTATTATCGGCATCG_LUNG_T28","P0028","LUNG_T28","tS1","Epithelial cells",0.12244897959196,"singlet",0.0359137418386377,"CNV_positive","Uncertain","Uncertain","Uncertain","inferCNV pilot only","Uncertain within pilot","Not assigned"
"CGTTCTGTCGTGGTCG_LUNG_T28","P0028","LUNG_T28","tS1","Epithelial cells",0.102041912517965,"singlet",0.0295616339917949,"CNV_positive","Uncertain","Uncertain","Uncertain","inferCNV pilot only","Uncertain within pilot","Not assigned"
"GTGTGCGTCTGCCCTA_LUNG_T28","P0028","LUNG_T28","tS1","Epithelial cells",0.153061225091686,"singlet",0.0302057793529034,"CNV_positive","Uncertain","Uncertain","Uncertain","inferCNV pilot only","Uncertain within pilot","Not assigned"
"CGTTGGGCAGAAGCAC_LUNG_T28","P0028","LUNG_T28","tS1","Epithelial cells",0.646186240807414,"doublet",0.0158620206662692,"CNV_negative","Uncertain","Uncertain","Uncertain","inferCNV pilot only","Uncertain within pilot","Not assigned"
"TGTATTCAGCTTATCG_LUNG_T28","P0028","LUNG_T28","tS1","Epithelial cells",0.163265306122646,"singlet",0.0373966184152083,"CNV_positive","Uncertain","Uncertain","Uncertain","inferCNV pilot only","Uncertain within pilot","Not assigned"
"TAGACCAGTTAGGGTG_LUNG_T28","P0028","LUNG_T28","tS1","Epithelial cells",0.0720919404624193,"singlet",0.0267746791738012,"CNV_positive","Uncertain","Uncertain","Uncertain","inferCNV pilot only","Uncertain within pilot","Not assigned"
"CAGTCCTCATGAACCT_LUNG_T28","P0028","LUNG_T28","tS1","Epithelial cells",0.142857158157686,"singlet",0.0230932821508859,"CNV_uncertain","Uncertain","Uncertain","Uncertain","inferCNV pilot only","Uncertain within pilot","Not assigned"
"CGTCCATTCCTTCAAT_LUNG_T28","P0028","LUNG_T28","tS1","Epithelial cells",0.183676821030329,"singlet",0.0302626396931411,"CNV_positive","Uncertain","Uncertain","Uncertain","inferCNV pilot only","Uncertain within pilot","Not assigned"
"CTACATTCATGTTGAC_LUNG_T28","P0028","LUNG_T28","tS1","Epithelial cells",0.456477540332421,"doublet",0.0149719729147686,"CNV_negative","Uncertain","Uncertain","Uncertain","inferCNV pilot only","Uncertain within pilot","Not assigned"
"ACACCGGGTTATGTGC_LUNG_T28","P0028","LUNG_T28","tS1","Epithelial cells",0.168995496179381,"singlet",0.0219221139295216,"CNV_uncertain","Uncertain","Uncertain","Uncertain","inferCNV pilot only","Uncertain within pilot","Not assigned"
"CGTCTACTCAGGTAAA_LUNG_T28","P0028","LUNG_T28","tS1","Epithelial cells",0.0714285714285714,"singlet",0.0322752782098692,"CNV_positive","Uncertain","Uncertain","Uncertain","inferCNV pilot only","Uncertain within pilot","Not assigned"
"CGTGTCTCACACATGT_LUNG_T28","P0028","LUNG_T28","tS1","Epithelial cells",0.193877551020762,"singlet",0.0265363415211571,"CNV_positive","Uncertain","Uncertain","Uncertain","inferCNV pilot only","Uncertain within pilot","Not assigned"
"CCACGGACAGAGCCAA_LUNG_T28","P0028","LUNG_T28","tS1","Epithelial cells",0.153061246000064,"singlet",0.0182722244783073,"CNV_negative","Uncertain","Uncertain","Uncertain","inferCNV pilot only","Uncertain within pilot","Not assigned"
"TGCGTGGTCCTTTACA_LUNG_T28","P0028","LUNG_T28","tS1","Epithelial cells",0.0306734894607739,"singlet",0.0215295417469636,"CNV_uncertain","Uncertain","Uncertain","Uncertain","inferCNV pilot only","Uncertain within pilot","Not assigned"
"CCTAAAGCAATGACCT_LUNG_T28","P0028","LUNG_T28","tS1","Epithelial cells",0.134264932781084,"singlet",0.0291301475168117,"CNV_positive","Uncertain","Uncertain","Uncertain","inferCNV pilot only","Uncertain within pilot","Not assigned"
"TCTGGAAGTAAGGGCT_LUNG_T28","P0028","LUNG_T28","tS1","Epithelial cells",0.132701811232937,"singlet",0.0345918464383744,"CNV_positive","Uncertain","Uncertain","Uncertain","inferCNV pilot only","Uncertain within pilot","Not assigned"
"TACAGTGAGCGTTTAC_LUNG_T28","P0028","LUNG_T28","tS1","Epithelial cells",0.204081633155167,"singlet",0.0240164596419662,"CNV_positive","Uncertain","Uncertain","Uncertain","inferCNV pilot only","Uncertain within pilot","Not assigned"
"TTCGAAGGTCACTTCC_LUNG_T28","P0028","LUNG_T28","tS1","Epithelial cells",0.122448979591837,"singlet",0.0243423350909503,"CNV_positive","Uncertain","Uncertain","Uncertain","inferCNV pilot only","Uncertain within pilot","Not assigned"
"GCAATCAAGATACACA_LUNG_T28","P0028","LUNG_T28","tS1","Epithelial cells",0.142857142857502,"singlet",0.0283668830505149,"CNV_positive","Uncertain","Uncertain","Uncertain","inferCNV pilot only","Uncertain within pilot","Not assigned"
"CGCCAAGTCAAACCGT_LUNG_T28","P0028","LUNG_T28","tS1","Epithelial cells",0.0918367346938776,"singlet",0.0305885057560853,"CNV_positive","Uncertain","Uncertain","Uncertain","inferCNV pilot only","Uncertain within pilot","Not assigned"
"GTACTTTTCAACTCTT_LUNG_T28","P0028","LUNG_T28","tS1","Epithelial cells",0.297237180195788,"singlet",0.0259207920173583,"CNV_positive","Uncertain","Uncertain","Uncertain","inferCNV pilot only","Uncertain within pilot","Not assigned"
"CACACCTGTTGGTGGA_LUNG_T28","P0028","LUNG_T28","tS1","Epithelial cells",0.122537924849214,"singlet",0.040651286804438,"CNV_positive","Uncertain","Uncertain","Uncertain","inferCNV pilot only","Uncertain within pilot","Not assigned"
"CACAAACAGTTCGCAT_LUNG_T28","P0028","LUNG_T28","tS1","Epithelial cells",0.183741039474609,"singlet",0.0352275191155884,"CNV_positive","Uncertain","Uncertain","Uncertain","inferCNV pilot only","Uncertain within pilot","Not assigned"
"AGTCTTTGTGACGCCT_LUNG_T28","P0028","LUNG_T28","tS1","Epithelial cells",0.142857142857143,"singlet",0.026829782932679,"CNV_positive","Uncertain","Uncertain","Uncertain","inferCNV pilot only","Uncertain within pilot","Not assigned"
"TAAGAGACAAGGTTCT_LUNG_T28","P0028","LUNG_T28","tS1","Epithelial cells",0.0640753305832078,"singlet",0.0449240041915882,"CNV_positive","Uncertain","Uncertain","Uncertain","inferCNV pilot only","Uncertain within pilot","Not assigned"
"GGCCGATGTCCTGCTT_LUNG_T28","P0028","LUNG_T28","tS1","Epithelial cells",0.187937138185452,"singlet",0.0290299206313818,"CNV_positive","Uncertain","Uncertain","Uncertain","inferCNV pilot only","Uncertain within pilot","Not assigned"
"TCCCGATCAGCGTTCG_LUNG_T28","P0028","LUNG_T28","tS1","Epithelial cells",0.122448979591977,"singlet",0.0266819430567495,"CNV_positive","Uncertain","Uncertain","Uncertain","inferCNV pilot only","Uncertain within pilot","Not assigned"
"TCTCTAAGTGTTGAGG_LUNG_T28","P0028","LUNG_T28","tS1","Epithelial cells",0.142857142857977,"singlet",0.0283587657399103,"CNV_positive","Uncertain","Uncertain","Uncertain","inferCNV pilot only","Uncertain within pilot","Not assigned"
"TTTCCTCCAATCGAAA_LUNG_T28","P0028","LUNG_T28","tS1","Epithelial cells",0.0948177946358194,"singlet",0.0395359903839582,"CNV_positive","Uncertain","Uncertain","Uncertain","inferCNV pilot only","Uncertain within pilot","Not assigned"
"GTGCAGCGTCGACTGC_LUNG_T30","P0030","LUNG_T30","tS1","Epithelial cells",0.235364023145427,"singlet",0.0216705979793544,"CNV_uncertain","Uncertain","Uncertain","Uncertain","inferCNV pilot only","Uncertain within pilot","Not assigned"
"TCTTCGGAGCCAGGAT_LUNG_T30","P0030","LUNG_T30","tS1","Epithelial cells",0.0679790511969398,"singlet",0.0257931329387998,"CNV_positive","Uncertain","Uncertain","Uncertain","inferCNV pilot only","Uncertain within pilot","Not assigned"
"TGCGGGTCAGTCAGCC_LUNG_T30","P0030","LUNG_T30","tS1","Epithelial cells",0.0652177978471376,"singlet",0.0241190149442683,"CNV_positive","Uncertain","Uncertain","Uncertain","inferCNV pilot only","Uncertain within pilot","Not assigned"
"CCTACACGTCCAGTTA_LUNG_T30","P0030","LUNG_T30","tS1","Epithelial cells",0.0813289856622648,"singlet",0.0194784256337786,"CNV_negative","Uncertain","Uncertain","Uncertain","inferCNV pilot only","Uncertain within pilot","Not assigned"
"TCAGGTACAGAGCCAA_LUNG_T30","P0030","LUNG_T30","tS1","Epithelial cells",0.130435970574388,"singlet",0.0192700943605057,"CNV_negative","Uncertain","Uncertain","Uncertain","inferCNV pilot only","Uncertain within pilot","Not assigned"
"ATAAGAGTCCTCAACC_LUNG_T30","P0030","LUNG_T30","tS1","Epithelial cells",0.201348592854845,"singlet",0.01752107423494,"CNV_negative","Uncertain","Uncertain","Uncertain","inferCNV pilot only","Uncertain within pilot","Not assigned"
"CACACTCGTGTGAATA_LUNG_T30","P0030","LUNG_T30","tS1","Epithelial cells",0.30695394675828,"doublet",0.0163290107904522,"CNV_negative","Uncertain","Uncertain","Uncertain","inferCNV pilot only","Uncertain within pilot","Not assigned"
"GATTCAGGTGTTGGGA_LUNG_T30","P0030","LUNG_T30","tS1","Epithelial cells",0.0844840025514278,"singlet",0.0151619526089065,"CNV_negative","Uncertain","Uncertain","Uncertain","inferCNV pilot only","Uncertain within pilot","Not assigned"
"TGCGTGGCAGTCAGCC_LUNG_T30","P0030","LUNG_T30","tS1","Epithelial cells",0.0723708454354843,"singlet",0.0260546924561165,"CNV_positive","Uncertain","Uncertain","Uncertain","inferCNV pilot only","Uncertain within pilot","Not assigned"
"CACACAAAGGCATGTG_LUNG_T30","P0030","LUNG_T30","tS1","Epithelial cells",0.0763371317110788,"singlet",0.0227351702513712,"CNV_uncertain","Uncertain","Uncertain","Uncertain","inferCNV pilot only","Uncertain within pilot","Not assigned"
"AACTTTCCACGCCAGT_LUNG_T30","P0030","LUNG_T30","tS1","Epithelial cells",0.430479513521843,"doublet",0.00787586569791492,"CNV_negative","Uncertain","Uncertain","Uncertain","inferCNV pilot only","Uncertain within pilot","Not assigned"
"CACACTCCAGTTCCCT_LUNG_T30","P0030","LUNG_T30","tS1","Epithelial cells",0.0248532730036966,"singlet",0.0303945192305336,"CNV_positive","Uncertain","Uncertain","Uncertain","inferCNV pilot only","Uncertain within pilot","Not assigned"
"ATTTCTGTCTCCGGTT_LUNG_T30","P0030","LUNG_T30","tS1","Epithelial cells",0.163897275608833,"singlet",0.0261450796260748,"CNV_positive","Uncertain","Uncertain","Uncertain","inferCNV pilot only","Uncertain within pilot","Not assigned"
"TGACAACTCATTGCCC_LUNG_T30","P0030","LUNG_T30","tS1","Epithelial cells",0.0530809878766075,"singlet",0.0244670320288614,"CNV_positive","Uncertain","Uncertain","Uncertain","inferCNV pilot only","Uncertain within pilot","Not assigned"
"CAAGGCCCACTTGGAT_LUNG_T30","P0030","LUNG_T30","tS1","Epithelial cells",0.808605532592303,"doublet",0.0167557712878791,"CNV_negative","Uncertain","Uncertain","Uncertain","inferCNV pilot only","Uncertain within pilot","Not assigned"
"GACGTTAAGTTGTAGA_LUNG_T30","P0030","LUNG_T30","tS1","Epithelial cells",0.0123353506176057,"singlet",0.022986297428532,"CNV_uncertain","Uncertain","Uncertain","Uncertain","inferCNV pilot only","Uncertain within pilot","Not assigned"
"CAACCAACAGATTGCT_LUNG_T30","P0030","LUNG_T30","tS1","Epithelial cells",0.0655218002919063,"singlet",0.0176481925172925,"CNV_negative","Uncertain","Uncertain","Uncertain","inferCNV pilot only","Uncertain within pilot","Not assigned"
"TTTACTGAGACTAAGT_LUNG_T30","P0030","LUNG_T30","tS1","Epithelial cells",0.215522345098658,"singlet",0.0209133007573822,"CNV_uncertain","Uncertain","Uncertain","Uncertain","inferCNV pilot only","Uncertain within pilot","Not assigned"
"CAACCAACATTGGCGC_LUNG_T30","P0030","LUNG_T30","tS1","Epithelial cells",0.152184560441461,"singlet",0.020263548624599,"CNV_negative","Uncertain","Uncertain","Uncertain","inferCNV pilot only","Uncertain within pilot","Not assigned"
"ACACCAATCTTGGGTA_LUNG_T30","P0030","LUNG_T30","tS1","Epithelial cells",0.0363352793972723,"singlet",0.0298372538157688,"CNV_positive","Uncertain","Uncertain","Uncertain","inferCNV pilot only","Uncertain within pilot","Not assigned"
"GAACGGAAGAGTCGGT_LUNG_T30","P0030","LUNG_T30","tS1","Epithelial cells",0.164783097558276,"singlet",0.0246520335198507,"CNV_positive","Uncertain","Uncertain","Uncertain","inferCNV pilot only","Uncertain within pilot","Not assigned"
"GGACAAGAGGATGGAA_LUNG_T30","P0030","LUNG_T30","tS1","Epithelial cells",0.133536286793262,"singlet",0.0196621197879619,"CNV_negative","Uncertain","Uncertain","Uncertain","inferCNV pilot only","Uncertain within pilot","Not assigned"
"GTGCAGCAGAAACCGC_LUNG_T30","P0030","LUNG_T30","tS1","Epithelial cells",0.0953839667584927,"singlet",0.0221999801767734,"CNV_uncertain","Uncertain","Uncertain","Uncertain","inferCNV pilot only","Uncertain within pilot","Not assigned"
"GTATCTTGTCGGATCC_LUNG_T30","P0030","LUNG_T30","tS1","Epithelial cells",0.110037971122181,"singlet",0.019088807944675,"CNV_negative","Uncertain","Uncertain","Uncertain","inferCNV pilot only","Uncertain within pilot","Not assigned"
"TGACTTTCACACTGCG_LUNG_T30","P0030","LUNG_T30","tS1","Epithelial cells",0.0572000035279215,"singlet",0.0251059640854627,"CNV_positive","Uncertain","Uncertain","Uncertain","inferCNV pilot only","Uncertain within pilot","Not assigned"
"TTAGGACCAAGTCTGT_LUNG_T30","P0030","LUNG_T30","tS1","Epithelial cells",0.120400524882457,"singlet",0.0251138059114493,"CNV_positive","Uncertain","Uncertain","Uncertain","inferCNV pilot only","Uncertain within pilot","Not assigned"
"CCCAGTTGTGTAAGTA_LUNG_T30","P0030","LUNG_T30","tS1","Epithelial cells",0.0718043970956166,"singlet",0.027865766394423,"CNV_positive","Uncertain","Uncertain","Uncertain","inferCNV pilot only","Uncertain within pilot","Not assigned"
"TTGGAACTCGTGTAGT_LUNG_T30","P0030","LUNG_T30","tS1","Epithelial cells",0.0770107307950419,"singlet",0.0231062070333067,"CNV_uncertain","Uncertain","Uncertain","Uncertain","inferCNV pilot only","Uncertain within pilot","Not assigned"
"GCGACCAAGTGACTCT_LUNG_T30","P0030","LUNG_T30","tS1","Epithelial cells",0.151085520998001,"singlet",0.0237472207592232,"CNV_positive","Uncertain","Uncertain","Uncertain","inferCNV pilot only","Uncertain within pilot","Not assigned"
"TCAGCAAGTGTATGGG_LUNG_T30","P0030","LUNG_T30","tS1","Epithelial cells",0.173924736488943,"singlet",0.0234527880371084,"CNV_uncertain","Uncertain","Uncertain","Uncertain","inferCNV pilot only","Uncertain within pilot","Not assigned"
"TCAACGAGTACCCAAT_LUNG_T30","P0030","LUNG_T30","tS1","Epithelial cells",0.0985840900702267,"singlet",0.0179526615870734,"CNV_negative","Uncertain","Uncertain","Uncertain","inferCNV pilot only","Uncertain within pilot","Not assigned"
"AGGTCCGTCAGTTGAC_LUNG_T30","P0030","LUNG_T30","tS1","Epithelial cells",0.209407925299085,"singlet",0.0237807998328652,"CNV_positive","Uncertain","Uncertain","Uncertain","inferCNV pilot only","Uncertain within pilot","Not assigned"
"GAACCTAGTAGCCTCG_LUNG_T30","P0030","LUNG_T30","tS1","Epithelial cells",0.164588349943596,"singlet",0.0285877162050145,"CNV_positive","Uncertain","Uncertain","Uncertain","inferCNV pilot only","Uncertain within pilot","Not assigned"
"CATTCGCCAGGTGGAT_LUNG_T30","P0030","LUNG_T30","tS1","Epithelial cells",0.241411774079896,"singlet",0.0253983879601183,"CNV_positive","Uncertain","Uncertain","Uncertain","inferCNV pilot only","Uncertain within pilot","Not assigned"
"AGTTGGTGTGACTACT_LUNG_T30","P0030","LUNG_T30","tS1","Epithelial cells",0.119443017297549,"singlet",0.0293428358312202,"CNV_positive","Uncertain","Uncertain","Uncertain","inferCNV pilot only","Uncertain within pilot","Not assigned"
"TAGGCATCACGAAATA_LUNG_T30","P0030","LUNG_T30","tS1","Epithelial cells",0.0600098240756351,"singlet",0.0232622776510853,"CNV_uncertain","Uncertain","Uncertain","Uncertain","inferCNV pilot only","Uncertain within pilot","Not assigned"
"TACAGTGAGGCGTACA_LUNG_T30","P0030","LUNG_T30","tS1","Epithelial cells",0.118201298861462,"singlet",0.0233602036822945,"CNV_uncertain","Uncertain","Uncertain","Uncertain","inferCNV pilot only","Uncertain within pilot","Not assigned"
"AGCATACCATCTCGCT_LUNG_T30","P0030","LUNG_T30","tS1","Epithelial cells",0.0982179443118699,"singlet",0.0231106620743954,"CNV_uncertain","Uncertain","Uncertain","Uncertain","inferCNV pilot only","Uncertain within pilot","Not assigned"
"TTGTAGGAGTTAGGTA_LUNG_T30","P0030","LUNG_T30","tS1","Epithelial cells",0.0547062812378509,"singlet",0.0242852560008518,"CNV_positive","Uncertain","Uncertain","Uncertain","inferCNV pilot only","Uncertain within pilot","Not assigned"
"CTTAGGAAGGACACCA_LUNG_T30","P0030","LUNG_T30","tS1","Epithelial cells",0.235265747521753,"singlet",0.0121000218722499,"CNV_negative","Uncertain","Uncertain","Uncertain","inferCNV pilot only","Uncertain within pilot","Not assigned"
"GCAATCAGTAAACCTC_LUNG_T30","P0030","LUNG_T30","tS1","Epithelial cells",0.179140092204801,"singlet",0.0265790390636428,"CNV_positive","Uncertain","Uncertain","Uncertain","inferCNV pilot only","Uncertain within pilot","Not assigned"
"CAACTAGCAAAGCAAT_LUNG_T30","P0030","LUNG_T30","tS1","Epithelial cells",0.102212619687652,"singlet",0.015070888901834,"CNV_negative","Uncertain","Uncertain","Uncertain","inferCNV pilot only","Uncertain within pilot","Not assigned"
"CGACCTTAGTCTCCTC_LUNG_T30","P0030","LUNG_T30","tS1","Epithelial cells",0.0545145693688642,"singlet",0.0261427209591159,"CNV_positive","Uncertain","Uncertain","Uncertain","inferCNV pilot only","Uncertain within pilot","Not assigned"
"ACACTGATCCTAGTGA_LUNG_T30","P0030","LUNG_T30","tS1","Epithelial cells",0.0665053862272069,"singlet",0.0212163184804944,"CNV_uncertain","Uncertain","Uncertain","Uncertain","inferCNV pilot only","Uncertain within pilot","Not assigned"
"GGTATTGTCCGGCACA_LUNG_T30","P0030","LUNG_T30","tS1","Epithelial cells",0.0607048149908481,"singlet",0.0251768511950615,"CNV_positive","Uncertain","Uncertain","Uncertain","inferCNV pilot only","Uncertain within pilot","Not assigned"
"GCAGCCATCCAAACAC_LUNG_T30","P0030","LUNG_T30","tS1","Epithelial cells",0.183950319714383,"singlet",0.0213988193404573,"CNV_uncertain","Uncertain","Uncertain","Uncertain","inferCNV pilot only","Uncertain within pilot","Not assigned"
"TCAACGAGTAGCCTAT_LUNG_T30","P0030","LUNG_T30","tS1","Epithelial cells",0.065957863063541,"singlet",0.0281628380130622,"CNV_positive","Uncertain","Uncertain","Uncertain","inferCNV pilot only","Uncertain within pilot","Not assigned"
"GATCGATAGGCGCTCT_LUNG_T30","P0030","LUNG_T30","tS1","Epithelial cells",0.121473068419028,"singlet",0.0205731512140905,"CNV_negative","Uncertain","Uncertain","Uncertain","inferCNV pilot only","Uncertain within pilot","Not assigned"
"CGTGAGCGTTGGAGGT_LUNG_T30","P0030","LUNG_T30","tS1","Epithelial cells",0.0992642276408546,"singlet",0.0263927854846741,"CNV_positive","Uncertain","Uncertain","Uncertain","inferCNV pilot only","Uncertain within pilot","Not assigned"
"CGGAGCTTCGTAGATC_LUNG_T30","P0030","LUNG_T30","tS1","Epithelial cells",0.541615798031112,"doublet",0.013303551354916,"CNV_negative","Uncertain","Uncertain","Uncertain","inferCNV pilot only","Uncertain within pilot","Not assigned"
"GACAGAGGTATATGAG_LUNG_T31","P0031","LUNG_T31","tS1","Epithelial cells",0.218630875918964,"singlet",0.00607129916684352,"CNV_negative","Uncertain","Uncertain","Uncertain","inferCNV pilot only","Uncertain within pilot","Not assigned"
"GTTACAGGTAGAAGGA_LUNG_T31","P0031","LUNG_T31","tS1","Epithelial cells",0.0991127266628896,"singlet",0.0198071682333701,"CNV_negative","Uncertain","Uncertain","Uncertain","inferCNV pilot only","Uncertain within pilot","Not assigned"
"TCGTACCTCTGTACGA_LUNG_T31","P0031","LUNG_T31","tS1","Epithelial cells",0.147237491508621,"singlet",0.0123297557149362,"CNV_negative","Uncertain","Uncertain","Uncertain","inferCNV pilot only","Uncertain within pilot","Not assigned"
"TTAGTTCGTCGTTGTA_LUNG_T31","P0031","LUNG_T31","tS1","Epithelial cells",0.0918101512086253,"singlet",0.0167190731816075,"CNV_negative","Uncertain","Uncertain","Uncertain","inferCNV pilot only","Uncertain within pilot","Not assigned"
"AACACGTCATCTACGA_LUNG_T31","P0031","LUNG_T31","tS1","Epithelial cells",0.0715922172044616,"singlet",0.0161738895259692,"CNV_negative","Uncertain","Uncertain","Uncertain","inferCNV pilot only","Uncertain within pilot","Not assigned"
"AAACCTGAGATGTCGG_LUNG_T31","P0031","LUNG_T31","tS1","Epithelial cells",0.0766027952888727,"singlet",0.0194958708328615,"CNV_negative","Uncertain","Uncertain","Uncertain","inferCNV pilot only","Uncertain within pilot","Not assigned"
"CGCGTTTCAGGTGGAT_LUNG_T31","P0031","LUNG_T31","tS1","Epithelial cells",0.103854305019414,"singlet",0.0262877968208405,"CNV_positive","Uncertain","Uncertain","Uncertain","inferCNV pilot only","Uncertain within pilot","Not assigned"
"ACGCCAGGTAAGGGAA_LUNG_T31","P0031","LUNG_T31","tS1","Epithelial cells",0.0943545526638622,"singlet",0.0147448533187773,"CNV_negative","Uncertain","Uncertain","Uncertain","inferCNV pilot only","Uncertain within pilot","Not assigned"
"GCTTGAAAGCTGATAA_LUNG_T31","P0031","LUNG_T31","tS1","Epithelial cells",0.303430652074303,"singlet",0.00557505225587705,"CNV_negative","Uncertain","Uncertain","Uncertain","inferCNV pilot only","Uncertain within pilot","Not assigned"
"TTGAACGTCAACACTG_LUNG_T31","P0031","LUNG_T31","tS1","Epithelial cells",0.0760329975461676,"singlet",0.0260297503791861,"CNV_positive","Uncertain","Uncertain","Uncertain","inferCNV pilot only","Uncertain within pilot","Not assigned"
"AAGGTTCCATTAACCG_LUNG_T31","P0031","LUNG_T31","tS1","Epithelial cells",0.123238101156585,"singlet",0.0197106643084221,"CNV_negative","Uncertain","Uncertain","Uncertain","inferCNV pilot only","Uncertain within pilot","Not assigned"
"AGGCCACGTACGCACC_LUNG_T31","P0031","LUNG_T31","tS1","Epithelial cells",0.104465972379663,"singlet",0.025230249267808,"CNV_positive","Uncertain","Uncertain","Uncertain","inferCNV pilot only","Uncertain within pilot","Not assigned"
"TCGGGACTCTGGAGCC_LUNG_T31","P0031","LUNG_T31","tS1","Epithelial cells",0.13095788603594,"singlet",0.0304322816230621,"CNV_positive","Uncertain","Uncertain","Uncertain","inferCNV pilot only","Uncertain within pilot","Not assigned"
"GTGTGCGTCATACGGT_LUNG_T31","P0031","LUNG_T31","tS1","Epithelial cells",0.11329635327624,"singlet",0.0246686594696431,"CNV_positive","Uncertain","Uncertain","Uncertain","inferCNV pilot only","Uncertain within pilot","Not assigned"
"AGCTCTCAGCTGATAA_LUNG_T31","P0031","LUNG_T31","tS1","Epithelial cells",0.172734215682016,"singlet",0.0117461629842953,"CNV_negative","Uncertain","Uncertain","Uncertain","inferCNV pilot only","Uncertain within pilot","Not assigned"
"TACTTACCATTTGCTT_LUNG_T31","P0031","LUNG_T31","tS1","Epithelial cells",0.0983707221549886,"singlet",0.0298822847145889,"CNV_positive","Uncertain","Uncertain","Uncertain","inferCNV pilot only","Uncertain within pilot","Not assigned"
"GGGTCTGGTCATATGC_LUNG_T31","P0031","LUNG_T31","tS1","Epithelial cells",0.12318244988686,"singlet",0.0214778338127927,"CNV_uncertain","Uncertain","Uncertain","Uncertain","inferCNV pilot only","Uncertain within pilot","Not assigned"
"TTCGAAGAGAGTGAGA_LUNG_T31","P0031","LUNG_T31","tS1","Epithelial cells",0.122976125278575,"singlet",0.0105489704003586,"CNV_negative","Uncertain","Uncertain","Uncertain","inferCNV pilot only","Uncertain within pilot","Not assigned"
"GTTCGGGGTCGGCACT_LUNG_T31","P0031","LUNG_T31","tS1","Epithelial cells",0.104216417948943,"singlet",0.0335959505185801,"CNV_positive","Uncertain","Uncertain","Uncertain","inferCNV pilot only","Uncertain within pilot","Not assigned"
"TTTACTGGTCTCACCT_LUNG_T31","P0031","LUNG_T31","tS1","Epithelial cells",0.112150954200392,"singlet",0.0170295179536906,"CNV_negative","Uncertain","Uncertain","Uncertain","inferCNV pilot only","Uncertain within pilot","Not assigned"
"GCACTCTCAATCACAC_LUNG_T31","P0031","LUNG_T31","tS1","Epithelial cells",0.117712685348717,"singlet",0.0233375048500021,"CNV_uncertain","Uncertain","Uncertain","Uncertain","inferCNV pilot only","Uncertain within pilot","Not assigned"
"GATCTAGGTTTGGCGC_LUNG_T31","P0031","LUNG_T31","tS1","Epithelial cells",0.056316607107088,"singlet",0.0148119874884911,"CNV_negative","Uncertain","Uncertain","Uncertain","inferCNV pilot only","Uncertain within pilot","Not assigned"
"CTCGGGACAAACCCAT_LUNG_T31","P0031","LUNG_T31","tS1","Epithelial cells",0.189400619236993,"singlet",0.0291702706422741,"CNV_positive","Uncertain","Uncertain","Uncertain","inferCNV pilot only","Uncertain within pilot","Not assigned"
"ATGTGTGCAGCCTGTG_LUNG_T31","P0031","LUNG_T31","tS1","Epithelial cells",0.10933150610128,"singlet",0.0155524266367367,"CNV_negative","Uncertain","Uncertain","Uncertain","inferCNV pilot only","Uncertain within pilot","Not assigned"
"TCATTACAGAGCTATA_LUNG_T31","P0031","LUNG_T31","tS1","Epithelial cells",0.11494168225492,"singlet",0.0145704743436033,"CNV_negative","Uncertain","Uncertain","Uncertain","inferCNV pilot only","Uncertain within pilot","Not assigned"
"TCACGAAGTAGCGTAG_LUNG_T31","P0031","LUNG_T31","tS1","Epithelial cells",0.0566276240443795,"singlet",0.0249969993357229,"CNV_positive","Uncertain","Uncertain","Uncertain","inferCNV pilot only","Uncertain within pilot","Not assigned"
"TGATTTCTCAGTTGAC_LUNG_T31","P0031","LUNG_T31","tS1","Epithelial cells",0.202745520153892,"singlet",0.0134292687753623,"CNV_negative","Uncertain","Uncertain","Uncertain","inferCNV pilot only","Uncertain within pilot","Not assigned"
"ACTTTCATCTATCCCG_LUNG_T31","P0031","LUNG_T31","tS1","Epithelial cells",0.0780704434177719,"singlet",0.0157522714737214,"CNV_negative","Uncertain","Uncertain","Uncertain","inferCNV pilot only","Uncertain within pilot","Not assigned"
"CATGGCGTCTTAGAGC_LUNG_T31","P0031","LUNG_T31","tS1","Epithelial cells",0.141962284990272,"singlet",0.0191909313356597,"CNV_negative","Uncertain","Uncertain","Uncertain","inferCNV pilot only","Uncertain within pilot","Not assigned"
"CATTCGCCAGGTTTCA_LUNG_T31","P0031","LUNG_T31","tS1","Epithelial cells",0.0377810508402049,"singlet",0.0410641820708375,"CNV_positive","Uncertain","Uncertain","Uncertain","inferCNV pilot only","Uncertain within pilot","Not assigned"
"GATGAGGGTATAGTAG_LUNG_T31","P0031","LUNG_T31","tS1","Epithelial cells",0.0768713813252181,"singlet",0.012737690680626,"CNV_negative","Uncertain","Uncertain","Uncertain","inferCNV pilot only","Uncertain within pilot","Not assigned"
"CATCGGGCATCTATGG_LUNG_T31","P0031","LUNG_T31","tS1","Epithelial cells",0.167075876075004,"singlet",0.0130780239847687,"CNV_negative","Uncertain","Uncertain","Uncertain","inferCNV pilot only","Uncertain within pilot","Not assigned"
"GCCTCTAAGACGCTTT_LUNG_T31","P0031","LUNG_T31","tS1","Epithelial cells",0.103826267236859,"singlet",0.0296182471407106,"CNV_positive","Uncertain","Uncertain","Uncertain","inferCNV pilot only","Uncertain within pilot","Not assigned"
"CGCTATCTCTTTAGGG_LUNG_T31","P0031","LUNG_T31","tS1","Epithelial cells",0.0962190677971814,"singlet",0.015208171693538,"CNV_negative","Uncertain","Uncertain","Uncertain","inferCNV pilot only","Uncertain within pilot","Not assigned"
"AGAATAGTCTCAAACG_LUNG_T31","P0031","LUNG_T31","tS1","Epithelial cells",0.0523602683677716,"singlet",0.0184285520499874,"CNV_negative","Uncertain","Uncertain","Uncertain","inferCNV pilot only","Uncertain within pilot","Not assigned"
"AAGCCGCGTTTGGGCC_LUNG_T31","P0031","LUNG_T31","tS1","Epithelial cells",0.280505789999542,"singlet",0.0165679426377678,"CNV_negative","Uncertain","Uncertain","Uncertain","inferCNV pilot only","Uncertain within pilot","Not assigned"
"ACACCAAAGCCACCTG_LUNG_T31","P0031","LUNG_T31","tS1","Epithelial cells",0.0976421055697801,"singlet",0.0238327552629954,"CNV_positive","Uncertain","Uncertain","Uncertain","inferCNV pilot only","Uncertain within pilot","Not assigned"
"CCACCTACAAACAACA_LUNG_T31","P0031","LUNG_T31","tS1","Epithelial cells",0.132800477850622,"singlet",0.0296716201256506,"CNV_positive","Uncertain","Uncertain","Uncertain","inferCNV pilot only","Uncertain within pilot","Not assigned"
"CAAGAAACAGAGCCAA_LUNG_T31","P0031","LUNG_T31","tS1","Epithelial cells",0.163055356048324,"singlet",0.0450120944833714,"CNV_positive","Uncertain","Uncertain","Uncertain","inferCNV pilot only","Uncertain within pilot","Not assigned"
"CGTTCTGCATCGGTTA_LUNG_T31","P0031","LUNG_T31","tS1","Epithelial cells",0.0947366117825896,"singlet",0.0127599268824431,"CNV_negative","Uncertain","Uncertain","Uncertain","inferCNV pilot only","Uncertain within pilot","Not assigned"
"TTTGTCACACTTAACG_LUNG_T31","P0031","LUNG_T31","tS1","Epithelial cells",0.250204947013246,"singlet",0.0224430706336049,"CNV_uncertain","Uncertain","Uncertain","Uncertain","inferCNV pilot only","Uncertain within pilot","Not assigned"
"GTGCATAAGTGTACTC_LUNG_T31","P0031","LUNG_T31","tS1","Epithelial cells",0.142724394841045,"singlet",0.0211762397625013,"CNV_uncertain","Uncertain","Uncertain","Uncertain","inferCNV pilot only","Uncertain within pilot","Not assigned"
"TTATGCTCAATCCAAC_LUNG_T31","P0031","LUNG_T31","tS1","Epithelial cells",0.148397671700154,"singlet",0.0369703874955872,"CNV_positive","Uncertain","Uncertain","Uncertain","inferCNV pilot only","Uncertain within pilot","Not assigned"
"GTCAAGTCAGATTGCT_LUNG_T31","P0031","LUNG_T31","tS1","Epithelial cells",0.0944446404975235,"singlet",0.0305275683259709,"CNV_positive","Uncertain","Uncertain","Uncertain","inferCNV pilot only","Uncertain within pilot","Not assigned"
"AAGCCGCTCAGGTTCA_LUNG_T31","P0031","LUNG_T31","tS1","Epithelial cells",0.100668991607297,"singlet",0.0191261851709764,"CNV_negative","Uncertain","Uncertain","Uncertain","inferCNV pilot only","Uncertain within pilot","Not assigned"
"TGTGTTTAGATAGTCA_LUNG_T34","P0034","LUNG_T34","tS1","Epithelial cells",0.298770468347248,"singlet",0.0171038046725056,"CNV_negative","Uncertain","Uncertain","Uncertain","inferCNV pilot only","Uncertain within pilot","Not assigned"
"ACGTCAAGTCATACTG_LUNG_T34","P0034","LUNG_T34","tS1","Epithelial cells",0.190848321280243,"singlet",0.0132363418663942,"CNV_negative","Uncertain","Uncertain","Uncertain","inferCNV pilot only","Uncertain within pilot","Not assigned"
"AGTTGGTGTACATGTC_LUNG_T34","P0034","LUNG_T34","tS1","Epithelial cells",0.247537757060161,"singlet",0.0209286579032433,"CNV_uncertain","Uncertain","Uncertain","Uncertain","inferCNV pilot only","Uncertain within pilot","Not assigned"
"GACAGAGAGGCAATTA_LUNG_T34","P0034","LUNG_T34","tS1","Epithelial cells",0.113876092164354,"singlet",0.0153255269756468,"CNV_negative","Uncertain","Uncertain","Uncertain","inferCNV pilot only","Uncertain within pilot","Not assigned"
"TTTCCTCGTTCGAATC_LUNG_T34","P0034","LUNG_T34","tS1","Epithelial cells",0.236201674642411,"singlet",0.0175424870874011,"CNV_negative","Uncertain","Uncertain","Uncertain","inferCNV pilot only","Uncertain within pilot","Not assigned"
"TTCCCAGAGACCTTTG_LUNG_T34","P0034","LUNG_T34","tS1","Epithelial cells",0.0854614235212148,"singlet",0.0248858524494234,"CNV_positive","Uncertain","Uncertain","Uncertain","inferCNV pilot only","Uncertain within pilot","Not assigned"
"CTCAGAATCACTTACT_LUNG_T34","P0034","LUNG_T34","tS1","Epithelial cells",0.388011650516165,"singlet",0.0182218323765739,"CNV_negative","Uncertain","Uncertain","Uncertain","inferCNV pilot only","Uncertain within pilot","Not assigned"
"GTCAAGTGTAGGGACT_LUNG_T34","P0034","LUNG_T34","tS1","Epithelial cells",0.280639292233802,"singlet",0.0280851019383718,"CNV_positive","Uncertain","Uncertain","Uncertain","inferCNV pilot only","Uncertain within pilot","Not assigned"
"TGCTACCCACTTACGA_LUNG_T34","P0034","LUNG_T34","tS1","Epithelial cells",0.335494756580059,"singlet",0.0218117071886222,"CNV_uncertain","Uncertain","Uncertain","Uncertain","inferCNV pilot only","Uncertain within pilot","Not assigned"
"TTCTCAAAGGATGTAT_LUNG_T34","P0034","LUNG_T34","tS1","Epithelial cells",0.148487810294147,"singlet",0.0171617153003349,"CNV_negative","Uncertain","Uncertain","Uncertain","inferCNV pilot only","Uncertain within pilot","Not assigned"
"CGACTTCCAGCCTTGG_LUNG_T34","P0034","LUNG_T34","tS1","Epithelial cells",0.354940193905697,"singlet",0.0145969182652748,"CNV_negative","Uncertain","Uncertain","Uncertain","inferCNV pilot only","Uncertain within pilot","Not assigned"
"GGGACCTCACGGCGTT_LUNG_T34","P0034","LUNG_T34","tS1","Epithelial cells",0.202796970590879,"singlet",0.0204131920341192,"CNV_negative","Uncertain","Uncertain","Uncertain","inferCNV pilot only","Uncertain within pilot","Not assigned"
"CAGCTAAGTGATGATA_LUNG_T34","P0034","LUNG_T34","tS1","Epithelial cells",0.254166590339268,"singlet",0.0169571157736767,"CNV_negative","Uncertain","Uncertain","Uncertain","inferCNV pilot only","Uncertain within pilot","Not assigned"
"GCTTGAAAGCGTAGTG_LUNG_T34","P0034","LUNG_T34","tS1","Epithelial cells",0.435251747327143,"singlet",0.0093193533460811,"CNV_negative","Uncertain","Uncertain","Uncertain","inferCNV pilot only","Uncertain within pilot","Not assigned"
"CGTGTAAAGCGCCTTG_LUNG_T34","P0034","LUNG_T34","tS1","Epithelial cells",0.147623598393803,"singlet",0.0238375754177428,"CNV_positive","Uncertain","Uncertain","Uncertain","inferCNV pilot only","Uncertain within pilot","Not assigned"
"CATCGAATCTAGCACA_LUNG_T34","P0034","LUNG_T34","tS1","Epithelial cells",0.308777245231905,"singlet",0.014645244567658,"CNV_negative","Uncertain","Uncertain","Uncertain","inferCNV pilot only","Uncertain within pilot","Not assigned"
"CCTACCAGTGTCCTCT_LUNG_T34","P0034","LUNG_T34","tS1","Epithelial cells",0.146356202189853,"singlet",0.0315908978046415,"CNV_positive","Uncertain","Uncertain","Uncertain","inferCNV pilot only","Uncertain within pilot","Not assigned"
"TATCTCATCTAACGGT_LUNG_T34","P0034","LUNG_T34","tS1","Epithelial cells",0.0983213694778588,"singlet",0.0199519759963448,"CNV_negative","Uncertain","Uncertain","Uncertain","inferCNV pilot only","Uncertain within pilot","Not assigned"
"AGGCCGTCACATGACT_LUNG_T34","P0034","LUNG_T34","tS1","Epithelial cells",0.400997778579974,"singlet",0.0186732529898541,"CNV_negative","Uncertain","Uncertain","Uncertain","inferCNV pilot only","Uncertain within pilot","Not assigned"
"CATCAAGCAGACGTAG_LUNG_T34","P0034","LUNG_T34","tS1","Epithelial cells",0.140607947610308,"singlet",0.0139801026285973,"CNV_negative","Uncertain","Uncertain","Uncertain","inferCNV pilot only","Uncertain within pilot","Not assigned"
"TTGACTTGTTATTCTC_LUNG_T34","P0034","LUNG_T34","tS1","Epithelial cells",0.346133357503955,"singlet",0.0125922281174348,"CNV_negative","Uncertain","Uncertain","Uncertain","inferCNV pilot only","Uncertain within pilot","Not assigned"
"TTCTTAGGTGTGACGA_LUNG_T34","P0034","LUNG_T34","tS1","Epithelial cells",0.43897549412947,"singlet",0.0215590047214657,"CNV_uncertain","Uncertain","Uncertain","Uncertain","inferCNV pilot only","Uncertain within pilot","Not assigned"
"ACATACGAGCGATATA_LUNG_T34","P0034","LUNG_T34","tS1","Epithelial cells",0.142489416070808,"singlet",0.0205068660671495,"CNV_negative","Uncertain","Uncertain","Uncertain","inferCNV pilot only","Uncertain within pilot","Not assigned"
"TTAGGCATCGGTTAAC_LUNG_T34","P0034","LUNG_T34","tS1","Epithelial cells",0.264850590815097,"singlet",0.0136233928411606,"CNV_negative","Uncertain","Uncertain","Uncertain","inferCNV pilot only","Uncertain within pilot","Not assigned"
"CTCACACAGTGACTCT_LUNG_T34","P0034","LUNG_T34","tS1","Epithelial cells",0.295867373037093,"singlet",0.0169948921498641,"CNV_negative","Uncertain","Uncertain","Uncertain","inferCNV pilot only","Uncertain within pilot","Not assigned"
"TGTATTCTCGTCACGG_LUNG_T34","P0034","LUNG_T34","tS1","Epithelial cells",0.0487833962772285,"singlet",0.0111257190324391,"CNV_negative","Uncertain","Uncertain","Uncertain","inferCNV pilot only","Uncertain within pilot","Not assigned"
"CTTAACTGTTCATGGT_LUNG_T34","P0034","LUNG_T34","tS1","Epithelial cells",0.0763819698485086,"singlet",0.0102129916408293,"CNV_negative","Uncertain","Uncertain","Uncertain","inferCNV pilot only","Uncertain within pilot","Not assigned"
"GAACATCCAACGATCT_LUNG_T34","P0034","LUNG_T34","tS1","Epithelial cells",0.276649443814196,"singlet",0.0194900053062697,"CNV_negative","Uncertain","Uncertain","Uncertain","inferCNV pilot only","Uncertain within pilot","Not assigned"
"CTAAGACAGCTGTCTA_LUNG_T34","P0034","LUNG_T34","tS1","Epithelial cells",0.12368228344756,"singlet",0.0150151497037424,"CNV_negative","Uncertain","Uncertain","Uncertain","inferCNV pilot only","Uncertain within pilot","Not assigned"
"TATCTCAGTGCTGTAT_LUNG_T34","P0034","LUNG_T34","tS1","Epithelial cells",0.325353996684485,"singlet",0.0173314084808839,"CNV_negative","Uncertain","Uncertain","Uncertain","inferCNV pilot only","Uncertain within pilot","Not assigned"
"CACACTCTCTTGTTTG_LUNG_T34","P0034","LUNG_T34","tS1","Epithelial cells",0.182965175169255,"singlet",0.0134599652954413,"CNV_negative","Uncertain","Uncertain","Uncertain","inferCNV pilot only","Uncertain within pilot","Not assigned"
"TTGACTTAGTACGTAA_LUNG_T34","P0034","LUNG_T34","tS1","Epithelial cells",0.109756861509724,"singlet",0.0141509853146408,"CNV_negative","Uncertain","Uncertain","Uncertain","inferCNV pilot only","Uncertain within pilot","Not assigned"
"ACTTGTTTCGTGTAGT_LUNG_T34","P0034","LUNG_T34","tS1","Epithelial cells",0.0609757420904035,"singlet",0.017994046364463,"CNV_negative","Uncertain","Uncertain","Uncertain","inferCNV pilot only","Uncertain within pilot","Not assigned"
"CACTCCACACGGATAG_LUNG_T34","P0034","LUNG_T34","tS1","Epithelial cells",0.427963928196167,"singlet",0.0136578726759014,"CNV_negative","Uncertain","Uncertain","Uncertain","inferCNV pilot only","Uncertain within pilot","Not assigned"
"CACACAACAGGGATTG_LUNG_T34","P0034","LUNG_T34","tS1","Epithelial cells",0.184968849551664,"singlet",0.019720219868212,"CNV_negative","Uncertain","Uncertain","Uncertain","inferCNV pilot only","Uncertain within pilot","Not assigned"
"GCATGTAGTCCCTACT_LUNG_T34","P0034","LUNG_T34","tS1","Epithelial cells",0.184366318542551,"singlet",0.0243493051716589,"CNV_positive","Uncertain","Uncertain","Uncertain","inferCNV pilot only","Uncertain within pilot","Not assigned"
"GCATGCGAGGGAACGG_LUNG_T34","P0034","LUNG_T34","tS1","Epithelial cells",0.414666116402667,"singlet",0.0212791296775006,"CNV_uncertain","Uncertain","Uncertain","Uncertain","inferCNV pilot only","Uncertain within pilot","Not assigned"
"AGGTCATGTTTAGGAA_LUNG_T34","P0034","LUNG_T34","tS1","Epithelial cells",0.238363786403988,"singlet",0.0130549452878575,"CNV_negative","Uncertain","Uncertain","Uncertain","inferCNV pilot only","Uncertain within pilot","Not assigned"
"GCATACATCTTGAGAC_LUNG_T34","P0034","LUNG_T34","tS1","Epithelial cells",0.240227121005821,"singlet",0.0188052830949947,"CNV_negative","Uncertain","Uncertain","Uncertain","inferCNV pilot only","Uncertain within pilot","Not assigned"
"GGATGTTTCGCGATCG_LUNG_T34","P0034","LUNG_T34","tS1","Epithelial cells",0.214274248095882,"singlet",0.0132384640022555,"CNV_negative","Uncertain","Uncertain","Uncertain","inferCNV pilot only","Uncertain within pilot","Not assigned"
"AAGGCAGGTCAGTGGA_LUNG_T34","P0034","LUNG_T34","tS1","Epithelial cells",0.302469315038604,"singlet",0.0185290523566257,"CNV_negative","Uncertain","Uncertain","Uncertain","inferCNV pilot only","Uncertain within pilot","Not assigned"
"ACACCGGTCGTTACGA_LUNG_T34","P0034","LUNG_T34","tS1","Epithelial cells",0.134202122856157,"singlet",0.0151555705315644,"CNV_negative","Uncertain","Uncertain","Uncertain","inferCNV pilot only","Uncertain within pilot","Not assigned"
"GAGGTGACAATCGGTT_LUNG_T34","P0034","LUNG_T34","tS1","Epithelial cells",0.258346775352034,"singlet",0.025097824606789,"CNV_positive","Uncertain","Uncertain","Uncertain","inferCNV pilot only","Uncertain within pilot","Not assigned"
"GACCAATGTACGCTGC_LUNG_T34","P0034","LUNG_T34","tS1","Epithelial cells",0.231860440767184,"singlet",0.0133309017313004,"CNV_negative","Uncertain","Uncertain","Uncertain","inferCNV pilot only","Uncertain within pilot","Not assigned"
"ATCGAGTTCCCAGGTG_LUNG_T34","P0034","LUNG_T34","tS1","Epithelial cells",0.296928553896815,"singlet",0.018067991220027,"CNV_negative","Uncertain","Uncertain","Uncertain","inferCNV pilot only","Uncertain within pilot","Not assigned"
"CTGAAACCAAGAAAGG_LUNG_T34","P0034","LUNG_T34","tS1","Epithelial cells",0.246687546049892,"singlet",0.0136694413437078,"CNV_negative","Uncertain","Uncertain","Uncertain","inferCNV pilot only","Uncertain within pilot","Not assigned"
"ACCTTTAGTGCGATAG_LUNG_T34","P0034","LUNG_T34","tS1","Epithelial cells",0.134220575803294,"singlet",0.0208136826680586,"CNV_uncertain","Uncertain","Uncertain","Uncertain","inferCNV pilot only","Uncertain within pilot","Not assigned"
"CCACTACAGTATCTCG_LUNG_T34","P0034","LUNG_T34","tS1","Epithelial cells",0.0734884655578687,"singlet",0.0191276001610863,"CNV_negative","Uncertain","Uncertain","Uncertain","inferCNV pilot only","Uncertain within pilot","Not assigned"
"CTGATCCTCTGGCGTG_LUNG_T34","P0034","LUNG_T34","tS1","Epithelial cells",0.044913874028207,"singlet",0.0168647337147894,"CNV_negative","Uncertain","Uncertain","Uncertain","inferCNV pilot only","Uncertain within pilot","Not assigned"
"ACACCGGGTCCCTACT_LUNG_T34","P0034","LUNG_T34","tS1","Epithelial cells",0.143370612504164,"singlet",0.0153296914826644,"CNV_negative","Uncertain","Uncertain","Uncertain","inferCNV pilot only","Uncertain within pilot","Not assigned"
"CGCGTTTCAATGGATA_LUNG_T06","P0006","LUNG_T06","tS2","Epithelial cells",0.194543031906041,"singlet",0.025765794078912,"CNV_positive","Uncertain","Uncertain","Uncertain","inferCNV pilot only","Uncertain within pilot","Not assigned"
"TACGGGCTCAGCCTAA_LUNG_T06","P0006","LUNG_T06","tS2","Epithelial cells",0.252220577213763,"singlet",0.0281665584754797,"CNV_positive","Uncertain","Uncertain","Uncertain","inferCNV pilot only","Uncertain within pilot","Not assigned"
"TAGAGCTCAGCCAATT_LUNG_T06","P0006","LUNG_T06","tS2","Epithelial cells",0.0652239248561691,"singlet",0.0353372152948228,"CNV_positive","Uncertain","Uncertain","Uncertain","inferCNV pilot only","Uncertain within pilot","Not assigned"
"GGGCATCCAATGTAAG_LUNG_T06","P0006","LUNG_T06","tS2","Epithelial cells",0.195695145223962,"singlet",0.0244688979199336,"CNV_positive","Uncertain","Uncertain","Uncertain","inferCNV pilot only","Uncertain within pilot","Not assigned"
"AGGGTGAGTTCTCATT_LUNG_T06","P0006","LUNG_T06","tS2","Epithelial cells",0.0248045124806823,"singlet",0.0293175234702132,"CNV_positive","Uncertain","Uncertain","Uncertain","inferCNV pilot only","Uncertain within pilot","Not assigned"
"GTGCTTCTCTCTAAGG_LUNG_T06","P0006","LUNG_T06","tS2","Epithelial cells",0.0610276063677951,"singlet",0.0241725037854999,"CNV_positive","Uncertain","Uncertain","Uncertain","inferCNV pilot only","Uncertain within pilot","Not assigned"
"TGCTGCTTCAGCAACT_LUNG_T06","P0006","LUNG_T06","tS2","Epithelial cells",0.113608612242072,"singlet",0.0216073141299092,"CNV_uncertain","Uncertain","Uncertain","Uncertain","inferCNV pilot only","Uncertain within pilot","Not assigned"
"TGGCCAGCAAAGTGCG_LUNG_T06","P0006","LUNG_T06","tS2","Epithelial cells",0.0999649460655973,"singlet",0.0312501548862171,"CNV_positive","Uncertain","Uncertain","Uncertain","inferCNV pilot only","Uncertain within pilot","Not assigned"
"CGGAGCTTCGTCACGG_LUNG_T06","P0006","LUNG_T06","tS2","Epithelial cells",0.19646629291482,"singlet",0.028125875989962,"CNV_positive","Uncertain","Uncertain","Uncertain","inferCNV pilot only","Uncertain within pilot","Not assigned"
"CTCAGAACAGGGCATA_LUNG_T06","P0006","LUNG_T06","tS2","Epithelial cells",0.105252492159148,"singlet",0.0281714175716353,"CNV_positive","Uncertain","Uncertain","Uncertain","inferCNV pilot only","Uncertain within pilot","Not assigned"
"CTCGTACGTGTGGTTT_LUNG_T06","P0006","LUNG_T06","tS2","Epithelial cells",0.0622925719419764,"singlet",0.0235057939030453,"CNV_uncertain","Uncertain","Uncertain","Uncertain","inferCNV pilot only","Uncertain within pilot","Not assigned"
"CCATGTCGTACAAGTA_LUNG_T06","P0006","LUNG_T06","tS2","Epithelial cells",0.0247168259813637,"singlet",0.0321857136476215,"CNV_positive","Uncertain","Uncertain","Uncertain","inferCNV pilot only","Uncertain within pilot","Not assigned"
"CCAATCCAGTACGTTC_LUNG_T06","P0006","LUNG_T06","tS2","Epithelial cells",0.178050529561134,"singlet",0.027283221125979,"CNV_positive","Uncertain","Uncertain","Uncertain","inferCNV pilot only","Uncertain within pilot","Not assigned"
"AACCGCGAGACAGAGA_LUNG_T06","P0006","LUNG_T06","tS2","Epithelial cells",0.278245580390861,"singlet",0.0102170083959348,"CNV_negative","Uncertain","Uncertain","Uncertain","inferCNV pilot only","Uncertain within pilot","Not assigned"
"TGGGCGTCACTCAGGC_LUNG_T06","P0006","LUNG_T06","tS2","Epithelial cells",0.197069475352669,"singlet",0.0281656422468064,"CNV_positive","Uncertain","Uncertain","Uncertain","inferCNV pilot only","Uncertain within pilot","Not assigned"
"CATGCCTCATCACGAT_LUNG_T06","P0006","LUNG_T06","tS2","Epithelial cells",0.189746320438223,"singlet",0.0315154957948897,"CNV_positive","Uncertain","Uncertain","Uncertain","inferCNV pilot only","Uncertain within pilot","Not assigned"
"TGCCCATGTTTCCACC_LUNG_T06","P0006","LUNG_T06","tS2","Epithelial cells",0.199129374872662,"singlet",0.0375719372032893,"CNV_positive","Uncertain","Uncertain","Uncertain","inferCNV pilot only","Uncertain within pilot","Not assigned"
"AGTGTCAAGCCCTAAT_LUNG_T06","P0006","LUNG_T06","tS2","Epithelial cells",0.168341093649473,"singlet",0.0322143882450217,"CNV_positive","Uncertain","Uncertain","Uncertain","inferCNV pilot only","Uncertain within pilot","Not assigned"
"GACGTGCCAATCGAAA_LUNG_T06","P0006","LUNG_T06","tS2","Epithelial cells",0.0734489437717696,"singlet",0.0252117761195965,"CNV_positive","Uncertain","Uncertain","Uncertain","inferCNV pilot only","Uncertain within pilot","Not assigned"
"ACACCGGAGCTGTTCA_LUNG_T06","P0006","LUNG_T06","tS2","Epithelial cells",0.36195944268671,"singlet",0.0330887219987434,"CNV_positive","Uncertain","Uncertain","Uncertain","inferCNV pilot only","Uncertain within pilot","Not assigned"
"TTCCCAGCAATCTGCA_LUNG_T06","P0006","LUNG_T06","tS2","Epithelial cells",0.109752984816635,"singlet",0.0274399362679504,"CNV_positive","Uncertain","Uncertain","Uncertain","inferCNV pilot only","Uncertain within pilot","Not assigned"
"CAAGATCAGTTGAGTA_LUNG_T06","P0006","LUNG_T06","tS2","Epithelial cells",0.136038913932701,"singlet",0.0259779207660625,"CNV_positive","Uncertain","Uncertain","Uncertain","inferCNV pilot only","Uncertain within pilot","Not assigned"
"CTGGTCTAGGCACATG_LUNG_T06","P0006","LUNG_T06","tS2","Epithelial cells",0.105413316868239,"singlet",0.0312032677622446,"CNV_positive","Uncertain","Uncertain","Uncertain","inferCNV pilot only","Uncertain within pilot","Not assigned"
"TGAAAGAAGAGTACAT_LUNG_T06","P0006","LUNG_T06","tS2","Epithelial cells",0.124926133069363,"singlet",0.0339636312102719,"CNV_positive","Uncertain","Uncertain","Uncertain","inferCNV pilot only","Uncertain within pilot","Not assigned"
"TGAAAGACAAGCCTAT_LUNG_T06","P0006","LUNG_T06","tS2","Epithelial cells",0.254838291113013,"singlet",0.0316057215617002,"CNV_positive","Uncertain","Uncertain","Uncertain","inferCNV pilot only","Uncertain within pilot","Not assigned"
"ACGGAGATCAACGAAA_LUNG_T06","P0006","LUNG_T06","tS2","Epithelial cells",0.175608707698124,"singlet",0.0285247452634192,"CNV_positive","Uncertain","Uncertain","Uncertain","inferCNV pilot only","Uncertain within pilot","Not assigned"
"GTCGTAAAGTCCTCCT_LUNG_T06","P0006","LUNG_T06","tS2","Epithelial cells",0.144323536934472,"singlet",0.0277814045735964,"CNV_positive","Uncertain","Uncertain","Uncertain","inferCNV pilot only","Uncertain within pilot","Not assigned"
"AAAGTAGGTACCGAGA_LUNG_T06","P0006","LUNG_T06","tS2","Epithelial cells",0.121801694091876,"singlet",0.0244198588401065,"CNV_positive","Uncertain","Uncertain","Uncertain","inferCNV pilot only","Uncertain within pilot","Not assigned"
"AACTCTTGTTAAGACA_LUNG_T06","P0006","LUNG_T06","tS2","Epithelial cells",0.166193195896792,"singlet",0.0273083698416174,"CNV_positive","Uncertain","Uncertain","Uncertain","inferCNV pilot only","Uncertain within pilot","Not assigned"
"CCTAGCTCACGTCTCT_LUNG_T06","P0006","LUNG_T06","tS2","Epithelial cells",0.103430777906996,"singlet",0.0321359766970113,"CNV_positive","Uncertain","Uncertain","Uncertain","inferCNV pilot only","Uncertain within pilot","Not assigned"
"CACTCCAAGTCGTTTG_LUNG_T06","P0006","LUNG_T06","tS2","Epithelial cells",0.0491050803190696,"singlet",0.0281085499631267,"CNV_positive","Uncertain","Uncertain","Uncertain","inferCNV pilot only","Uncertain within pilot","Not assigned"
"GGGAATGAGGATATAC_LUNG_T06","P0006","LUNG_T06","tS2","Epithelial cells",0.0833757850716969,"singlet",0.0312805082893695,"CNV_positive","Uncertain","Uncertain","Uncertain","inferCNV pilot only","Uncertain within pilot","Not assigned"
"TGGCCAGTCCGAACGC_LUNG_T06","P0006","LUNG_T06","tS2","Epithelial cells",0.0982138328451812,"singlet",0.0281605165365982,"CNV_positive","Uncertain","Uncertain","Uncertain","inferCNV pilot only","Uncertain within pilot","Not assigned"
"TAAGTGCGTCACTGGC_LUNG_T06","P0006","LUNG_T06","tS2","Epithelial cells",0.0854920303739331,"singlet",0.0295821245464802,"CNV_positive","Uncertain","Uncertain","Uncertain","inferCNV pilot only","Uncertain within pilot","Not assigned"
"GACTAACAGGCGCTCT_LUNG_T06","P0006","LUNG_T06","tS2","Epithelial cells",0.0745481801256826,"singlet",0.0329725592154642,"CNV_positive","Uncertain","Uncertain","Uncertain","inferCNV pilot only","Uncertain within pilot","Not assigned"
"CCTTCCCTCGGAGCAA_LUNG_T06","P0006","LUNG_T06","tS2","Epithelial cells",0.11823611677676,"singlet",0.0284560915299553,"CNV_positive","Uncertain","Uncertain","Uncertain","inferCNV pilot only","Uncertain within pilot","Not assigned"
"AGTTGGTCATTTCAGG_LUNG_T06","P0006","LUNG_T06","tS2","Epithelial cells",0.199338051940035,"singlet",0.0238208923074095,"CNV_positive","Uncertain","Uncertain","Uncertain","inferCNV pilot only","Uncertain within pilot","Not assigned"
"AGTGGGAAGGTAGCCA_LUNG_T06","P0006","LUNG_T06","tS2","Epithelial cells",0.0889503937735229,"singlet",0.0273845928090622,"CNV_positive","Uncertain","Uncertain","Uncertain","inferCNV pilot only","Uncertain within pilot","Not assigned"
"AGTAGTCTCAGCCTAA_LUNG_T06","P0006","LUNG_T06","tS2","Epithelial cells",0.075338512051536,"singlet",0.0278429664215038,"CNV_positive","Uncertain","Uncertain","Uncertain","inferCNV pilot only","Uncertain within pilot","Not assigned"
"GTTAAGCGTCGATTGT_LUNG_T06","P0006","LUNG_T06","tS2","Epithelial cells",0.131104382074034,"singlet",0.0293070451852621,"CNV_positive","Uncertain","Uncertain","Uncertain","inferCNV pilot only","Uncertain within pilot","Not assigned"
"TAGTGGTCACAACGCC_LUNG_T06","P0006","LUNG_T06","tS2","Epithelial cells",0.0852501596724828,"singlet",0.0301484297986797,"CNV_positive","Uncertain","Uncertain","Uncertain","inferCNV pilot only","Uncertain within pilot","Not assigned"
"GACGTTACAATCCAAC_LUNG_T06","P0006","LUNG_T06","tS2","Epithelial cells",0.0358539039676865,"singlet",0.0426271230729044,"CNV_positive","Uncertain","Uncertain","Uncertain","inferCNV pilot only","Uncertain within pilot","Not assigned"
"ATTTCTGCAGGGAGAG_LUNG_T06","P0006","LUNG_T06","tS2","Epithelial cells",0.0880468440973923,"singlet",0.0288880295876644,"CNV_positive","Uncertain","Uncertain","Uncertain","inferCNV pilot only","Uncertain within pilot","Not assigned"
"CGTCACTAGAAGATTC_LUNG_T06","P0006","LUNG_T06","tS2","Epithelial cells",0.169225607322023,"singlet",0.0336086957203022,"CNV_positive","Uncertain","Uncertain","Uncertain","inferCNV pilot only","Uncertain within pilot","Not assigned"
"GACTACACAAGCGCTC_LUNG_T06","P0006","LUNG_T06","tS2","Epithelial cells",0.0138297564630242,"singlet",0.0241554822958087,"CNV_positive","Uncertain","Uncertain","Uncertain","inferCNV pilot only","Uncertain within pilot","Not assigned"
"TAAACCGAGCGGCTTC_LUNG_T06","P0006","LUNG_T06","tS2","Epithelial cells",0.37010150880151,"singlet",0.0161544950232924,"CNV_negative","Uncertain","Uncertain","Uncertain","inferCNV pilot only","Uncertain within pilot","Not assigned"
"AAGGCAGTCCTCTAGC_LUNG_T06","P0006","LUNG_T06","tS2","Epithelial cells",0.155905856459148,"singlet",0.0223414685505825,"CNV_uncertain","Uncertain","Uncertain","Uncertain","inferCNV pilot only","Uncertain within pilot","Not assigned"
"CCAGCGATCTTGAGAC_LUNG_T06","P0006","LUNG_T06","tS2","Epithelial cells",0.162567313384274,"singlet",0.0323416733765126,"CNV_positive","Uncertain","Uncertain","Uncertain","inferCNV pilot only","Uncertain within pilot","Not assigned"
"ACTGTCCTCCAGGGCT_LUNG_T06","P0006","LUNG_T06","tS2","Epithelial cells",0.108527355443111,"singlet",0.0333352808351021,"CNV_positive","Uncertain","Uncertain","Uncertain","inferCNV pilot only","Uncertain within pilot","Not assigned"
"TGAGGGAAGGATGCGT_LUNG_T06","P0006","LUNG_T06","tS2","Epithelial cells",0.149892553114007,"singlet",0.0274656279941938,"CNV_positive","Uncertain","Uncertain","Uncertain","inferCNV pilot only","Uncertain within pilot","Not assigned"
"CTACGTCTCGTGGGAA_LUNG_T08","P0008","LUNG_T08","tS2","Epithelial cells",0.208401720875906,"singlet",0.0446043988503479,"CNV_positive","Uncertain","Uncertain","Uncertain","inferCNV pilot only","Uncertain within pilot","Not assigned"
"GACCAATTCCCTAACC_LUNG_T08","P0008","LUNG_T08","tS2","Epithelial cells",0.446043231736784,"doublet",0.0317284176680044,"CNV_positive","Uncertain","Uncertain","Uncertain","inferCNV pilot only","Uncertain within pilot","Not assigned"
"TAAGTGCCAAACGCGA_LUNG_T08","P0008","LUNG_T08","tS2","Epithelial cells",0.288938251050239,"singlet",0.0267218661595849,"CNV_positive","Uncertain","Uncertain","Uncertain","inferCNV pilot only","Uncertain within pilot","Not assigned"
"TTATGCTGTTGAGGTG_LUNG_T08","P0008","LUNG_T08","tS2","Epithelial cells",0.304174787018136,"singlet",0.0277237475242673,"CNV_positive","Uncertain","Uncertain","Uncertain","inferCNV pilot only","Uncertain within pilot","Not assigned"
"AGTGGGACACGCATCG_LUNG_T08","P0008","LUNG_T08","tS2","Epithelial cells",0.208494172542318,"singlet",0.0271790392671927,"CNV_positive","Uncertain","Uncertain","Uncertain","inferCNV pilot only","Uncertain within pilot","Not assigned"
"TGGGCGTGTGTGGCTC_LUNG_T08","P0008","LUNG_T08","tS2","Epithelial cells",0.22836347494718,"singlet",0.0370502505473416,"CNV_positive","Uncertain","Uncertain","Uncertain","inferCNV pilot only","Uncertain within pilot","Not assigned"
"GCGCCAACAGGCTCAC_LUNG_T08","P0008","LUNG_T08","tS2","Epithelial cells",0.464686740277424,"doublet",0.0114479052330279,"CNV_negative","Uncertain","Uncertain","Uncertain","inferCNV pilot only","Uncertain within pilot","Not assigned"
"CCGGTAGCATTCCTCG_LUNG_T08","P0008","LUNG_T08","tS2","Epithelial cells",0.435554269048831,"doublet",0.0206250046265091,"CNV_negative","Uncertain","Uncertain","Uncertain","inferCNV pilot only","Uncertain within pilot","Not assigned"
"CAGCTGGGTCACCTAA_LUNG_T18","P0018","LUNG_T18","tS2","Epithelial cells",0.190857890301035,"singlet",0.0406630876488858,"CNV_positive","Uncertain","Uncertain","Uncertain","inferCNV pilot only","Uncertain within pilot","Not assigned"
"ATCCGAACAGCCAATT_LUNG_T18","P0018","LUNG_T18","tS2","Epithelial cells",0.160008856718163,"singlet",0.0387092647527421,"CNV_positive","Uncertain","Uncertain","Uncertain","inferCNV pilot only","Uncertain within pilot","Not assigned"
"CGTTCTGCACTTCTGC_LUNG_T18","P0018","LUNG_T18","tS2","Epithelial cells",0.217933356865448,"singlet",0.040123235601342,"CNV_positive","Uncertain","Uncertain","Uncertain","inferCNV pilot only","Uncertain within pilot","Not assigned"
"TGAGGGAAGACGACGT_LUNG_T18","P0018","LUNG_T18","tS2","Epithelial cells",0.114442872509487,"singlet",0.0418579467099895,"CNV_positive","Uncertain","Uncertain","Uncertain","inferCNV pilot only","Uncertain within pilot","Not assigned"
"TGATTTCCATACGCCG_LUNG_T18","P0018","LUNG_T18","tS2","Epithelial cells",0.15467382062444,"singlet",0.0332553939340349,"CNV_positive","Uncertain","Uncertain","Uncertain","inferCNV pilot only","Uncertain within pilot","Not assigned"
"CCTACCAGTTTAAGCC_LUNG_T18","P0018","LUNG_T18","tS2","Epithelial cells",0.13426438460634,"singlet",0.0324832025440328,"CNV_positive","Uncertain","Uncertain","Uncertain","inferCNV pilot only","Uncertain within pilot","Not assigned"
"GTGCATAAGTGCCATT_LUNG_T18","P0018","LUNG_T18","tS2","Epithelial cells",0.0349619956879184,"singlet",0.0441433009027091,"CNV_positive","Uncertain","Uncertain","Uncertain","inferCNV pilot only","Uncertain within pilot","Not assigned"
"TCTCATACATACGCCG_LUNG_T18","P0018","LUNG_T18","tS2","Epithelial cells",0.0228711142738986,"singlet",0.0472369918623909,"CNV_positive","Uncertain","Uncertain","Uncertain","inferCNV pilot only","Uncertain within pilot","Not assigned"
"AACACGTGTGTTTGGT_LUNG_T18","P0018","LUNG_T18","tS2","Epithelial cells",0.22721100395669,"singlet",0.0481216902936794,"CNV_positive","Uncertain","Uncertain","Uncertain","inferCNV pilot only","Uncertain within pilot","Not assigned"
"CGGCTAGGTAAGTAGT_LUNG_T18","P0018","LUNG_T18","tS2","Epithelial cells",0.613959929751075,"doublet",0.0216510493959024,"CNV_uncertain","Uncertain","Uncertain","Uncertain","inferCNV pilot only","Uncertain within pilot","Not assigned"
"GCATGATCAGACGCTC_LUNG_T18","P0018","LUNG_T18","tS2","Epithelial cells",0.29484225399031,"singlet",0.0527065780942342,"CNV_positive","Uncertain","Uncertain","Uncertain","inferCNV pilot only","Uncertain within pilot","Not assigned"
"CTTAACTTCTCCCTGA_LUNG_T18","P0018","LUNG_T18","tS2","Epithelial cells",0.183517302694128,"singlet",0.030645130119478,"CNV_positive","Uncertain","Uncertain","Uncertain","inferCNV pilot only","Uncertain within pilot","Not assigned"
"TTCTTAGAGGCTATCT_LUNG_T18","P0018","LUNG_T18","tS2","Epithelial cells",0.0916991075666225,"singlet",0.0361858274719138,"CNV_positive","Uncertain","Uncertain","Uncertain","inferCNV pilot only","Uncertain within pilot","Not assigned"
"GCGACCAGTAGCTGCC_LUNG_T18","P0018","LUNG_T18","tS2","Epithelial cells",0.226523380859927,"singlet",0.0424129588947953,"CNV_positive","Uncertain","Uncertain","Uncertain","inferCNV pilot only","Uncertain within pilot","Not assigned"
"GACACGCGTCGTCTTC_LUNG_T18","P0018","LUNG_T18","tS2","Epithelial cells",0.104667128660297,"singlet",0.0318904645278841,"CNV_positive","Uncertain","Uncertain","Uncertain","inferCNV pilot only","Uncertain within pilot","Not assigned"
"TCTCATATCTGCCAGG_LUNG_T18","P0018","LUNG_T18","tS2","Epithelial cells",0.243935559077865,"singlet",0.0352338440912016,"CNV_positive","Uncertain","Uncertain","Uncertain","inferCNV pilot only","Uncertain within pilot","Not assigned"
"GTAACTGGTCATACTG_LUNG_T18","P0018","LUNG_T18","tS2","Epithelial cells",0.0538157750819162,"singlet",0.0496750045410517,"CNV_positive","Uncertain","Uncertain","Uncertain","inferCNV pilot only","Uncertain within pilot","Not assigned"
"GTTACAGAGGAATGGA_LUNG_T18","P0018","LUNG_T18","tS2","Epithelial cells",0.255588956872854,"singlet",0.0430162210293969,"CNV_positive","Uncertain","Uncertain","Uncertain","inferCNV pilot only","Uncertain within pilot","Not assigned"
"CCTAAAGCATGTCGAT_LUNG_T18","P0018","LUNG_T18","tS2","Epithelial cells",0.249153120559291,"singlet",0.0312267843965185,"CNV_positive","Uncertain","Uncertain","Uncertain","inferCNV pilot only","Uncertain within pilot","Not assigned"
"TCAACGAGTTGCTCCT_LUNG_T18","P0018","LUNG_T18","tS2","Epithelial cells",0.102321102107057,"singlet",0.0371071508965523,"CNV_positive","Uncertain","Uncertain","Uncertain","inferCNV pilot only","Uncertain within pilot","Not assigned"
"ACATACGAGGGCATGT_LUNG_T18","P0018","LUNG_T18","tS2","Epithelial cells",0.0456260157484536,"singlet",0.0412804941693945,"CNV_positive","Uncertain","Uncertain","Uncertain","inferCNV pilot only","Uncertain within pilot","Not assigned"
"ACATCAGAGCCCGAAA_LUNG_T18","P0018","LUNG_T18","tS2","Epithelial cells",0.115797248341883,"singlet",0.0432445167628647,"CNV_positive","Uncertain","Uncertain","Uncertain","inferCNV pilot only","Uncertain within pilot","Not assigned"
"GACGCGTGTTAAAGAC_LUNG_T18","P0018","LUNG_T18","tS2","Epithelial cells",0.203949592080422,"singlet",0.0430210893672856,"CNV_positive","Uncertain","Uncertain","Uncertain","inferCNV pilot only","Uncertain within pilot","Not assigned"
"CTTGGCTAGTTACGGG_LUNG_T18","P0018","LUNG_T18","tS2","Epithelial cells",0.0569759710453788,"singlet",0.0456328473170356,"CNV_positive","Uncertain","Uncertain","Uncertain","inferCNV pilot only","Uncertain within pilot","Not assigned"
"CGTCCATTCGTACGGC_LUNG_T18","P0018","LUNG_T18","tS2","Epithelial cells",0.0356470929413338,"singlet",0.0394445041789775,"CNV_positive","Uncertain","Uncertain","Uncertain","inferCNV pilot only","Uncertain within pilot","Not assigned"
"GAGTCCGCATTGAGCT_LUNG_T18","P0018","LUNG_T18","tS2","Epithelial cells",0.0911753312664065,"singlet",0.0378340447313686,"CNV_positive","Uncertain","Uncertain","Uncertain","inferCNV pilot only","Uncertain within pilot","Not assigned"
"TACCTTATCCGTTGTC_LUNG_T18","P0018","LUNG_T18","tS2","Epithelial cells",0.172852661100122,"singlet",0.0435520211578279,"CNV_positive","Uncertain","Uncertain","Uncertain","inferCNV pilot only","Uncertain within pilot","Not assigned"
"TTAGGACTCCAACCAA_LUNG_T18","P0018","LUNG_T18","tS2","Epithelial cells",0.147744884851434,"singlet",0.0356306793114415,"CNV_positive","Uncertain","Uncertain","Uncertain","inferCNV pilot only","Uncertain within pilot","Not assigned"
"TAAGCGTCATGCAACT_LUNG_T18","P0018","LUNG_T18","tS2","Epithelial cells",0.0794352765952246,"singlet",0.0348496250397597,"CNV_positive","Uncertain","Uncertain","Uncertain","inferCNV pilot only","Uncertain within pilot","Not assigned"
"GTCTTCGTCTTGTCAT_LUNG_T18","P0018","LUNG_T18","tS2","Epithelial cells",0.215070666687409,"singlet",0.0346823144314938,"CNV_positive","Uncertain","Uncertain","Uncertain","inferCNV pilot only","Uncertain within pilot","Not assigned"
"TTTCCTCGTTCAACCA_LUNG_T18","P0018","LUNG_T18","tS2","Epithelial cells",0.172029415147032,"singlet",0.0367850609206658,"CNV_positive","Uncertain","Uncertain","Uncertain","inferCNV pilot only","Uncertain within pilot","Not assigned"
"GCGCCAAAGCCCAGCT_LUNG_T18","P0018","LUNG_T18","tS2","Epithelial cells",0.0573610167941935,"singlet",0.0473023015481708,"CNV_positive","Uncertain","Uncertain","Uncertain","inferCNV pilot only","Uncertain within pilot","Not assigned"
"GCGCGATGTGTAACGG_LUNG_T18","P0018","LUNG_T18","tS2","Epithelial cells",0.125244699869816,"singlet",0.0392700639287519,"CNV_positive","Uncertain","Uncertain","Uncertain","inferCNV pilot only","Uncertain within pilot","Not assigned"
"GGACAAGTCCACGACG_LUNG_T18","P0018","LUNG_T18","tS2","Epithelial cells",0.151062445897103,"singlet",0.0314147424833693,"CNV_positive","Uncertain","Uncertain","Uncertain","inferCNV pilot only","Uncertain within pilot","Not assigned"
"AAAGCAAGTTCAGCGC_LUNG_T18","P0018","LUNG_T18","tS2","Epithelial cells",0.112034320951168,"singlet",0.0455489491526312,"CNV_positive","Uncertain","Uncertain","Uncertain","inferCNV pilot only","Uncertain within pilot","Not assigned"
"CAGCTAAAGTCGCCGT_LUNG_T18","P0018","LUNG_T18","tS2","Epithelial cells",0.242210099882595,"singlet",0.0391676363423514,"CNV_positive","Uncertain","Uncertain","Uncertain","inferCNV pilot only","Uncertain within pilot","Not assigned"
"AAATGCCCAAGGACTG_LUNG_T18","P0018","LUNG_T18","tS2","Epithelial cells",0.169115379482676,"singlet",0.0435806831167385,"CNV_positive","Uncertain","Uncertain","Uncertain","inferCNV pilot only","Uncertain within pilot","Not assigned"
"TGAGGGATCACAACGT_LUNG_T18","P0018","LUNG_T18","tS2","Epithelial cells",0.102415803353599,"singlet",0.0287922263667972,"CNV_positive","Uncertain","Uncertain","Uncertain","inferCNV pilot only","Uncertain within pilot","Not assigned"
"GTGTGCGGTAGTACCT_LUNG_T18","P0018","LUNG_T18","tS2","Epithelial cells",0.0683083995866775,"singlet",0.0260257749849796,"CNV_positive","Uncertain","Uncertain","Uncertain","inferCNV pilot only","Uncertain within pilot","Not assigned"
"CACTCCAGTCTAGTGT_LUNG_T18","P0018","LUNG_T18","tS2","Epithelial cells",0.0268716853696514,"singlet",0.0410322740540164,"CNV_positive","Uncertain","Uncertain","Uncertain","inferCNV pilot only","Uncertain within pilot","Not assigned"
"CGTCACTTCCCTAATT_LUNG_T18","P0018","LUNG_T18","tS2","Epithelial cells",0.0113636363636364,"singlet",0.0332872462690625,"CNV_positive","Uncertain","Uncertain","Uncertain","inferCNV pilot only","Uncertain within pilot","Not assigned"
"CTGTGCTGTACAGACG_LUNG_T18","P0018","LUNG_T18","tS2","Epithelial cells",0.0588727816597209,"singlet",0.0454307370792975,"CNV_positive","Uncertain","Uncertain","Uncertain","inferCNV pilot only","Uncertain within pilot","Not assigned"
"TACTCGCGTCCCTACT_LUNG_T18","P0018","LUNG_T18","tS2","Epithelial cells",0.218053404720788,"singlet",0.0402145436107739,"CNV_positive","Uncertain","Uncertain","Uncertain","inferCNV pilot only","Uncertain within pilot","Not assigned"
"TGCGGGTAGTATGACA_LUNG_T18","P0018","LUNG_T18","tS2","Epithelial cells",0.150171093522879,"singlet",0.0301389533323043,"CNV_positive","Uncertain","Uncertain","Uncertain","inferCNV pilot only","Uncertain within pilot","Not assigned"
"TAAACCGGTACGAAAT_LUNG_T18","P0018","LUNG_T18","tS2","Epithelial cells",0.127649910686369,"singlet",0.0343678451942487,"CNV_positive","Uncertain","Uncertain","Uncertain","inferCNV pilot only","Uncertain within pilot","Not assigned"
"ACATGGTAGAGGTTAT_LUNG_T18","P0018","LUNG_T18","tS2","Epithelial cells",0.11427235325375,"singlet",0.0489802433178017,"CNV_positive","Uncertain","Uncertain","Uncertain","inferCNV pilot only","Uncertain within pilot","Not assigned"
"TAAGCGTAGAGAGCTC_LUNG_T18","P0018","LUNG_T18","tS2","Epithelial cells",0.215320793065785,"singlet",0.0362233479772516,"CNV_positive","Uncertain","Uncertain","Uncertain","inferCNV pilot only","Uncertain within pilot","Not assigned"
"TTAGGCATCCATGAAC_LUNG_T18","P0018","LUNG_T18","tS2","Epithelial cells",0.102305411772512,"singlet",0.0335812869953014,"CNV_positive","Uncertain","Uncertain","Uncertain","inferCNV pilot only","Uncertain within pilot","Not assigned"
"CAGAATCTCAACGCTA_LUNG_T18","P0018","LUNG_T18","tS2","Epithelial cells",0.0921945209055268,"singlet",0.0428622552780186,"CNV_positive","Uncertain","Uncertain","Uncertain","inferCNV pilot only","Uncertain within pilot","Not assigned"
"CTACCCATCAGAGCTT_LUNG_T18","P0018","LUNG_T18","tS2","Epithelial cells",0.102276726329668,"singlet",0.0393188774881862,"CNV_positive","Uncertain","Uncertain","Uncertain","inferCNV pilot only","Uncertain within pilot","Not assigned"
"TCTTCGGGTACTCTCC_LUNG_T19","P0019","LUNG_T19","tS2","Epithelial cells",0.0319777124496437,"singlet",0.0407185565954639,"CNV_positive","Uncertain","Uncertain","Uncertain","inferCNV pilot only","Uncertain within pilot","Not assigned"
"CAAGTTGGTCTGATTG_LUNG_T19","P0019","LUNG_T19","tS2","Epithelial cells",0.188464062889532,"singlet",0.0339605800796006,"CNV_positive","Uncertain","Uncertain","Uncertain","inferCNV pilot only","Uncertain within pilot","Not assigned"
"ACGCCAGTCTCAAACG_LUNG_T19","P0019","LUNG_T19","tS2","Epithelial cells",0.0378433170999634,"singlet",0.0425531821313485,"CNV_positive","Uncertain","Uncertain","Uncertain","inferCNV pilot only","Uncertain within pilot","Not assigned"
"TCACGAAAGGTCGGAT_LUNG_T19","P0019","LUNG_T19","tS2","Epithelial cells",0.101213497568143,"singlet",0.0494380350220309,"CNV_positive","Uncertain","Uncertain","Uncertain","inferCNV pilot only","Uncertain within pilot","Not assigned"
"GGTGAAGCACCGGAAA_LUNG_T19","P0019","LUNG_T19","tS2","Epithelial cells",0.283215522933627,"singlet",0.0559553940054357,"CNV_positive","Uncertain","Uncertain","Uncertain","inferCNV pilot only","Uncertain within pilot","Not assigned"
"GTTAAGCTCACTCTTA_LUNG_T19","P0019","LUNG_T19","tS2","Epithelial cells",0.00786974916380692,"singlet",0.0368595523460342,"CNV_positive","Uncertain","Uncertain","Uncertain","inferCNV pilot only","Uncertain within pilot","Not assigned"
"CACACCTGTGATGATA_LUNG_T19","P0019","LUNG_T19","tS2","Epithelial cells",0.00384106977233195,"singlet",0.0315281914687038,"CNV_positive","Uncertain","Uncertain","Uncertain","inferCNV pilot only","Uncertain within pilot","Not assigned"
"ATAGACCGTTTGTTGG_LUNG_T19","P0019","LUNG_T19","tS2","Epithelial cells",0.0818298656926609,"singlet",0.0402107760638784,"CNV_positive","Uncertain","Uncertain","Uncertain","inferCNV pilot only","Uncertain within pilot","Not assigned"
"TACAGTGAGCTAGCCC_LUNG_T19","P0019","LUNG_T19","tS2","Epithelial cells",0.26834673454264,"singlet",0.0342675923101391,"CNV_positive","Uncertain","Uncertain","Uncertain","inferCNV pilot only","Uncertain within pilot","Not assigned"
"TTCTCAACATGACATC_LUNG_T19","P0019","LUNG_T19","tS2","Epithelial cells",0.0106862072060955,"singlet",0.0367974997461658,"CNV_positive","Uncertain","Uncertain","Uncertain","inferCNV pilot only","Uncertain within pilot","Not assigned"
"TTGCGTCGTGATAAGT_LUNG_T19","P0019","LUNG_T19","tS2","Epithelial cells",0.0323878876815994,"singlet",0.0401995753071041,"CNV_positive","Uncertain","Uncertain","Uncertain","inferCNV pilot only","Uncertain within pilot","Not assigned"
"AGGTCATCATGCTAGT_LUNG_T19","P0019","LUNG_T19","tS2","Epithelial cells",0.0330533606349192,"singlet",0.0444471309885431,"CNV_positive","Uncertain","Uncertain","Uncertain","inferCNV pilot only","Uncertain within pilot","Not assigned"
"TTATGCTCAGGCGATA_LUNG_T19","P0019","LUNG_T19","tS2","Epithelial cells",0.058843168015893,"singlet",0.0463340397868348,"CNV_positive","Uncertain","Uncertain","Uncertain","inferCNV pilot only","Uncertain within pilot","Not assigned"
"AGTGTCACACATTTCT_LUNG_T19","P0019","LUNG_T19","tS2","Epithelial cells",0.281912835092891,"singlet",0.0379285807702415,"CNV_positive","Uncertain","Uncertain","Uncertain","inferCNV pilot only","Uncertain within pilot","Not assigned"
"ATTGGTGCACGAAAGC_LUNG_T19","P0019","LUNG_T19","tS2","Epithelial cells",0.479369407249246,"doublet",0.0343881665536365,"CNV_positive","Uncertain","Uncertain","Uncertain","inferCNV pilot only","Uncertain within pilot","Not assigned"
"AAACCTGCATCTCCCA_LUNG_T19","P0019","LUNG_T19","tS2","Epithelial cells",0.229125177215998,"singlet",0.0376972448991027,"CNV_positive","Uncertain","Uncertain","Uncertain","inferCNV pilot only","Uncertain within pilot","Not assigned"
"TACACGACATGTAAGA_LUNG_T19","P0019","LUNG_T19","tS2","Epithelial cells",0.180850465278527,"singlet",0.0297493889222834,"CNV_positive","Uncertain","Uncertain","Uncertain","inferCNV pilot only","Uncertain within pilot","Not assigned"
"TCTCATACATCGGGTC_LUNG_T19","P0019","LUNG_T19","tS2","Epithelial cells",0.276625470007554,"singlet",0.018469350643069,"CNV_negative","Uncertain","Uncertain","Uncertain","inferCNV pilot only","Uncertain within pilot","Not assigned"
"GGTGAAGGTCGCCATG_LUNG_T19","P0019","LUNG_T19","tS2","Epithelial cells",0.0633342344176178,"singlet",0.0388711559041166,"CNV_positive","Uncertain","Uncertain","Uncertain","inferCNV pilot only","Uncertain within pilot","Not assigned"
"TGCACCTGTGTTTGTG_LUNG_T19","P0019","LUNG_T19","tS2","Epithelial cells",0.0165092275212649,"singlet",0.0383829429553695,"CNV_positive","Uncertain","Uncertain","Uncertain","inferCNV pilot only","Uncertain within pilot","Not assigned"
"AGGTCATGTAATCACC_LUNG_T19","P0019","LUNG_T19","tS2","Epithelial cells",0.118447689157682,"singlet",0.0292548670802263,"CNV_positive","Uncertain","Uncertain","Uncertain","inferCNV pilot only","Uncertain within pilot","Not assigned"
"AGTGTCATCGAGAACG_LUNG_T19","P0019","LUNG_T19","tS2","Epithelial cells",0.0526567923784097,"singlet",0.0323044577128971,"CNV_positive","Uncertain","Uncertain","Uncertain","inferCNV pilot only","Uncertain within pilot","Not assigned"
"CAGCAGCAGCCGTCGT_LUNG_T19","P0019","LUNG_T19","tS2","Epithelial cells",0.0153503044634021,"singlet",0.0313831445078837,"CNV_positive","Uncertain","Uncertain","Uncertain","inferCNV pilot only","Uncertain within pilot","Not assigned"
"TGGCTGGCAACTGCTA_LUNG_T19","P0019","LUNG_T19","tS2","Epithelial cells",0.1341027549024,"singlet",0.0355404449270501,"CNV_positive","Uncertain","Uncertain","Uncertain","inferCNV pilot only","Uncertain within pilot","Not assigned"
"TTGAACGAGATGTTAG_LUNG_T19","P0019","LUNG_T19","tS2","Epithelial cells",0.0664269274205526,"singlet",0.0401281587674745,"CNV_positive","Uncertain","Uncertain","Uncertain","inferCNV pilot only","Uncertain within pilot","Not assigned"
"TGATTTCAGTGCCAGA_LUNG_T20","P0020","LUNG_T20","tS2","Epithelial cells",0.089881904410405,"singlet",0.0351774754724166,"CNV_positive","Uncertain","Uncertain","Uncertain","inferCNV pilot only","Uncertain within pilot","Not assigned"
"GAACCTATCTTCGGTC_LUNG_T20","P0020","LUNG_T20","tS2","Epithelial cells",0.0898022994932759,"singlet",0.0406074628081793,"CNV_positive","Uncertain","Uncertain","Uncertain","inferCNV pilot only","Uncertain within pilot","Not assigned"
"CCTTCGATCAGTCCCT_LUNG_T20","P0020","LUNG_T20","tS2","Epithelial cells",0.111555626408792,"singlet",0.0288336869195736,"CNV_positive","Uncertain","Uncertain","Uncertain","inferCNV pilot only","Uncertain within pilot","Not assigned"
"CCTATTACAAGCGCTC_LUNG_T20","P0020","LUNG_T20","tS2","Epithelial cells",0.0444852745666648,"singlet",0.026120653322124,"CNV_positive","Uncertain","Uncertain","Uncertain","inferCNV pilot only","Uncertain within pilot","Not assigned"
"TCAGCAACAAGTCATC_LUNG_T20","P0020","LUNG_T20","tS2","Epithelial cells",0.145590403190367,"singlet",0.0281765809856425,"CNV_positive","Uncertain","Uncertain","Uncertain","inferCNV pilot only","Uncertain within pilot","Not assigned"
"CTTAGGATCACTTCAT_LUNG_T20","P0020","LUNG_T20","tS2","Epithelial cells",0.171080161407429,"singlet",0.0364177039310375,"CNV_positive","Uncertain","Uncertain","Uncertain","inferCNV pilot only","Uncertain within pilot","Not assigned"
"TAGTGGTGTCTAGTGT_LUNG_T20","P0020","LUNG_T20","tS2","Epithelial cells",0.441174367044806,"doublet",0.0374360376777402,"CNV_positive","Uncertain","Uncertain","Uncertain","inferCNV pilot only","Uncertain within pilot","Not assigned"
"CGTGTCTGTGATAAGT_LUNG_T20","P0020","LUNG_T20","tS2","Epithelial cells",0.0787155332030214,"singlet",0.0397725353864078,"CNV_positive","Uncertain","Uncertain","Uncertain","inferCNV pilot only","Uncertain within pilot","Not assigned"
"TTCTTAGAGTGCCAGA_LUNG_T20","P0020","LUNG_T20","tS2","Epithelial cells",0.163792205683629,"singlet",0.0322727970480556,"CNV_positive","Uncertain","Uncertain","Uncertain","inferCNV pilot only","Uncertain within pilot","Not assigned"
"AAGGCAGGTTTACTCT_LUNG_T20","P0020","LUNG_T20","tS2","Epithelial cells",0.256181357656627,"singlet",0.0250680771476186,"CNV_positive","Uncertain","Uncertain","Uncertain","inferCNV pilot only","Uncertain within pilot","Not assigned"
"TTAGTTCAGAAGGTTT_LUNG_T20","P0020","LUNG_T20","tS2","Epithelial cells",0.277886099009486,"singlet",0.0183530445328754,"CNV_negative","Uncertain","Uncertain","Uncertain","inferCNV pilot only","Uncertain within pilot","Not assigned"
"CCATGTCTCGGCGGTT_LUNG_T20","P0020","LUNG_T20","tS2","Epithelial cells",0.0458841892675302,"singlet",0.0372383875122832,"CNV_positive","Uncertain","Uncertain","Uncertain","inferCNV pilot only","Uncertain within pilot","Not assigned"
"ACGTCAACAGTAAGCG_LUNG_T20","P0020","LUNG_T20","tS2","Epithelial cells",0.0449969172806934,"singlet",0.041818275267579,"CNV_positive","Uncertain","Uncertain","Uncertain","inferCNV pilot only","Uncertain within pilot","Not assigned"
"ATCTGCCTCACATGCA_LUNG_T20","P0020","LUNG_T20","tS2","Epithelial cells",0.1549300785455,"singlet",0.0386028684060028,"CNV_positive","Uncertain","Uncertain","Uncertain","inferCNV pilot only","Uncertain within pilot","Not assigned"
"TTCTACATCGCAAACT_LUNG_T20","P0020","LUNG_T20","tS2","Epithelial cells",0.0333661834840016,"singlet",0.0187793541095854,"CNV_negative","Uncertain","Uncertain","Uncertain","inferCNV pilot only","Uncertain within pilot","Not assigned"
"GTATCTTAGGGTCTCC_LUNG_T20","P0020","LUNG_T20","tS2","Epithelial cells",0.155133297554107,"singlet",0.0427576896458491,"CNV_positive","Uncertain","Uncertain","Uncertain","inferCNV pilot only","Uncertain within pilot","Not assigned"
"GTCACAAGTCTCCCTA_LUNG_T20","P0020","LUNG_T20","tS2","Epithelial cells",0.171642491561416,"singlet",0.0262766324331903,"CNV_positive","Uncertain","Uncertain","Uncertain","inferCNV pilot only","Uncertain within pilot","Not assigned"
"CTTCTCTAGTCAAGCG_LUNG_T20","P0020","LUNG_T20","tS2","Epithelial cells",0.0660398824587664,"singlet",0.0376158541971866,"CNV_positive","Uncertain","Uncertain","Uncertain","inferCNV pilot only","Uncertain within pilot","Not assigned"
"TGAAAGACATGCAACT_LUNG_T20","P0020","LUNG_T20","tS2","Epithelial cells",0.424435436380112,"doublet",0.0371246970461544,"CNV_positive","Uncertain","Uncertain","Uncertain","inferCNV pilot only","Uncertain within pilot","Not assigned"
"GTCGTAAAGCGATCCC_LUNG_T20","P0020","LUNG_T20","tS2","Epithelial cells",0.0444445586839453,"singlet",0.0294174251997468,"CNV_positive","Uncertain","Uncertain","Uncertain","inferCNV pilot only","Uncertain within pilot","Not assigned"
"TATCTCACAATAGCAA_LUNG_T20","P0020","LUNG_T20","tS2","Epithelial cells",0.0560448066134931,"singlet",0.0305373901615243,"CNV_positive","Uncertain","Uncertain","Uncertain","inferCNV pilot only","Uncertain within pilot","Not assigned"
"GACCAATCAATAGAGT_LUNG_T20","P0020","LUNG_T20","tS2","Epithelial cells",0.042194213992613,"singlet",0.0287372215258242,"CNV_positive","Uncertain","Uncertain","Uncertain","inferCNV pilot only","Uncertain within pilot","Not assigned"
"CAGCATACAAGGGTCA_LUNG_T20","P0020","LUNG_T20","tS2","Epithelial cells",0.233441240613407,"singlet",0.0183416877204595,"CNV_negative","Uncertain","Uncertain","Uncertain","inferCNV pilot only","Uncertain within pilot","Not assigned"
"ATTTCTGGTCGGCACT_LUNG_T20","P0020","LUNG_T20","tS2","Epithelial cells",0.0333333333333333,"singlet",0.0451478693976545,"CNV_positive","Uncertain","Uncertain","Uncertain","inferCNV pilot only","Uncertain within pilot","Not assigned"
"GTAACTGTCGTTGCCT_LUNG_T20","P0020","LUNG_T20","tS2","Epithelial cells",0.256187322880442,"singlet",0.0390806059895141,"CNV_positive","Uncertain","Uncertain","Uncertain","inferCNV pilot only","Uncertain within pilot","Not assigned"
"GCACATAGTCGGCTCA_LUNG_T20","P0020","LUNG_T20","tS2","Epithelial cells",0.0456646464923693,"singlet",0.0282706706323745,"CNV_positive","Uncertain","Uncertain","Uncertain","inferCNV pilot only","Uncertain within pilot","Not assigned"
"CCCATACCACTACAGT_LUNG_T20","P0020","LUNG_T20","tS2","Epithelial cells",0.13335790808785,"singlet",0.0254753802470801,"CNV_positive","Uncertain","Uncertain","Uncertain","inferCNV pilot only","Uncertain within pilot","Not assigned"
"ACCAGTACACGAAACG_LUNG_T20","P0020","LUNG_T20","tS2","Epithelial cells",0.0350681676439946,"singlet",0.0395226308930499,"CNV_positive","Uncertain","Uncertain","Uncertain","inferCNV pilot only","Uncertain within pilot","Not assigned"
"AATCCAGAGTAGCGGT_LUNG_T20","P0020","LUNG_T20","tS2","Epithelial cells",0.186933478914754,"singlet",0.0337230075386391,"CNV_positive","Uncertain","Uncertain","Uncertain","inferCNV pilot only","Uncertain within pilot","Not assigned"
"AAAGCAAGTCCTGCTT_LUNG_T20","P0020","LUNG_T20","tS2","Epithelial cells",0.193184970047567,"singlet",0.00925154147326147,"CNV_negative","Uncertain","Uncertain","Uncertain","inferCNV pilot only","Uncertain within pilot","Not assigned"
"ATAACGCCACATTCGA_LUNG_T20","P0020","LUNG_T20","tS2","Epithelial cells",0.0634998777825039,"singlet",0.0307023039444582,"CNV_positive","Uncertain","Uncertain","Uncertain","inferCNV pilot only","Uncertain within pilot","Not assigned"
"ACTTACTGTGCACGAA_LUNG_T20","P0020","LUNG_T20","tS2","Epithelial cells",0.0405279657210949,"singlet",0.0273554408614022,"CNV_positive","Uncertain","Uncertain","Uncertain","inferCNV pilot only","Uncertain within pilot","Not assigned"
"GGACAGAGTAGCACGA_LUNG_T20","P0020","LUNG_T20","tS2","Epithelial cells",0.29114876333543,"singlet",0.0328642309754953,"CNV_positive","Uncertain","Uncertain","Uncertain","inferCNV pilot only","Uncertain within pilot","Not assigned"
"ATCTGCCGTGTCTGAT_LUNG_T20","P0020","LUNG_T20","tS2","Epithelial cells",0.0471835649333049,"singlet",0.0367232029516724,"CNV_positive","Uncertain","Uncertain","Uncertain","inferCNV pilot only","Uncertain within pilot","Not assigned"
"AGTGAGGGTTACTGAC_LUNG_T20","P0020","LUNG_T20","tS2","Epithelial cells",0.140639644144949,"singlet",0.0312043635190737,"CNV_positive","Uncertain","Uncertain","Uncertain","inferCNV pilot only","Uncertain within pilot","Not assigned"
"CCAATCCCACTGAAGG_LUNG_T20","P0020","LUNG_T20","tS2","Epithelial cells",0.067147151897476,"singlet",0.028695914279179,"CNV_positive","Uncertain","Uncertain","Uncertain","inferCNV pilot only","Uncertain within pilot","Not assigned"
"TGTCCCAGTTAAAGAC_LUNG_T20","P0020","LUNG_T20","tS2","Epithelial cells",0.15217495376526,"singlet",0.0287115302048317,"CNV_positive","Uncertain","Uncertain","Uncertain","inferCNV pilot only","Uncertain within pilot","Not assigned"
"GACGTTATCGTTACGA_LUNG_T20","P0020","LUNG_T20","tS2","Epithelial cells",0.0616436142906149,"singlet",0.0326557161075982,"CNV_positive","Uncertain","Uncertain","Uncertain","inferCNV pilot only","Uncertain within pilot","Not assigned"
"TGAAAGAGTTAGAACA_LUNG_T20","P0020","LUNG_T20","tS2","Epithelial cells",0.15634313985873,"singlet",0.0354617043948966,"CNV_positive","Uncertain","Uncertain","Uncertain","inferCNV pilot only","Uncertain within pilot","Not assigned"
"GGGCATCCAGCTGTGC_LUNG_T20","P0020","LUNG_T20","tS2","Epithelial cells",0.0309391978381443,"singlet",0.0391304913322636,"CNV_positive","Uncertain","Uncertain","Uncertain","inferCNV pilot only","Uncertain within pilot","Not assigned"
"ACTGAGTCACGAAATA_LUNG_T20","P0020","LUNG_T20","tS2","Epithelial cells",0.0243725459787045,"singlet",0.03689915094584,"CNV_positive","Uncertain","Uncertain","Uncertain","inferCNV pilot only","Uncertain within pilot","Not assigned"
"TTAGGCAGTGTCAATC_LUNG_T20","P0020","LUNG_T20","tS2","Epithelial cells",0.0678946662083563,"singlet",0.0347942405129261,"CNV_positive","Uncertain","Uncertain","Uncertain","inferCNV pilot only","Uncertain within pilot","Not assigned"
"CCAGCGAGTCAAGCGA_LUNG_T20","P0020","LUNG_T20","tS2","Epithelial cells",0.141153986850673,"singlet",0.0276969214827834,"CNV_positive","Uncertain","Uncertain","Uncertain","inferCNV pilot only","Uncertain within pilot","Not assigned"
"GTCTCGTGTAGAAAGG_LUNG_T20","P0020","LUNG_T20","tS2","Epithelial cells",0.133333497431595,"singlet",0.023336533822558,"CNV_uncertain","Uncertain","Uncertain","Uncertain","inferCNV pilot only","Uncertain within pilot","Not assigned"
"CATTATCGTTACAGAA_LUNG_T20","P0020","LUNG_T20","tS2","Epithelial cells",0.131459301863865,"singlet",0.0288807150739785,"CNV_positive","Uncertain","Uncertain","Uncertain","inferCNV pilot only","Uncertain within pilot","Not assigned"
"AACCGCGAGTGGAGTC_LUNG_T20","P0020","LUNG_T20","tS2","Epithelial cells",0.0333478641876398,"singlet",0.0361481647825187,"CNV_positive","Uncertain","Uncertain","Uncertain","inferCNV pilot only","Uncertain within pilot","Not assigned"
"TTTATGCGTACATGTC_LUNG_T20","P0020","LUNG_T20","tS2","Epithelial cells",0.0664115064452594,"singlet",0.036926885866349,"CNV_positive","Uncertain","Uncertain","Uncertain","inferCNV pilot only","Uncertain within pilot","Not assigned"
"GCAGTTACAATCGGTT_LUNG_T20","P0020","LUNG_T20","tS2","Epithelial cells",0.0556331698100599,"singlet",0.027780183443112,"CNV_positive","Uncertain","Uncertain","Uncertain","inferCNV pilot only","Uncertain within pilot","Not assigned"
"GGCTGGTGTGATGATA_LUNG_T20","P0020","LUNG_T20","tS2","Epithelial cells",0.111506881653006,"singlet",0.0312067597775252,"CNV_positive","Uncertain","Uncertain","Uncertain","inferCNV pilot only","Uncertain within pilot","Not assigned"
"AGAATAGCAGTCCTTC_LUNG_T20","P0020","LUNG_T20","tS2","Epithelial cells",0.460996237859686,"doublet",0.0210989412334636,"CNV_uncertain","Uncertain","Uncertain","Uncertain","inferCNV pilot only","Uncertain within pilot","Not assigned"
"GACTACAGTTAAAGAC_LUNG_T25","P0025","LUNG_T25","tS2","Epithelial cells",0.359344449301242,"singlet",0.0200189968048127,"CNV_negative","Uncertain","Uncertain","Uncertain","inferCNV pilot only","Uncertain within pilot","Not assigned"
"GGGTCTGAGATCGATA_LUNG_T25","P0025","LUNG_T25","tS2","Epithelial cells",0.24557621533418,"singlet",0.0254308922733591,"CNV_positive","Uncertain","Uncertain","Uncertain","inferCNV pilot only","Uncertain within pilot","Not assigned"
"AGAGCTTTCCTAGGGC_LUNG_T25","P0025","LUNG_T25","tS2","Epithelial cells",0.0967199196966106,"singlet",0.0216384647452174,"CNV_uncertain","Uncertain","Uncertain","Uncertain","inferCNV pilot only","Uncertain within pilot","Not assigned"
"TTTCCTCCAGTCAGAG_LUNG_T25","P0025","LUNG_T25","tS2","Epithelial cells",0.0727336375195396,"singlet",0.0239250157904012,"CNV_positive","Uncertain","Uncertain","Uncertain","inferCNV pilot only","Uncertain within pilot","Not assigned"
"TGACAACCAAGTTCTG_LUNG_T25","P0025","LUNG_T25","tS2","Epithelial cells",0.0990025141369255,"singlet",0.0264096181312753,"CNV_positive","Uncertain","Uncertain","Uncertain","inferCNV pilot only","Uncertain within pilot","Not assigned"
"ATGTGTGTCGGCATCG_LUNG_T25","P0025","LUNG_T25","tS2","Epithelial cells",0.397861911073471,"singlet",0.0186196511021354,"CNV_negative","Uncertain","Uncertain","Uncertain","inferCNV pilot only","Uncertain within pilot","Not assigned"
"GTATCTTCACCTCGTT_LUNG_T25","P0025","LUNG_T25","tS2","Epithelial cells",0.132692536969806,"singlet",0.0296246984154124,"CNV_positive","Uncertain","Uncertain","Uncertain","inferCNV pilot only","Uncertain within pilot","Not assigned"
"CTGGTCTTCTTGAGAC_LUNG_T25","P0025","LUNG_T25","tS2","Epithelial cells",0.307438951678598,"singlet",0.0142336723771723,"CNV_negative","Uncertain","Uncertain","Uncertain","inferCNV pilot only","Uncertain within pilot","Not assigned"
"GAACGGATCATCATTC_LUNG_T25","P0025","LUNG_T25","tS2","Epithelial cells",0.0677736652686077,"singlet",0.0245822658026437,"CNV_positive","Uncertain","Uncertain","Uncertain","inferCNV pilot only","Uncertain within pilot","Not assigned"
"GGTGCGTAGGAATTAC_LUNG_T25","P0025","LUNG_T25","tS2","Epithelial cells",0.18189627518533,"singlet",0.0180736995436893,"CNV_negative","Uncertain","Uncertain","Uncertain","inferCNV pilot only","Uncertain within pilot","Not assigned"
"TACAGTGCATTCCTCG_LUNG_T25","P0025","LUNG_T25","tS2","Epithelial cells",0.288795779990842,"singlet",0.0152369287030455,"CNV_negative","Uncertain","Uncertain","Uncertain","inferCNV pilot only","Uncertain within pilot","Not assigned"
"ACGGAGAGTCGTGGCT_LUNG_T25","P0025","LUNG_T25","tS2","Epithelial cells",0.241613743744575,"singlet",0.0180275992884964,"CNV_negative","Uncertain","Uncertain","Uncertain","inferCNV pilot only","Uncertain within pilot","Not assigned"
"TGCTACCTCCTTAATC_LUNG_T25","P0025","LUNG_T25","tS2","Epithelial cells",0.226136444251073,"singlet",0.0168662452696092,"CNV_negative","Uncertain","Uncertain","Uncertain","inferCNV pilot only","Uncertain within pilot","Not assigned"
"CGTAGGCCAGTCAGAG_LUNG_T25","P0025","LUNG_T25","tS2","Epithelial cells",0.0741117877296548,"singlet",0.0215618596194852,"CNV_uncertain","Uncertain","Uncertain","Uncertain","inferCNV pilot only","Uncertain within pilot","Not assigned"
"CCACGGAAGAGAGCTC_LUNG_T25","P0025","LUNG_T25","tS2","Epithelial cells",0.0748717776042497,"singlet",0.0243550394237048,"CNV_positive","Uncertain","Uncertain","Uncertain","inferCNV pilot only","Uncertain within pilot","Not assigned"
"GGGTCTGCAATCTGCA_LUNG_T25","P0025","LUNG_T25","tS2","Epithelial cells",0.0324759749061163,"singlet",0.0226122248120759,"CNV_uncertain","Uncertain","Uncertain","Uncertain","inferCNV pilot only","Uncertain within pilot","Not assigned"
"GCCTCTACACGCATCG_LUNG_T25","P0025","LUNG_T25","tS2","Epithelial cells",0.120444554454456,"singlet",0.0153044342187539,"CNV_negative","Uncertain","Uncertain","Uncertain","inferCNV pilot only","Uncertain within pilot","Not assigned"
"AGGGAGTTCAGAAATG_LUNG_T25","P0025","LUNG_T25","tS2","Epithelial cells",0.410355543686393,"doublet",0.0164916731048115,"CNV_negative","Uncertain","Uncertain","Uncertain","inferCNV pilot only","Uncertain within pilot","Not assigned"
"CAGTCCTCATCTCGCT_LUNG_T25","P0025","LUNG_T25","tS2","Epithelial cells",0.116923977103586,"singlet",0.015637228510172,"CNV_negative","Uncertain","Uncertain","Uncertain","inferCNV pilot only","Uncertain within pilot","Not assigned"
"AGATCTGCAATGGACG_LUNG_T25","P0025","LUNG_T25","tS2","Epithelial cells",0.239770494739119,"singlet",0.025679421574549,"CNV_positive","Uncertain","Uncertain","Uncertain","inferCNV pilot only","Uncertain within pilot","Not assigned"
"GGCGTGTTCTGCTTGC_LUNG_T25","P0025","LUNG_T25","tS2","Epithelial cells",0.130177969014029,"singlet",0.0192369655942419,"CNV_negative","Uncertain","Uncertain","Uncertain","inferCNV pilot only","Uncertain within pilot","Not assigned"
"AGGGATGAGATCCCGC_LUNG_T25","P0025","LUNG_T25","tS2","Epithelial cells",0.190531006724348,"singlet",0.0195205057423714,"CNV_negative","Uncertain","Uncertain","Uncertain","inferCNV pilot only","Uncertain within pilot","Not assigned"
"TGACGGCGTCTTCTCG_LUNG_T25","P0025","LUNG_T25","tS2","Epithelial cells",0.0757452674901455,"singlet",0.0227545845455519,"CNV_uncertain","Uncertain","Uncertain","Uncertain","inferCNV pilot only","Uncertain within pilot","Not assigned"
"CTGAAGTGTGCCTGGT_LUNG_T25","P0025","LUNG_T25","tS2","Epithelial cells",0.568997804338293,"doublet",0.0194921286341879,"CNV_negative","Uncertain","Uncertain","Uncertain","inferCNV pilot only","Uncertain within pilot","Not assigned"
"GTGCATATCAGTTGAC_LUNG_T25","P0025","LUNG_T25","tS2","Epithelial cells",0.11765232716889,"singlet",0.0239917043457684,"CNV_positive","Uncertain","Uncertain","Uncertain","inferCNV pilot only","Uncertain within pilot","Not assigned"
"GGGAGATGTCGGGTCT_LUNG_T28","P0028","LUNG_T28","tS2","Epithelial cells",0.291333707243253,"singlet",0.0455069259737808,"CNV_positive","Uncertain","Uncertain","Uncertain","inferCNV pilot only","Uncertain within pilot","Not assigned"
"GCTCTGTGTTGTGGCC_LUNG_T28","P0028","LUNG_T28","tS2","Epithelial cells",0.153210374551225,"singlet",0.0368792735005622,"CNV_positive","Uncertain","Uncertain","Uncertain","inferCNV pilot only","Uncertain within pilot","Not assigned"
"CGAACATCATTAACCG_LUNG_T28","P0028","LUNG_T28","tS2","Epithelial cells",0.0615745004674909,"singlet",0.032263005493667,"CNV_positive","Uncertain","Uncertain","Uncertain","inferCNV pilot only","Uncertain within pilot","Not assigned"
"AAGTCTGTCTCGATGA_LUNG_T28","P0028","LUNG_T28","tS2","Epithelial cells",0.30669837408995,"singlet",0.0387065242890091,"CNV_positive","Uncertain","Uncertain","Uncertain","inferCNV pilot only","Uncertain within pilot","Not assigned"
"TTAACTCTCAGCTGGC_LUNG_T28","P0028","LUNG_T28","tS2","Epithelial cells",0.451423286885962,"doublet",0.0342695881335287,"CNV_positive","Uncertain","Uncertain","Uncertain","inferCNV pilot only","Uncertain within pilot","Not assigned"
"TGGGCGTGTAGAGTGC_LUNG_T28","P0028","LUNG_T28","tS2","Epithelial cells",0.193268188719289,"singlet",0.0283018334763547,"CNV_positive","Uncertain","Uncertain","Uncertain","inferCNV pilot only","Uncertain within pilot","Not assigned"
"GGCTGGTAGAATTGTG_LUNG_T28","P0028","LUNG_T28","tS2","Epithelial cells",0.0419632072073792,"singlet",0.0284041727781783,"CNV_positive","Uncertain","Uncertain","Uncertain","inferCNV pilot only","Uncertain within pilot","Not assigned"
"ACGGCCAGTACTTGAC_LUNG_T28","P0028","LUNG_T28","tS2","Epithelial cells",0.0794134418890414,"singlet",0.0291883363904403,"CNV_positive","Uncertain","Uncertain","Uncertain","inferCNV pilot only","Uncertain within pilot","Not assigned"
"GGACGTCCACATGACT_LUNG_T28","P0028","LUNG_T28","tS2","Epithelial cells",0.202786415071097,"singlet",0.033491763396728,"CNV_positive","Uncertain","Uncertain","Uncertain","inferCNV pilot only","Uncertain within pilot","Not assigned"
"GGACATTAGCTCAACT_LUNG_T28","P0028","LUNG_T28","tS2","Epithelial cells",0.172276429046416,"singlet",0.0398116309134414,"CNV_positive","Uncertain","Uncertain","Uncertain","inferCNV pilot only","Uncertain within pilot","Not assigned"
"AGTAGTCCAGTCAGAG_LUNG_T28","P0028","LUNG_T28","tS2","Epithelial cells",0.149269751109485,"singlet",0.0379643789308481,"CNV_positive","Uncertain","Uncertain","Uncertain","inferCNV pilot only","Uncertain within pilot","Not assigned"
"TACGGTAAGATGCGAC_LUNG_T28","P0028","LUNG_T28","tS2","Epithelial cells",0.26910718648467,"singlet",0.0344248967812047,"CNV_positive","Uncertain","Uncertain","Uncertain","inferCNV pilot only","Uncertain within pilot","Not assigned"
"GTCCTCATCAGAGGTG_LUNG_T28","P0028","LUNG_T28","tS2","Epithelial cells",0.091999107834688,"singlet",0.036877919553774,"CNV_positive","Uncertain","Uncertain","Uncertain","inferCNV pilot only","Uncertain within pilot","Not assigned"
"GCTTGAAGTCGCGTGT_LUNG_T28","P0028","LUNG_T28","tS2","Epithelial cells",0.117232127411171,"singlet",0.0362828067171376,"CNV_positive","Uncertain","Uncertain","Uncertain","inferCNV pilot only","Uncertain within pilot","Not assigned"
"CCACGGATCTGTTGAG_LUNG_T28","P0028","LUNG_T28","tS2","Epithelial cells",0.106560279308029,"singlet",0.0438505641053087,"CNV_positive","Uncertain","Uncertain","Uncertain","inferCNV pilot only","Uncertain within pilot","Not assigned"
"GTTCATTCACCAGGCT_LUNG_T28","P0028","LUNG_T28","tS2","Epithelial cells",0.187349362504644,"singlet",0.0412221354129203,"CNV_positive","Uncertain","Uncertain","Uncertain","inferCNV pilot only","Uncertain within pilot","Not assigned"
"TATCTCATCATCGCTC_LUNG_T28","P0028","LUNG_T28","tS2","Epithelial cells",0.103602315653895,"singlet",0.0348101288952087,"CNV_positive","Uncertain","Uncertain","Uncertain","inferCNV pilot only","Uncertain within pilot","Not assigned"
"AGCTCTCAGGCTAGGT_LUNG_T28","P0028","LUNG_T28","tS2","Epithelial cells",0.188817790061853,"singlet",0.0414495967468527,"CNV_positive","Uncertain","Uncertain","Uncertain","inferCNV pilot only","Uncertain within pilot","Not assigned"
"CAGCATATCTCCAACC_LUNG_T28","P0028","LUNG_T28","tS2","Epithelial cells",0.11779299761407,"singlet",0.0266480894306179,"CNV_positive","Uncertain","Uncertain","Uncertain","inferCNV pilot only","Uncertain within pilot","Not assigned"
"GCTGGGTAGACGCAAC_LUNG_T28","P0028","LUNG_T28","tS2","Epithelial cells",0.184488876227534,"singlet",0.0401395278550973,"CNV_positive","Uncertain","Uncertain","Uncertain","inferCNV pilot only","Uncertain within pilot","Not assigned"
"CAACCTCAGGCCGAAT_LUNG_T28","P0028","LUNG_T28","tS2","Epithelial cells",0.191931456884872,"singlet",0.0338853497017818,"CNV_positive","Uncertain","Uncertain","Uncertain","inferCNV pilot only","Uncertain within pilot","Not assigned"
"CATCGAAAGCTAGTCT_LUNG_T28","P0028","LUNG_T28","tS2","Epithelial cells",0.122452359494531,"singlet",0.0359708429085003,"CNV_positive","Uncertain","Uncertain","Uncertain","inferCNV pilot only","Uncertain within pilot","Not assigned"
"AGGTCATTCAATAAGG_LUNG_T28","P0028","LUNG_T28","tS2","Epithelial cells",0.183678264536891,"singlet",0.0411772881931539,"CNV_positive","Uncertain","Uncertain","Uncertain","inferCNV pilot only","Uncertain within pilot","Not assigned"
"GCGCGATGTAGCGCAA_LUNG_T28","P0028","LUNG_T28","tS2","Epithelial cells",0.163265306122449,"singlet",0.0287183825621688,"CNV_positive","Uncertain","Uncertain","Uncertain","inferCNV pilot only","Uncertain within pilot","Not assigned"
"TTCCCAGCAGGGTACA_LUNG_T28","P0028","LUNG_T28","tS2","Epithelial cells",0.23767709856938,"singlet",0.0408465656346358,"CNV_positive","Uncertain","Uncertain","Uncertain","inferCNV pilot only","Uncertain within pilot","Not assigned"
"AGGGAGTCAGCGTTCG_LUNG_T28","P0028","LUNG_T28","tS2","Epithelial cells",0.436790811611428,"doublet",0.0415857079123807,"CNV_positive","Uncertain","Uncertain","Uncertain","inferCNV pilot only","Uncertain within pilot","Not assigned"
"CCTTACGCATCCTTGC_LUNG_T28","P0028","LUNG_T28","tS2","Epithelial cells",0.0821320599107445,"singlet",0.0339802449483913,"CNV_positive","Uncertain","Uncertain","Uncertain","inferCNV pilot only","Uncertain within pilot","Not assigned"
"GGCTCGACACCGAAAG_LUNG_T28","P0028","LUNG_T28","tS2","Epithelial cells",0.124876550123977,"singlet",0.0337110502316353,"CNV_positive","Uncertain","Uncertain","Uncertain","inferCNV pilot only","Uncertain within pilot","Not assigned"
"GATCTAGGTCATACTG_LUNG_T28","P0028","LUNG_T28","tS2","Epithelial cells",0.189404628035329,"singlet",0.0295035616336879,"CNV_positive","Uncertain","Uncertain","Uncertain","inferCNV pilot only","Uncertain within pilot","Not assigned"
"CTCCTAGTCAGATAAG_LUNG_T28","P0028","LUNG_T28","tS2","Epithelial cells",0.298496172815359,"singlet",0.0365080088504383,"CNV_positive","Uncertain","Uncertain","Uncertain","inferCNV pilot only","Uncertain within pilot","Not assigned"
"CGGAGCTAGTAGATGT_LUNG_T28","P0028","LUNG_T28","tS2","Epithelial cells",0.0953305154516321,"singlet",0.0375911558298334,"CNV_positive","Uncertain","Uncertain","Uncertain","inferCNV pilot only","Uncertain within pilot","Not assigned"
"GCTTCCACAACACCCG_LUNG_T28","P0028","LUNG_T28","tS2","Epithelial cells",0.0967369796820357,"singlet",0.022272586519894,"CNV_uncertain","Uncertain","Uncertain","Uncertain","inferCNV pilot only","Uncertain within pilot","Not assigned"
"AGTGAGGTCAGGATCT_LUNG_T28","P0028","LUNG_T28","tS2","Epithelial cells",0.164298268356385,"singlet",0.0381368293928075,"CNV_positive","Uncertain","Uncertain","Uncertain","inferCNV pilot only","Uncertain within pilot","Not assigned"
"TTAACTCTCCAGTAGT_LUNG_T28","P0028","LUNG_T28","tS2","Epithelial cells",0.0920593436015646,"singlet",0.0438207800162712,"CNV_positive","Uncertain","Uncertain","Uncertain","inferCNV pilot only","Uncertain within pilot","Not assigned"
"TCGCGAGCAGATGGCA_LUNG_T28","P0028","LUNG_T28","tS2","Epithelial cells",0.233380846764244,"singlet",0.0390615694745059,"CNV_positive","Uncertain","Uncertain","Uncertain","inferCNV pilot only","Uncertain within pilot","Not assigned"
"TCTCTAAAGAGCCTAG_LUNG_T28","P0028","LUNG_T28","tS2","Epithelial cells",0.0931924984451661,"singlet",0.040790047162803,"CNV_positive","Uncertain","Uncertain","Uncertain","inferCNV pilot only","Uncertain within pilot","Not assigned"
"ATCACGAAGACGACGT_LUNG_T28","P0028","LUNG_T28","tS2","Epithelial cells",0.187362914096326,"singlet",0.0348448098704273,"CNV_positive","Uncertain","Uncertain","Uncertain","inferCNV pilot only","Uncertain within pilot","Not assigned"
"GATCGATCACCGATAT_LUNG_T28","P0028","LUNG_T28","tS2","Epithelial cells",0.113502817396402,"singlet",0.0418695432390069,"CNV_positive","Uncertain","Uncertain","Uncertain","inferCNV pilot only","Uncertain within pilot","Not assigned"
"AAGACCTAGGGCTCTC_LUNG_T28","P0028","LUNG_T28","tS2","Epithelial cells",0.0950561883099677,"singlet",0.0377958420721126,"CNV_positive","Uncertain","Uncertain","Uncertain","inferCNV pilot only","Uncertain within pilot","Not assigned"
"AGGTCCGTCTGGTGTA_LUNG_T28","P0028","LUNG_T28","tS2","Epithelial cells",0.133363475382576,"singlet",0.0381809303686839,"CNV_positive","Uncertain","Uncertain","Uncertain","inferCNV pilot only","Uncertain within pilot","Not assigned"
"TGAAAGAAGTCCCACG_LUNG_T28","P0028","LUNG_T28","tS2","Epithelial cells",0.163265386401092,"singlet",0.0345947417076259,"CNV_positive","Uncertain","Uncertain","Uncertain","inferCNV pilot only","Uncertain within pilot","Not assigned"
"ACGATGTTCACCTCGT_LUNG_T28","P0028","LUNG_T28","tS2","Epithelial cells",0.118747979638846,"singlet",0.0482416792011971,"CNV_positive","Uncertain","Uncertain","Uncertain","inferCNV pilot only","Uncertain within pilot","Not assigned"
"GTACTCCGTCTTCGTC_LUNG_T28","P0028","LUNG_T28","tS2","Epithelial cells",0.0918371852418313,"singlet",0.0458755145054843,"CNV_positive","Uncertain","Uncertain","Uncertain","inferCNV pilot only","Uncertain within pilot","Not assigned"
"GTGCGGTTCTGTCAAG_LUNG_T28","P0028","LUNG_T28","tS2","Epithelial cells",0.117464177247997,"singlet",0.052265990409721,"CNV_positive","Uncertain","Uncertain","Uncertain","inferCNV pilot only","Uncertain within pilot","Not assigned"
"TGCTACCCAGCCTATA_LUNG_T28","P0028","LUNG_T28","tS2","Epithelial cells",0.194089892468483,"singlet",0.0460355628719281,"CNV_positive","Uncertain","Uncertain","Uncertain","inferCNV pilot only","Uncertain within pilot","Not assigned"
"GTTAAGCAGTTCGCAT_LUNG_T28","P0028","LUNG_T28","tS2","Epithelial cells",0.133173700113176,"singlet",0.0336088020853776,"CNV_positive","Uncertain","Uncertain","Uncertain","inferCNV pilot only","Uncertain within pilot","Not assigned"
"GCTGCTTCAGCTCGAC_LUNG_T28","P0028","LUNG_T28","tS2","Epithelial cells",0.132653061502965,"singlet",0.0390713845911286,"CNV_positive","Uncertain","Uncertain","Uncertain","inferCNV pilot only","Uncertain within pilot","Not assigned"
"CCAGCGATCGTAGATC_LUNG_T28","P0028","LUNG_T28","tS2","Epithelial cells",0.212387541752778,"singlet",0.0276449440346393,"CNV_positive","Uncertain","Uncertain","Uncertain","inferCNV pilot only","Uncertain within pilot","Not assigned"
"AGCATACTCGCAGGCT_LUNG_T28","P0028","LUNG_T28","tS2","Epithelial cells",0.061230827409848,"singlet",0.0472515607014493,"CNV_positive","Uncertain","Uncertain","Uncertain","inferCNV pilot only","Uncertain within pilot","Not assigned"
"CAGCAGCCACAACGCC_LUNG_T28","P0028","LUNG_T28","tS2","Epithelial cells",0.13375129749185,"singlet",0.0611474344736888,"CNV_positive","Uncertain","Uncertain","Uncertain","inferCNV pilot only","Uncertain within pilot","Not assigned"
"AGAATAGGTTCAACCA_LUNG_T30","P0030","LUNG_T30","tS2","Epithelial cells",0.153166367029266,"singlet",0.0218335007114891,"CNV_uncertain","Uncertain","Uncertain","Uncertain","inferCNV pilot only","Uncertain within pilot","Not assigned"
"GACTAACGTGAGTATA_LUNG_T30","P0030","LUNG_T30","tS2","Epithelial cells",0.817338721165483,"doublet",0.011479022419508,"CNV_negative","Uncertain","Uncertain","Uncertain","inferCNV pilot only","Uncertain within pilot","Not assigned"
"ACGTCAACACGGCGTT_LUNG_T30","P0030","LUNG_T30","tS2","Epithelial cells",0.245535454662486,"singlet",0.0217878256872499,"CNV_uncertain","Uncertain","Uncertain","Uncertain","inferCNV pilot only","Uncertain within pilot","Not assigned"
"ACGGAGACATCACGAT_LUNG_T30","P0030","LUNG_T30","tS2","Epithelial cells",0.0467707331908222,"singlet",0.0230013800537857,"CNV_uncertain","Uncertain","Uncertain","Uncertain","inferCNV pilot only","Uncertain within pilot","Not assigned"
"GCGAGAATCTCTAAGG_LUNG_T30","P0030","LUNG_T30","tS2","Epithelial cells",0.17627742782643,"singlet",0.0160505567122977,"CNV_negative","Uncertain","Uncertain","Uncertain","inferCNV pilot only","Uncertain within pilot","Not assigned"
"GGAACTTGTTTAGGAA_LUNG_T30","P0030","LUNG_T30","tS2","Epithelial cells",0.18555777710261,"singlet",0.0248837907900917,"CNV_positive","Uncertain","Uncertain","Uncertain","inferCNV pilot only","Uncertain within pilot","Not assigned"
"CTCGTACGTTGTTTGG_LUNG_T30","P0030","LUNG_T30","tS2","Epithelial cells",0.290605228458636,"singlet",0.0217431761254498,"CNV_uncertain","Uncertain","Uncertain","Uncertain","inferCNV pilot only","Uncertain within pilot","Not assigned"
"GGGATGAGTCTTCGTC_LUNG_T30","P0030","LUNG_T30","tS2","Epithelial cells",0.136806159955249,"singlet",0.0190218909714297,"CNV_negative","Uncertain","Uncertain","Uncertain","inferCNV pilot only","Uncertain within pilot","Not assigned"
"CTGTTTAAGCGCCTTG_LUNG_T31","P0031","LUNG_T31","tS2","Epithelial cells",0.125614851907177,"singlet",0.0454048108916755,"CNV_positive","Uncertain","Uncertain","Uncertain","inferCNV pilot only","Uncertain within pilot","Not assigned"
"TTTGCGCTCTCCCTGA_LUNG_T31","P0031","LUNG_T31","tS2","Epithelial cells",0.0189199476871834,"singlet",0.0318143454043846,"CNV_positive","Uncertain","Uncertain","Uncertain","inferCNV pilot only","Uncertain within pilot","Not assigned"
"TAGGCATAGCCATCGC_LUNG_T31","P0031","LUNG_T31","tS2","Epithelial cells",0.166375596276884,"singlet",0.051788019653098,"CNV_positive","Uncertain","Uncertain","Uncertain","inferCNV pilot only","Uncertain within pilot","Not assigned"
"AGCGTATAGACCCACC_LUNG_T31","P0031","LUNG_T31","tS2","Epithelial cells",0.117240204412037,"singlet",0.054543496301996,"CNV_positive","Uncertain","Uncertain","Uncertain","inferCNV pilot only","Uncertain within pilot","Not assigned"
"GTAACGTTCTTATCTG_LUNG_T31","P0031","LUNG_T31","tS2","Epithelial cells",0.163864720997228,"singlet",0.0481835314005966,"CNV_positive","Uncertain","Uncertain","Uncertain","inferCNV pilot only","Uncertain within pilot","Not assigned"
"CAAGTTGTCTGTCTAT_LUNG_T31","P0031","LUNG_T31","tS2","Epithelial cells",0.130055645307651,"singlet",0.198435468125465,"CNV_positive","Uncertain","Uncertain","Uncertain","inferCNV pilot only","Uncertain within pilot","Not assigned"
"ACGGGTCTCGTGTAGT_LUNG_T31","P0031","LUNG_T31","tS2","Epithelial cells",0.113955224533211,"singlet",0.037919707952162,"CNV_positive","Uncertain","Uncertain","Uncertain","inferCNV pilot only","Uncertain within pilot","Not assigned"
"GCAAACTTCGCCAGCA_LUNG_T31","P0031","LUNG_T31","tS2","Epithelial cells",0.271908660132069,"singlet",0.0239940484076174,"CNV_positive","Uncertain","Uncertain","Uncertain","inferCNV pilot only","Uncertain within pilot","Not assigned"
"CTAACTTGTAAGTGGC_LUNG_T31","P0031","LUNG_T31","tS2","Epithelial cells",0.156861950695358,"singlet",0.041101550890672,"CNV_positive","Uncertain","Uncertain","Uncertain","inferCNV pilot only","Uncertain within pilot","Not assigned"
"GGCGACTCACGACTCG_LUNG_T31","P0031","LUNG_T31","tS2","Epithelial cells",0.0597539356068115,"singlet",0.0587348323929961,"CNV_positive","Uncertain","Uncertain","Uncertain","inferCNV pilot only","Uncertain within pilot","Not assigned"
"TCAATCTCAAGGACAC_LUNG_T31","P0031","LUNG_T31","tS2","Epithelial cells",0.0504499288077781,"singlet",0.0536633441420573,"CNV_positive","Uncertain","Uncertain","Uncertain","inferCNV pilot only","Uncertain within pilot","Not assigned"
"TCTCTAAAGCTCCCAG_LUNG_T31","P0031","LUNG_T31","tS2","Epithelial cells",0.107523497852883,"singlet",0.0327133594613679,"CNV_positive","Uncertain","Uncertain","Uncertain","inferCNV pilot only","Uncertain within pilot","Not assigned"
"TCGGTAAGTTCGTCTC_LUNG_T31","P0031","LUNG_T31","tS2","Epithelial cells",0.194270504863063,"singlet",0.0578308877132831,"CNV_positive","Uncertain","Uncertain","Uncertain","inferCNV pilot only","Uncertain within pilot","Not assigned"
"GGTGCGTCATCACGTA_LUNG_T31","P0031","LUNG_T31","tS2","Epithelial cells",0.209702390661303,"singlet",0.041088694227664,"CNV_positive","Uncertain","Uncertain","Uncertain","inferCNV pilot only","Uncertain within pilot","Not assigned"
"ACGCCGATCCGCATCT_LUNG_T31","P0031","LUNG_T31","tS2","Epithelial cells",0.289557521676854,"singlet",0.0457983565046638,"CNV_positive","Uncertain","Uncertain","Uncertain","inferCNV pilot only","Uncertain within pilot","Not assigned"
"TCACAAGAGTTTGCGT_LUNG_T31","P0031","LUNG_T31","tS2","Epithelial cells",0.118037753686962,"singlet",0.0456131992905496,"CNV_positive","Uncertain","Uncertain","Uncertain","inferCNV pilot only","Uncertain within pilot","Not assigned"
"TTCTCAACAAACCCAT_LUNG_T31","P0031","LUNG_T31","tS2","Epithelial cells",0.216489403844663,"singlet",0.0295492597500131,"CNV_positive","Uncertain","Uncertain","Uncertain","inferCNV pilot only","Uncertain within pilot","Not assigned"
"AAACCTGGTATAAACG_LUNG_T31","P0031","LUNG_T31","tS2","Epithelial cells",0.0968974623510005,"singlet",0.0399158398066993,"CNV_positive","Uncertain","Uncertain","Uncertain","inferCNV pilot only","Uncertain within pilot","Not assigned"
"CTTAACTCATAGGATA_LUNG_T31","P0031","LUNG_T31","tS2","Epithelial cells",0.285719472619277,"singlet",0.0482932167178377,"CNV_positive","Uncertain","Uncertain","Uncertain","inferCNV pilot only","Uncertain within pilot","Not assigned"
"CAGTCCTAGAATGTTG_LUNG_T31","P0031","LUNG_T31","tS2","Epithelial cells",0.275758036545567,"singlet",0.0675893523510679,"CNV_positive","Uncertain","Uncertain","Uncertain","inferCNV pilot only","Uncertain within pilot","Not assigned"
"ACTTGTTGTATGAATG_LUNG_T31","P0031","LUNG_T31","tS2","Epithelial cells",0.425857050172016,"singlet",0.0477502102321056,"CNV_positive","Uncertain","Uncertain","Uncertain","inferCNV pilot only","Uncertain within pilot","Not assigned"
"ATAGACCGTAGCAAAT_LUNG_T31","P0031","LUNG_T31","tS2","Epithelial cells",0.382322794511831,"singlet",0.0459915404882126,"CNV_positive","Uncertain","Uncertain","Uncertain","inferCNV pilot only","Uncertain within pilot","Not assigned"
"CCATGTCCACACCGCA_LUNG_T31","P0031","LUNG_T31","tS2","Epithelial cells",0.383715949064334,"singlet",0.0488504696243719,"CNV_positive","Uncertain","Uncertain","Uncertain","inferCNV pilot only","Uncertain within pilot","Not assigned"
"TCATTTGAGCCACTAT_LUNG_T31","P0031","LUNG_T31","tS2","Epithelial cells",0.747146483571911,"doublet",0.0259501682089397,"CNV_positive","Uncertain","Uncertain","Uncertain","inferCNV pilot only","Uncertain within pilot","Not assigned"
"TCAGCAATCGTCCGTT_LUNG_T31","P0031","LUNG_T31","tS2","Epithelial cells",0.155692546558825,"singlet",0.0418548780350132,"CNV_positive","Uncertain","Uncertain","Uncertain","inferCNV pilot only","Uncertain within pilot","Not assigned"
"GATGAAACACCCTATC_LUNG_T31","P0031","LUNG_T31","tS2","Epithelial cells",0.184412270141998,"singlet",0.0574050113182089,"CNV_positive","Uncertain","Uncertain","Uncertain","inferCNV pilot only","Uncertain within pilot","Not assigned"
"AGGGATGGTCGCGAAA_LUNG_T31","P0031","LUNG_T31","tS2","Epithelial cells",0.0889048303199964,"singlet",0.0575501668768762,"CNV_positive","Uncertain","Uncertain","Uncertain","inferCNV pilot only","Uncertain within pilot","Not assigned"
"AGTTGGTAGCCACTAT_LUNG_T31","P0031","LUNG_T31","tS2","Epithelial cells",0.159069959624971,"singlet",0.0464484914110055,"CNV_positive","Uncertain","Uncertain","Uncertain","inferCNV pilot only","Uncertain within pilot","Not assigned"
"CAGCGACCAAGTAGTA_LUNG_T31","P0031","LUNG_T31","tS2","Epithelial cells",0.0922828849199015,"singlet",0.0473572874309161,"CNV_positive","Uncertain","Uncertain","Uncertain","inferCNV pilot only","Uncertain within pilot","Not assigned"
"AGCATACTCTTGTACT_LUNG_T31","P0031","LUNG_T31","tS2","Epithelial cells",0.166713399665665,"singlet",0.0499113537578132,"CNV_positive","Uncertain","Uncertain","Uncertain","inferCNV pilot only","Uncertain within pilot","Not assigned"
"TTCTACACAAGGCTCC_LUNG_T31","P0031","LUNG_T31","tS2","Epithelial cells",0.180350218435335,"singlet",0.0449331047518822,"CNV_positive","Uncertain","Uncertain","Uncertain","inferCNV pilot only","Uncertain within pilot","Not assigned"
"AACTTTCTCAGCTCGG_LUNG_T31","P0031","LUNG_T31","tS2","Epithelial cells",0.127084879063709,"singlet",0.0486053957491423,"CNV_positive","Uncertain","Uncertain","Uncertain","inferCNV pilot only","Uncertain within pilot","Not assigned"
"ACATGGTAGTGTCCCG_LUNG_T31","P0031","LUNG_T31","tS2","Epithelial cells",0.212653637027094,"singlet",0.00788858913838922,"CNV_negative","Uncertain","Uncertain","Uncertain","inferCNV pilot only","Uncertain within pilot","Not assigned"
"GCTGGGTTCAGCTCTC_LUNG_T31","P0031","LUNG_T31","tS2","Epithelial cells",0.340464462722325,"singlet",0.0396993201009426,"CNV_positive","Uncertain","Uncertain","Uncertain","inferCNV pilot only","Uncertain within pilot","Not assigned"
"CGTAGCGAGCTACCTA_LUNG_T31","P0031","LUNG_T31","tS2","Epithelial cells",0.228970726034901,"singlet",0.0425757622748407,"CNV_positive","Uncertain","Uncertain","Uncertain","inferCNV pilot only","Uncertain within pilot","Not assigned"
"TAGACCAGTTCCCTTG_LUNG_T31","P0031","LUNG_T31","tS2","Epithelial cells",0.128640560923553,"singlet",0.0539158519648159,"CNV_positive","Uncertain","Uncertain","Uncertain","inferCNV pilot only","Uncertain within pilot","Not assigned"
"CAAGAAACAGGGTACA_LUNG_T31","P0031","LUNG_T31","tS2","Epithelial cells",0.31710582164481,"singlet",0.0137520172983035,"CNV_negative","Uncertain","Uncertain","Uncertain","inferCNV pilot only","Uncertain within pilot","Not assigned"
"TGACTTTTCCTTGCCA_LUNG_T31","P0031","LUNG_T31","tS2","Epithelial cells",0.100183199936595,"singlet",0.0424536299289571,"CNV_positive","Uncertain","Uncertain","Uncertain","inferCNV pilot only","Uncertain within pilot","Not assigned"
"ATAACGCAGCTGATAA_LUNG_T31","P0031","LUNG_T31","tS2","Epithelial cells",0.075365634806955,"singlet",0.0535301644161714,"CNV_positive","Uncertain","Uncertain","Uncertain","inferCNV pilot only","Uncertain within pilot","Not assigned"
"TGTGTTTAGTCGTACT_LUNG_T31","P0031","LUNG_T31","tS2","Epithelial cells",0.143169019007947,"singlet",0.0583960386531685,"CNV_positive","Uncertain","Uncertain","Uncertain","inferCNV pilot only","Uncertain within pilot","Not assigned"
"GTACTTTAGCTGCGAA_LUNG_T31","P0031","LUNG_T31","tS2","Epithelial cells",0.175809444221456,"singlet",0.0479029671567202,"CNV_positive","Uncertain","Uncertain","Uncertain","inferCNV pilot only","Uncertain within pilot","Not assigned"
"CACACTCGTCAACATC_LUNG_T31","P0031","LUNG_T31","tS2","Epithelial cells",0.122749358623266,"singlet",0.0604927844211724,"CNV_positive","Uncertain","Uncertain","Uncertain","inferCNV pilot only","Uncertain within pilot","Not assigned"
"AAACCTGCAGGACGTA_LUNG_T31","P0031","LUNG_T31","tS2","Epithelial cells",0.150155685401876,"singlet",0.046163969405196,"CNV_positive","Uncertain","Uncertain","Uncertain","inferCNV pilot only","Uncertain within pilot","Not assigned"
"CCCAGTTTCGATGAGG_LUNG_T31","P0031","LUNG_T31","tS2","Epithelial cells",0.357428143834079,"singlet",0.0465064346325759,"CNV_positive","Uncertain","Uncertain","Uncertain","inferCNV pilot only","Uncertain within pilot","Not assigned"
"TTGGCAATCGGCATCG_LUNG_T31","P0031","LUNG_T31","tS2","Epithelial cells",0.104049485670727,"singlet",0.0289300364336752,"CNV_positive","Uncertain","Uncertain","Uncertain","inferCNV pilot only","Uncertain within pilot","Not assigned"
"CGGCTAGGTTTCCACC_LUNG_T31","P0031","LUNG_T31","tS2","Epithelial cells",0.245880105853092,"singlet",0.0514382505330339,"CNV_positive","Uncertain","Uncertain","Uncertain","inferCNV pilot only","Uncertain within pilot","Not assigned"
"TTTGGTTTCCTCCTAG_LUNG_T31","P0031","LUNG_T31","tS2","Epithelial cells",0.153572315519799,"singlet",0.0458119450663376,"CNV_positive","Uncertain","Uncertain","Uncertain","inferCNV pilot only","Uncertain within pilot","Not assigned"
"CACACTCAGTACACCT_LUNG_T31","P0031","LUNG_T31","tS2","Epithelial cells",0.0756428405041436,"singlet",0.0518453844537993,"CNV_positive","Uncertain","Uncertain","Uncertain","inferCNV pilot only","Uncertain within pilot","Not assigned"
"TGGCGCACACCGATAT_LUNG_T31","P0031","LUNG_T31","tS2","Epithelial cells",0.270953514604132,"singlet",0.0460637895882407,"CNV_positive","Uncertain","Uncertain","Uncertain","inferCNV pilot only","Uncertain within pilot","Not assigned"
"GACCTGGGTACCCAAT_LUNG_T31","P0031","LUNG_T31","tS2","Epithelial cells",0.0967112467893876,"singlet",0.0500547250774589,"CNV_positive","Uncertain","Uncertain","Uncertain","inferCNV pilot only","Uncertain within pilot","Not assigned"
"GTTACAGAGCCGGTAA_LUNG_T34","P0034","LUNG_T34","tS2","Epithelial cells",0.138105728747901,"singlet",0.0192051168929165,"CNV_negative","Uncertain","Uncertain","Uncertain","inferCNV pilot only","Uncertain within pilot","Not assigned"
"CACCAGGGTAAATACG_LUNG_T34","P0034","LUNG_T34","tS2","Epithelial cells",0.520922595189814,"doublet",0.0262463149269784,"CNV_positive","Uncertain","Uncertain","Uncertain","inferCNV pilot only","Uncertain within pilot","Not assigned"
"AACTGGTCAGTGGGAT_LUNG_T34","P0034","LUNG_T34","tS2","Epithelial cells",0.257245242869915,"singlet",0.0314891277900028,"CNV_positive","Uncertain","Uncertain","Uncertain","inferCNV pilot only","Uncertain within pilot","Not assigned"
"CAAGGCCGTTCCACAA_LUNG_T34","P0034","LUNG_T34","tS2","Epithelial cells",0.12288327780715,"singlet",0.0315657220916423,"CNV_positive","Uncertain","Uncertain","Uncertain","inferCNV pilot only","Uncertain within pilot","Not assigned"
"CTGTGCTGTTAAGGGC_LUNG_T34","P0034","LUNG_T34","tS2","Epithelial cells",0.452323917470656,"singlet",0.0147354544168443,"CNV_negative","Uncertain","Uncertain","Uncertain","inferCNV pilot only","Uncertain within pilot","Not assigned"
"TCACAAGAGAGGTACC_LUNG_T34","P0034","LUNG_T34","tS2","Epithelial cells",0.367732636409437,"singlet",0.0213638560380056,"CNV_uncertain","Uncertain","Uncertain","Uncertain","inferCNV pilot only","Uncertain within pilot","Not assigned"
"GTTTCTACAACGATCT_LUNG_T34","P0034","LUNG_T34","tS2","Epithelial cells",0.368863137941634,"singlet",0.0147937599567082,"CNV_negative","Uncertain","Uncertain","Uncertain","inferCNV pilot only","Uncertain within pilot","Not assigned"
"GAGCAGATCATGCATG_LUNG_T34","P0034","LUNG_T34","tS2","Epithelial cells",0.197557628534238,"singlet",0.0175492957875575,"CNV_negative","Uncertain","Uncertain","Uncertain","inferCNV pilot only","Uncertain within pilot","Not assigned"
"TGAGAGGAGCGTAATA_LUNG_T34","P0034","LUNG_T34","tS2","Epithelial cells",0.922392562133334,"doublet",0.0111554239872793,"CNV_negative","Uncertain","Uncertain","Uncertain","inferCNV pilot only","Uncertain within pilot","Not assigned"
"TCAGGTATCGGCATCG_LUNG_T34","P0034","LUNG_T34","tS2","Epithelial cells",0.344527447496759,"singlet",0.0135960943884292,"CNV_negative","Uncertain","Uncertain","Uncertain","inferCNV pilot only","Uncertain within pilot","Not assigned"
"GTCATTTGTGGTACAG_LUNG_T34","P0034","LUNG_T34","tS2","Epithelial cells",0.281009504167105,"singlet",0.0151077445502001,"CNV_negative","Uncertain","Uncertain","Uncertain","inferCNV pilot only","Uncertain within pilot","Not assigned"
"GCGAGAACAACTGCTA_LUNG_T34","P0034","LUNG_T34","tS2","Epithelial cells",0.409187852699587,"singlet",0.016795334224836,"CNV_negative","Uncertain","Uncertain","Uncertain","inferCNV pilot only","Uncertain within pilot","Not assigned"
"TGAGGGATCCCAAGTA_LUNG_T34","P0034","LUNG_T34","tS2","Epithelial cells",0.390413092992031,"singlet",0.0209798607094674,"CNV_uncertain","Uncertain","Uncertain","Uncertain","inferCNV pilot only","Uncertain within pilot","Not assigned"
"TATGCCCAGCCCGAAA_LUNG_T34","P0034","LUNG_T34","tS2","Epithelial cells",0.451338108099874,"singlet",0.0149691710790305,"CNV_negative","Uncertain","Uncertain","Uncertain","inferCNV pilot only","Uncertain within pilot","Not assigned"
"AAAGCAAAGAGTGACC_LUNG_T34","P0034","LUNG_T34","tS2","Epithelial cells",0.481050641828293,"doublet",0.0249516729963606,"CNV_positive","Uncertain","Uncertain","Uncertain","inferCNV pilot only","Uncertain within pilot","Not assigned"
"AAACCTGTCTTGTCAT_LUNG_T34","P0034","LUNG_T34","tS2","Epithelial cells",0.320906688547466,"singlet",0.0126107032849144,"CNV_negative","Uncertain","Uncertain","Uncertain","inferCNV pilot only","Uncertain within pilot","Not assigned"
"TGACTAGAGTTATCGC_LUNG_T34","P0034","LUNG_T34","tS2","Epithelial cells",0.256102112241638,"singlet",0.0185791592940437,"CNV_negative","Uncertain","Uncertain","Uncertain","inferCNV pilot only","Uncertain within pilot","Not assigned"
"GTTCGGGTCTTGTTTG_LUNG_T34","P0034","LUNG_T34","tS2","Epithelial cells",0.357567555972145,"singlet",0.01643721076411,"CNV_negative","Uncertain","Uncertain","Uncertain","inferCNV pilot only","Uncertain within pilot","Not assigned"
"CCTAAAGGTTGAGGTG_LUNG_T34","P0034","LUNG_T34","tS2","Epithelial cells",0.197395571947296,"singlet",0.023072240817343,"CNV_uncertain","Uncertain","Uncertain","Uncertain","inferCNV pilot only","Uncertain within pilot","Not assigned"
"CGAGCCATCGCAGGCT_LUNG_T34","P0034","LUNG_T34","tS2","Epithelial cells",0.228667257645122,"singlet",0.0190408895985984,"CNV_negative","Uncertain","Uncertain","Uncertain","inferCNV pilot only","Uncertain within pilot","Not assigned"
"CGCGGTACATCCCATC_LUNG_T34","P0034","LUNG_T34","tS2","Epithelial cells",0.234981004242505,"singlet",0.0169204446407859,"CNV_negative","Uncertain","Uncertain","Uncertain","inferCNV pilot only","Uncertain within pilot","Not assigned"
"GAGCAGAAGCACACAG_LUNG_T34","P0034","LUNG_T34","tS2","Epithelial cells",0.664726630542249,"doublet",0.0164211796573007,"CNV_negative","Uncertain","Uncertain","Uncertain","inferCNV pilot only","Uncertain within pilot","Not assigned"
"CACATTTCACGACGAA_LUNG_T34","P0034","LUNG_T34","tS2","Epithelial cells",0.30774756266485,"singlet",0.0194375804073499,"CNV_negative","Uncertain","Uncertain","Uncertain","inferCNV pilot only","Uncertain within pilot","Not assigned"
"TTTGTCACAGTGGAGT_LUNG_T34","P0034","LUNG_T34","tS2","Epithelial cells",0.436386458956568,"singlet",0.0175387683034825,"CNV_negative","Uncertain","Uncertain","Uncertain","inferCNV pilot only","Uncertain within pilot","Not assigned"
"TACAGTGTCCGTTGCT_LUNG_T34","P0034","LUNG_T34","tS2","Epithelial cells",0.260883877295312,"singlet",0.0233255403597516,"CNV_uncertain","Uncertain","Uncertain","Uncertain","inferCNV pilot only","Uncertain within pilot","Not assigned"
"TTAACTCCATCCGTGG_LUNG_T34","P0034","LUNG_T34","tS2","Epithelial cells",0.356792741265941,"singlet",0.0163324221743736,"CNV_negative","Uncertain","Uncertain","Uncertain","inferCNV pilot only","Uncertain within pilot","Not assigned"
"CTCTACGAGCTGCCCA_LUNG_T34","P0034","LUNG_T34","tS2","Epithelial cells",0.31473240314812,"singlet",0.0187715766320803,"CNV_negative","Uncertain","Uncertain","Uncertain","inferCNV pilot only","Uncertain within pilot","Not assigned"
"TAGAGCTTCGGCCGAT_LUNG_T34","P0034","LUNG_T34","tS2","Epithelial cells",0.574507090760841,"doublet",0.0170820134970157,"CNV_negative","Uncertain","Uncertain","Uncertain","inferCNV pilot only","Uncertain within pilot","Not assigned"
"CTCATTACAAGCTGTT_LUNG_T34","P0034","LUNG_T34","tS2","Epithelial cells",0.241487326258522,"singlet",0.0165131432336143,"CNV_negative","Uncertain","Uncertain","Uncertain","inferCNV pilot only","Uncertain within pilot","Not assigned"
"TCCCGATGTGGCGAAT_LUNG_T34","P0034","LUNG_T34","tS2","Epithelial cells",0.171491166966534,"singlet",0.0236346031524516,"CNV_positive","Uncertain","Uncertain","Uncertain","inferCNV pilot only","Uncertain within pilot","Not assigned"
"CGGAGCTAGCTGATAA_LUNG_T34","P0034","LUNG_T34","tS2","Epithelial cells",0.195240765583808,"singlet",0.01838707875315,"CNV_negative","Uncertain","Uncertain","Uncertain","inferCNV pilot only","Uncertain within pilot","Not assigned"
"ACTATCTTCTTCCTTC_LUNG_T34","P0034","LUNG_T34","tS2","Epithelial cells",0.3209751472481,"singlet",0.0151740813410894,"CNV_negative","Uncertain","Uncertain","Uncertain","inferCNV pilot only","Uncertain within pilot","Not assigned"
"GAGGTGATCCTGCAGG_LUNG_T34","P0034","LUNG_T34","tS2","Epithelial cells",0.302329452654128,"singlet",0.0161852047186117,"CNV_negative","Uncertain","Uncertain","Uncertain","inferCNV pilot only","Uncertain within pilot","Not assigned"
"TGCCCTAGTCCGAATT_LUNG_T34","P0034","LUNG_T34","tS2","Epithelial cells",0.39617231099416,"singlet",0.0220228912106591,"CNV_uncertain","Uncertain","Uncertain","Uncertain","inferCNV pilot only","Uncertain within pilot","Not assigned"
"TGAGCCGCAAGGTTCT_LUNG_T34","P0034","LUNG_T34","tS2","Epithelial cells",0.302409920832903,"singlet",0.0187204855250627,"CNV_negative","Uncertain","Uncertain","Uncertain","inferCNV pilot only","Uncertain within pilot","Not assigned"
"CGAGAAGAGAGTTGGC_LUNG_T34","P0034","LUNG_T34","tS2","Epithelial cells",0.270225471638595,"singlet",0.0194063823805541,"CNV_negative","Uncertain","Uncertain","Uncertain","inferCNV pilot only","Uncertain within pilot","Not assigned"
"GGACAAGTCTTGAGAC_LUNG_T34","P0034","LUNG_T34","tS2","Epithelial cells",0.381098635073842,"singlet",0.0172013923358199,"CNV_negative","Uncertain","Uncertain","Uncertain","inferCNV pilot only","Uncertain within pilot","Not assigned"
"AGATCTGCATGCCTTC_LUNG_T34","P0034","LUNG_T34","tS2","Epithelial cells",0.271468527026682,"singlet",0.024065976814941,"CNV_positive","Uncertain","Uncertain","Uncertain","inferCNV pilot only","Uncertain within pilot","Not assigned"
"CGTAGGCCATCCGCGA_LUNG_T34","P0034","LUNG_T34","tS2","Epithelial cells",0.606317534158707,"doublet",0.0109811675148883,"CNV_negative","Uncertain","Uncertain","Uncertain","inferCNV pilot only","Uncertain within pilot","Not assigned"
"CACCAGGGTTGGAGGT_LUNG_T34","P0034","LUNG_T34","tS2","Epithelial cells",0.303284151853369,"singlet",0.0261098911090388,"CNV_positive","Uncertain","Uncertain","Uncertain","inferCNV pilot only","Uncertain within pilot","Not assigned"
"TGTATTCAGAGTTGGC_LUNG_T34","P0034","LUNG_T34","tS2","Epithelial cells",0.378604882507093,"singlet",0.0254040882091585,"CNV_positive","Uncertain","Uncertain","Uncertain","inferCNV pilot only","Uncertain within pilot","Not assigned"
"ATCTGCCCAACTGGCC_LUNG_T34","P0034","LUNG_T34","tS2","Epithelial cells",0.26607344651546,"singlet",0.0202066685612782,"CNV_negative","Uncertain","Uncertain","Uncertain","inferCNV pilot only","Uncertain within pilot","Not assigned"
"CACCACTAGCAGCCTC_LUNG_T34","P0034","LUNG_T34","tS2","Epithelial cells",0.294907990510642,"singlet",0.0400444848645541,"CNV_positive","Uncertain","Uncertain","Uncertain","inferCNV pilot only","Uncertain within pilot","Not assigned"
"CAACTAGAGCGCCTTG_LUNG_T34","P0034","LUNG_T34","tS2","Epithelial cells",0.361729895373113,"singlet",0.0237319507016745,"CNV_positive","Uncertain","Uncertain","Uncertain","inferCNV pilot only","Uncertain within pilot","Not assigned"
"TTAGGACCATCGGACC_LUNG_T34","P0034","LUNG_T34","tS2","Epithelial cells",0.24013693122203,"singlet",0.0129808537313472,"CNV_negative","Uncertain","Uncertain","Uncertain","inferCNV pilot only","Uncertain within pilot","Not assigned"
"GTAGGCCCACTGCCAG_LUNG_T34","P0034","LUNG_T34","tS2","Epithelial cells",0.350500664886318,"singlet",0.026428002007712,"CNV_positive","Uncertain","Uncertain","Uncertain","inferCNV pilot only","Uncertain within pilot","Not assigned"
"CTAGAGTGTTGTCTTT_LUNG_T34","P0034","LUNG_T34","tS2","Epithelial cells",0.636126568189484,"doublet",0.0154098198009512,"CNV_negative","Uncertain","Uncertain","Uncertain","inferCNV pilot only","Uncertain within pilot","Not assigned"
"CATTATCGTCTGCGGT_LUNG_T34","P0034","LUNG_T34","tS2","Epithelial cells",0.437761310473227,"singlet",0.0199946954288367,"CNV_negative","Uncertain","Uncertain","Uncertain","inferCNV pilot only","Uncertain within pilot","Not assigned"
"CATATTCGTGATGTCT_LUNG_T34","P0034","LUNG_T34","tS2","Epithelial cells",0.196170024226562,"singlet",0.0210227857595175,"CNV_uncertain","Uncertain","Uncertain","Uncertain","inferCNV pilot only","Uncertain within pilot","Not assigned"
"AACTTTCGTTTGGGCC_LUNG_T34","P0034","LUNG_T34","tS2","Epithelial cells",0.35388143375304,"singlet",0.0170101542711207,"CNV_negative","Uncertain","Uncertain","Uncertain","inferCNV pilot only","Uncertain within pilot","Not assigned"
"AGAATAGGTACAGTTC_LUNG_T06","P0006","LUNG_T06","tS3","Epithelial cells",0.21494794187184,"singlet",0.0316962333053663,"CNV_positive","Uncertain","Uncertain","Uncertain","inferCNV pilot only","Uncertain within pilot","Not assigned"
"GATCGATCATTCCTCG_LUNG_T06","P0006","LUNG_T06","tS3","Epithelial cells",0.215396364662406,"singlet",0.0323499110759258,"CNV_positive","Uncertain","Uncertain","Uncertain","inferCNV pilot only","Uncertain within pilot","Not assigned"
"TCGCGTTTCAACACTG_LUNG_T06","P0006","LUNG_T06","tS3","Epithelial cells",0.158585714339289,"singlet",0.0250705894491126,"CNV_positive","Uncertain","Uncertain","Uncertain","inferCNV pilot only","Uncertain within pilot","Not assigned"
"CATGACAAGTATTGGA_LUNG_T06","P0006","LUNG_T06","tS3","Epithelial cells",0.171559445016878,"singlet",0.0173847172537502,"CNV_negative","Uncertain","Uncertain","Uncertain","inferCNV pilot only","Uncertain within pilot","Not assigned"
"GACTAACGTGCACCAC_LUNG_T06","P0006","LUNG_T06","tS3","Epithelial cells",0.181857553535493,"singlet",0.0105568584612793,"CNV_negative","Uncertain","Uncertain","Uncertain","inferCNV pilot only","Uncertain within pilot","Not assigned"
"TCAGGTACAAGGACAC_LUNG_T08","P0008","LUNG_T08","tS3","Epithelial cells",0.32195424441285,"singlet",0.00796367029653522,"CNV_negative","Uncertain","Uncertain","Uncertain","inferCNV pilot only","Uncertain within pilot","Not assigned"
"TTTGGTTTCGTCTGAA_LUNG_T18","P0018","LUNG_T18","tS3","Epithelial cells",0.203024965031055,"singlet",0.0477688564086811,"CNV_positive","Uncertain","Uncertain","Uncertain","inferCNV pilot only","Uncertain within pilot","Not assigned"
"AGTTGGTGTAGCGTAG_LUNG_T18","P0018","LUNG_T18","tS3","Epithelial cells",0.327667255723379,"singlet",0.050197448864414,"CNV_positive","Uncertain","Uncertain","Uncertain","inferCNV pilot only","Uncertain within pilot","Not assigned"
"CATGCCTAGATCCCGC_LUNG_T19","P0019","LUNG_T19","tS3","Epithelial cells",0.0337094641400413,"singlet",0.0311341771931753,"CNV_positive","Uncertain","Uncertain","Uncertain","inferCNV pilot only","Uncertain within pilot","Not assigned"
"CGCTGGATCAATAAGG_LUNG_T19","P0019","LUNG_T19","tS3","Epithelial cells",0.400119908011534,"doublet",0.0335046097512782,"CNV_positive","Uncertain","Uncertain","Uncertain","inferCNV pilot only","Uncertain within pilot","Not assigned"
"CATATTCTCGAGCCCA_LUNG_T19","P0019","LUNG_T19","tS3","Epithelial cells",0.092210046483113,"singlet",0.0468428675952015,"CNV_positive","Uncertain","Uncertain","Uncertain","inferCNV pilot only","Uncertain within pilot","Not assigned"
"AGAGCTTTCAAACCGT_LUNG_T19","P0019","LUNG_T19","tS3","Epithelial cells",0.0259709682397333,"singlet",0.0478363632825546,"CNV_positive","Uncertain","Uncertain","Uncertain","inferCNV pilot only","Uncertain within pilot","Not assigned"
"AGATCTGTCCTCCTAG_LUNG_T19","P0019","LUNG_T19","tS3","Epithelial cells",0.133377353399211,"singlet",0.035848894117791,"CNV_positive","Uncertain","Uncertain","Uncertain","inferCNV pilot only","Uncertain within pilot","Not assigned"
"GCGCAACAGAGATGAG_LUNG_T19","P0019","LUNG_T19","tS3","Epithelial cells",0.0128641405153759,"singlet",0.0372986394448613,"CNV_positive","Uncertain","Uncertain","Uncertain","inferCNV pilot only","Uncertain within pilot","Not assigned"
"CGGACACAGTGCCAGA_LUNG_T19","P0019","LUNG_T19","tS3","Epithelial cells",0.0689092300545227,"singlet",0.0459444718174959,"CNV_positive","Uncertain","Uncertain","Uncertain","inferCNV pilot only","Uncertain within pilot","Not assigned"
"GTCACGGGTGAGTGAC_LUNG_T19","P0019","LUNG_T19","tS3","Epithelial cells",0.151467935669919,"singlet",0.0364010318245366,"CNV_positive","Uncertain","Uncertain","Uncertain","inferCNV pilot only","Uncertain within pilot","Not assigned"
"TGGGAAGCACGAAAGC_LUNG_T19","P0019","LUNG_T19","tS3","Epithelial cells",0.0847669793093613,"singlet",0.0412962966929753,"CNV_positive","Uncertain","Uncertain","Uncertain","inferCNV pilot only","Uncertain within pilot","Not assigned"
"CATCGGGGTTCCACTC_LUNG_T19","P0019","LUNG_T19","tS3","Epithelial cells",0.245601832977118,"singlet",0.040114003284032,"CNV_positive","Uncertain","Uncertain","Uncertain","inferCNV pilot only","Uncertain within pilot","Not assigned"
"TTAGTTCAGTTTCCTT_LUNG_T19","P0019","LUNG_T19","tS3","Epithelial cells",0.0649255645044671,"singlet",0.0303051989766219,"CNV_positive","Uncertain","Uncertain","Uncertain","inferCNV pilot only","Uncertain within pilot","Not assigned"
"TTTACTGTCGTCTGAA_LUNG_T19","P0019","LUNG_T19","tS3","Epithelial cells",0.0288471294092702,"singlet",0.0311823939456683,"CNV_positive","Uncertain","Uncertain","Uncertain","inferCNV pilot only","Uncertain within pilot","Not assigned"
"TAAGTGCCACCAGTTA_LUNG_T19","P0019","LUNG_T19","tS3","Epithelial cells",0.0608343355090477,"singlet",0.0412558879026433,"CNV_positive","Uncertain","Uncertain","Uncertain","inferCNV pilot only","Uncertain within pilot","Not assigned"
"GGTGCGTGTGGTCTCG_LUNG_T19","P0019","LUNG_T19","tS3","Epithelial cells",0.0461006141135982,"singlet",0.0453312653180731,"CNV_positive","Uncertain","Uncertain","Uncertain","inferCNV pilot only","Uncertain within pilot","Not assigned"
"AGTTGGTAGGCAAAGA_LUNG_T19","P0019","LUNG_T19","tS3","Epithelial cells",0.0583259813038461,"singlet",0.0416369584041966,"CNV_positive","Uncertain","Uncertain","Uncertain","inferCNV pilot only","Uncertain within pilot","Not assigned"
"AAGACCTTCGTAGGTT_LUNG_T19","P0019","LUNG_T19","tS3","Epithelial cells",0.16537194357014,"singlet",0.0363269884706878,"CNV_positive","Uncertain","Uncertain","Uncertain","inferCNV pilot only","Uncertain within pilot","Not assigned"
"ACATCAGTCCCACTTG_LUNG_T19","P0019","LUNG_T19","tS3","Epithelial cells",0.0851280076407972,"singlet",0.040921009605524,"CNV_positive","Uncertain","Uncertain","Uncertain","inferCNV pilot only","Uncertain within pilot","Not assigned"
"CGACTTCAGATCTGAA_LUNG_T19","P0019","LUNG_T19","tS3","Epithelial cells",0.157179856805181,"singlet",0.0442447000410796,"CNV_positive","Uncertain","Uncertain","Uncertain","inferCNV pilot only","Uncertain within pilot","Not assigned"
"TGTGTTTGTAACGTTC_LUNG_T19","P0019","LUNG_T19","tS3","Epithelial cells",0.0615688510631538,"singlet",0.0398978507220094,"CNV_positive","Uncertain","Uncertain","Uncertain","inferCNV pilot only","Uncertain within pilot","Not assigned"
"CGCCAAGCAGGTGCCT_LUNG_T19","P0019","LUNG_T19","tS3","Epithelial cells",0.0614563828284796,"singlet",0.0409914339684353,"CNV_positive","Uncertain","Uncertain","Uncertain","inferCNV pilot only","Uncertain within pilot","Not assigned"
"AGTGTCATCCAGATCA_LUNG_T19","P0019","LUNG_T19","tS3","Epithelial cells",0.0160908438306542,"singlet",0.0362023903892507,"CNV_positive","Uncertain","Uncertain","Uncertain","inferCNV pilot only","Uncertain within pilot","Not assigned"
"CATGGCGGTAGTGAAT_LUNG_T19","P0019","LUNG_T19","tS3","Epithelial cells",0.114594233913284,"singlet",0.0354482916333894,"CNV_positive","Uncertain","Uncertain","Uncertain","inferCNV pilot only","Uncertain within pilot","Not assigned"
"TCCACACTCTTCCTTC_LUNG_T19","P0019","LUNG_T19","tS3","Epithelial cells",0.118356480969144,"singlet",0.0399259248582972,"CNV_positive","Uncertain","Uncertain","Uncertain","inferCNV pilot only","Uncertain within pilot","Not assigned"
"TGGCTGGGTTGGTGGA_LUNG_T19","P0019","LUNG_T19","tS3","Epithelial cells",0.0265358426032448,"singlet",0.0480670138810323,"CNV_positive","Uncertain","Uncertain","Uncertain","inferCNV pilot only","Uncertain within pilot","Not assigned"
"ATGAGGGAGTTTAGGA_LUNG_T19","P0019","LUNG_T19","tS3","Epithelial cells",0.0411577061923688,"singlet",0.0373971944134964,"CNV_positive","Uncertain","Uncertain","Uncertain","inferCNV pilot only","Uncertain within pilot","Not assigned"
"TCAACGATCACCTTAT_LUNG_T19","P0019","LUNG_T19","tS3","Epithelial cells",0.0559112729856246,"singlet",0.0436173435466647,"CNV_positive","Uncertain","Uncertain","Uncertain","inferCNV pilot only","Uncertain within pilot","Not assigned"
"ACTGATGTCGCTAGCG_LUNG_T19","P0019","LUNG_T19","tS3","Epithelial cells",0.319182784904797,"singlet",0.0426093512875254,"CNV_positive","Uncertain","Uncertain","Uncertain","inferCNV pilot only","Uncertain within pilot","Not assigned"
"GTCTTCGTCGCAAACT_LUNG_T19","P0019","LUNG_T19","tS3","Epithelial cells",0.416634303969267,"doublet",0.0305970533163773,"CNV_positive","Uncertain","Uncertain","Uncertain","inferCNV pilot only","Uncertain within pilot","Not assigned"
"TGGCTGGCAGGGCATA_LUNG_T19","P0019","LUNG_T19","tS3","Epithelial cells",0.0818560672151481,"singlet",0.023377457174113,"CNV_uncertain","Uncertain","Uncertain","Uncertain","inferCNV pilot only","Uncertain within pilot","Not assigned"
"CTTACCGTCCAAGTAC_LUNG_T19","P0019","LUNG_T19","tS3","Epithelial cells",0.0107144073175889,"singlet",0.0337311944797637,"CNV_positive","Uncertain","Uncertain","Uncertain","inferCNV pilot only","Uncertain within pilot","Not assigned"
"TATCTCACAGATTGCT_LUNG_T19","P0019","LUNG_T19","tS3","Epithelial cells",0.0160367742286982,"singlet",0.0375236540219065,"CNV_positive","Uncertain","Uncertain","Uncertain","inferCNV pilot only","Uncertain within pilot","Not assigned"
"CTGAAACAGACTAGAT_LUNG_T19","P0019","LUNG_T19","tS3","Epithelial cells",0.0228078423314072,"singlet",0.0453130677362992,"CNV_positive","Uncertain","Uncertain","Uncertain","inferCNV pilot only","Uncertain within pilot","Not assigned"
"GCTCTGTTCTCGAGTA_LUNG_T19","P0019","LUNG_T19","tS3","Epithelial cells",0.0584129350419729,"singlet",0.0321550996408287,"CNV_positive","Uncertain","Uncertain","Uncertain","inferCNV pilot only","Uncertain within pilot","Not assigned"
"GTACTCCTCAGGTAAA_LUNG_T19","P0019","LUNG_T19","tS3","Epithelial cells",0.0866894711214775,"singlet",0.0276523323068309,"CNV_positive","Uncertain","Uncertain","Uncertain","inferCNV pilot only","Uncertain within pilot","Not assigned"
"GAACCTATCCGTTGCT_LUNG_T19","P0019","LUNG_T19","tS3","Epithelial cells",0.42843516217579,"doublet",0.0339134613021478,"CNV_positive","Uncertain","Uncertain","Uncertain","inferCNV pilot only","Uncertain within pilot","Not assigned"
"GCTTGAAGTCGGCACT_LUNG_T19","P0019","LUNG_T19","tS3","Epithelial cells",0.153023266892916,"singlet",0.0438956815257957,"CNV_positive","Uncertain","Uncertain","Uncertain","inferCNV pilot only","Uncertain within pilot","Not assigned"
"AAGGCAGTCACCTTAT_LUNG_T19","P0019","LUNG_T19","tS3","Epithelial cells",0.0106398366409959,"singlet",0.0397140285264498,"CNV_positive","Uncertain","Uncertain","Uncertain","inferCNV pilot only","Uncertain within pilot","Not assigned"
"CCCATACTCCAAACAC_LUNG_T25","P0025","LUNG_T25","tS3","Epithelial cells",0.186492173126794,"singlet",0.0261549100022916,"CNV_positive","Uncertain","Uncertain","Uncertain","inferCNV pilot only","Uncertain within pilot","Not assigned"
"CAACCAAGTCCAGTTA_LUNG_T25","P0025","LUNG_T25","tS3","Epithelial cells",0.254305783299653,"singlet",0.0280338242833665,"CNV_positive","Uncertain","Uncertain","Uncertain","inferCNV pilot only","Uncertain within pilot","Not assigned"
"GTCTTCGGTTTGGGCC_LUNG_T25","P0025","LUNG_T25","tS3","Epithelial cells",0.287785702699393,"singlet",0.0206791320809648,"CNV_negative","Uncertain","Uncertain","Uncertain","inferCNV pilot only","Uncertain within pilot","Not assigned"
"CGTAGCGTCGTGGACC_LUNG_T25","P0025","LUNG_T25","tS3","Epithelial cells",0.0981226538406147,"singlet",0.0257210043126874,"CNV_positive","Uncertain","Uncertain","Uncertain","inferCNV pilot only","Uncertain within pilot","Not assigned"
"CCTTCGATCTTCAACT_LUNG_T25","P0025","LUNG_T25","tS3","Epithelial cells",0.2258501160049,"singlet",0.0285082239357977,"CNV_positive","Uncertain","Uncertain","Uncertain","inferCNV pilot only","Uncertain within pilot","Not assigned"
"GTCGTAACAAAGCAAT_LUNG_T25","P0025","LUNG_T25","tS3","Epithelial cells",0.28545424347923,"singlet",0.0268282870587075,"CNV_positive","Uncertain","Uncertain","Uncertain","inferCNV pilot only","Uncertain within pilot","Not assigned"
"GCGGGTTGTGACGCCT_LUNG_T25","P0025","LUNG_T25","tS3","Epithelial cells",0.246292875727007,"singlet",0.0338936227864081,"CNV_positive","Uncertain","Uncertain","Uncertain","inferCNV pilot only","Uncertain within pilot","Not assigned"
"CGAACATGTAGATTAG_LUNG_T25","P0025","LUNG_T25","tS3","Epithelial cells",0.187091514501943,"singlet",0.0289724410135852,"CNV_positive","Uncertain","Uncertain","Uncertain","inferCNV pilot only","Uncertain within pilot","Not assigned"
"TGGCCAGCATGCATGT_LUNG_T30","P0030","LUNG_T30","tS3","Epithelial cells",0.273316331781217,"singlet",0.0116368194855213,"CNV_negative","Uncertain","Uncertain","Uncertain","inferCNV pilot only","Uncertain within pilot","Not assigned"
"GACTGCGCATATGCTG_LUNG_T30","P0030","LUNG_T30","tS3","Epithelial cells",0.248344920767288,"singlet",0.0131222200247927,"CNV_negative","Uncertain","Uncertain","Uncertain","inferCNV pilot only","Uncertain within pilot","Not assigned"
"TGGTTCCGTATAATGG_LUNG_T30","P0030","LUNG_T30","tS3","Epithelial cells",0.128434316066676,"singlet",0.0339915454173679,"CNV_positive","Uncertain","Uncertain","Uncertain","inferCNV pilot only","Uncertain within pilot","Not assigned"
"CTCTAATCATTGGTAC_LUNG_T30","P0030","LUNG_T30","tS3","Epithelial cells",0.164230902296988,"singlet",0.0285321606771267,"CNV_positive","Uncertain","Uncertain","Uncertain","inferCNV pilot only","Uncertain within pilot","Not assigned"
"AGGGTGATCTGCTTGC_LUNG_T30","P0030","LUNG_T30","tS3","Epithelial cells",0.131573368610061,"singlet",0.0304376651621099,"CNV_positive","Uncertain","Uncertain","Uncertain","inferCNV pilot only","Uncertain within pilot","Not assigned"
"GACAGAGTCTATGTGG_LUNG_T30","P0030","LUNG_T30","tS3","Epithelial cells",0.043663047023054,"singlet",0.0351665875694374,"CNV_positive","Uncertain","Uncertain","Uncertain","inferCNV pilot only","Uncertain within pilot","Not assigned"
"TTGGCAACAATGGAGC_LUNG_T30","P0030","LUNG_T30","tS3","Epithelial cells",0.155564553693054,"singlet",0.0274208269861077,"CNV_positive","Uncertain","Uncertain","Uncertain","inferCNV pilot only","Uncertain within pilot","Not assigned"
"GATGCTAGTCCGAACC_LUNG_T30","P0030","LUNG_T30","tS3","Epithelial cells",0.188557135696276,"singlet",0.0275194045352725,"CNV_positive","Uncertain","Uncertain","Uncertain","inferCNV pilot only","Uncertain within pilot","Not assigned"
"GTTACAGCAAACTGTC_LUNG_T30","P0030","LUNG_T30","tS3","Epithelial cells",0.15228861261753,"singlet",0.0307864291170706,"CNV_positive","Uncertain","Uncertain","Uncertain","inferCNV pilot only","Uncertain within pilot","Not assigned"
"TATGCCCCACTCGACG_LUNG_T30","P0030","LUNG_T30","tS3","Epithelial cells",0.190234969713561,"singlet",0.0179261706382867,"CNV_negative","Uncertain","Uncertain","Uncertain","inferCNV pilot only","Uncertain within pilot","Not assigned"
"ACTTACTAGACCCACC_LUNG_T31","P0031","LUNG_T31","tS3","Epithelial cells",0.247472103544456,"singlet",0.056332598897258,"CNV_positive","Uncertain","Uncertain","Uncertain","inferCNV pilot only","Uncertain within pilot","Not assigned"
"GTACTTTAGTTAACGA_LUNG_T06","P0006","LUNG_T06",NA,NA,NA,NA,0.00835575377550406,"CNV_negative","Non-malignant","Non-malignant","Non-malignant","inferCNV pilot only","Reference/pilot","Not assigned"
"TCCCGATCATTACCTT_LUNG_T08","P0008","LUNG_T08",NA,NA,NA,NA,0.0103017502469291,"CNV_negative","Non-malignant","Non-malignant","Non-malignant","inferCNV pilot only","Reference/pilot","Not assigned"
"AGGTCATTCCGTCATC_LUNG_T09","P0009","LUNG_T09",NA,NA,NA,NA,0.00659771563117701,"CNV_negative","Non-malignant","Non-malignant","Non-malignant","inferCNV pilot only","Reference/pilot","Not assigned"
"TTCGGTCAGCGCTCCA_LUNG_T18","P0018","LUNG_T18",NA,NA,NA,NA,0.0104296618401406,"CNV_negative","Non-malignant","Non-malignant","Non-malignant","inferCNV pilot only","Reference/pilot","Not assigned"
"CTCTACGCATTATCTC_LUNG_T19","P0019","LUNG_T19",NA,NA,NA,NA,0.0104551885998903,"CNV_negative","Non-malignant","Non-malignant","Non-malignant","inferCNV pilot only","Reference/pilot","Not assigned"
"AGCGGTCGTATATGGA_LUNG_T20","P0020","LUNG_T20",NA,NA,NA,NA,0.0083940073391279,"CNV_negative","Non-malignant","Non-malignant","Non-malignant","inferCNV pilot only","Reference/pilot","Not assigned"
"CGTCCATCAGCTCGCA_LUNG_T25","P0025","LUNG_T25",NA,NA,NA,NA,0.00931386840706309,"CNV_negative","Non-malignant","Non-malignant","Non-malignant","inferCNV pilot only","Reference/pilot","Not assigned"
"TTTGTCATCAGTGTTG_LUNG_T28","P0028","LUNG_T28",NA,NA,NA,NA,0.00641020762656164,"CNV_negative","Non-malignant","Non-malignant","Non-malignant","inferCNV pilot only","Reference/pilot","Not assigned"
"ACGTCAATCAGTTGAC_LUNG_N30","P0030","LUNG_N30",NA,NA,NA,NA,0.0210178824208978,"CNV_uncertain","Non-malignant","Non-malignant","Non-malignant","inferCNV pilot only","Reference/pilot","Not assigned"
"CGATTGAAGGACAGAA_LUNG_T31","P0031","LUNG_T31",NA,NA,NA,NA,0.00577670693316067,"CNV_negative","Non-malignant","Non-malignant","Non-malignant","inferCNV pilot only","Reference/pilot","Not assigned"
"CGGACGTTCTGCCAGG_LUNG_N34","P0034","LUNG_N34",NA,NA,NA,NA,0.00672836624377804,"CNV_negative","Non-malignant","Non-malignant","Non-malignant","inferCNV pilot only","Reference/pilot","Not assigned"
"TATGCCCCAACTGCTA_EBUS_06","P1006","EBUS_06",NA,NA,NA,NA,0.012697491882204,"CNV_negative","Non-malignant","Non-malignant","Non-malignant","inferCNV pilot only","Reference/pilot","Not assigned"
"CTAACTTAGGTGTGGT_EBUS_10","P1010","EBUS_10",NA,NA,NA,NA,0.00901473537153608,"CNV_negative","Non-malignant","Non-malignant","Non-malignant","inferCNV pilot only","Reference/pilot","Not assigned"
"AACCATGCATCGGTTA_BRONCHO_11","P1011","BRONCHO_11",NA,NA,NA,NA,0.0118230161313205,"CNV_negative","Non-malignant","Non-malignant","Non-malignant","inferCNV pilot only","Reference/pilot","Not assigned"
"CAGCATACAGACGCTC_EFFUSION_12","P1012","EFFUSION_12",NA,NA,NA,NA,0.0055491967746253,"CNV_negative","Non-malignant","Non-malignant","Non-malignant","inferCNV pilot only","Reference/pilot","Not assigned"
"CTCGTACCAACTGCGC_EBUS_13","P1013","EBUS_13",NA,NA,NA,NA,0.00970476548422525,"CNV_negative","Non-malignant","Non-malignant","Non-malignant","inferCNV pilot only","Reference/pilot","Not assigned"
"GGAAAGCTCGTTACAG_EBUS_15","P1015","EBUS_15",NA,NA,NA,NA,0.00970638216154363,"CNV_negative","Non-malignant","Non-malignant","Non-malignant","inferCNV pilot only","Reference/pilot","Not assigned"
"GGATTACAGGCCCGTT_EBUS_19","P1019","EBUS_19",NA,NA,NA,NA,0.00993458419902101,"CNV_negative","Non-malignant","Non-malignant","Non-malignant","inferCNV pilot only","Reference/pilot","Not assigned"
"CTCGGGAGTACGCTGC_EBUS_28","P1028","EBUS_28",NA,NA,NA,NA,0.0152298595611216,"CNV_negative","Non-malignant","Non-malignant","Non-malignant","inferCNV pilot only","Reference/pilot","Not assigned"
"CTACGTCGTCCGTTAA_EBUS_49","P1049","EBUS_49",NA,NA,NA,NA,0.0090262843042884,"CNV_negative","Non-malignant","Non-malignant","Non-malignant","inferCNV pilot only","Reference/pilot","Not assigned"
"GCGACCAGTGTGGTTT_EBUS_51","P1051","EBUS_51",NA,NA,NA,NA,0.010601113925767,"CNV_negative","Non-malignant","Non-malignant","Non-malignant","inferCNV pilot only","Reference/pilot","Not assigned"
"CACACAATCGTCGTTC_BRONCHO_58","P1058","BRONCHO_58",NA,NA,NA,NA,0.00595923637187427,"CNV_negative","Non-malignant","Non-malignant","Non-malignant","inferCNV pilot only","Reference/pilot","Not assigned"
"GTCACGGAGCCACCTG_NS_02","P3002","NS_02",NA,NA,NA,NA,0.00664067156193409,"CNV_negative","Non-malignant","Non-malignant","Non-malignant","inferCNV pilot only","Reference/pilot","Not assigned"
"CGTTCTGTCGTGGACC_NS_03","P3003","NS_03",NA,NA,NA,NA,0.0124688442828877,"CNV_negative","Non-malignant","Non-malignant","Non-malignant","inferCNV pilot only","Reference/pilot","Not assigned"
"GTCCTCACAAGGCTCC_NS_04","P3004","NS_04",NA,NA,NA,NA,0.0104133190502045,"CNV_negative","Non-malignant","Non-malignant","Non-malignant","inferCNV pilot only","Reference/pilot","Not assigned"
"ATTGGTGTCTTAGCCC_NS_06","P3006","NS_06",NA,NA,NA,NA,0.00576998350314848,"CNV_negative","Non-malignant","Non-malignant","Non-malignant","inferCNV pilot only","Reference/pilot","Not assigned"
"AGTGAGGAGTCGAGTG_NS_07","P3007","NS_07",NA,NA,NA,NA,0.010725901395388,"CNV_negative","Non-malignant","Non-malignant","Non-malignant","inferCNV pilot only","Reference/pilot","Not assigned"
"CAGAGAGCAAGCCATT_NS_12","P3012","NS_12",NA,NA,NA,NA,0.0159674640088848,"CNV_negative","Non-malignant","Non-malignant","Non-malignant","inferCNV pilot only","Reference/pilot","Not assigned"
"TGTGTTTTCCTAGTGA_NS_13","P3013","NS_13",NA,NA,NA,NA,0.00653606841823853,"CNV_negative","Non-malignant","Non-malignant","Non-malignant","inferCNV pilot only","Reference/pilot","Not assigned"
"TTATGCTAGACTAAGT_NS_16","P3016","NS_16",NA,NA,NA,NA,0.00920016047870977,"CNV_negative","Non-malignant","Non-malignant","Non-malignant","inferCNV pilot only","Reference/pilot","Not assigned"
"CCACTACAGGGTGTGT_NS_17","P3017","NS_17",NA,NA,NA,NA,0.0172555242346842,"CNV_negative","Non-malignant","Non-malignant","Non-malignant","inferCNV pilot only","Reference/pilot","Not assigned"
"CGGTTAAGTGCGAAAC_NS_19","P3019","NS_19",NA,NA,NA,NA,0.00767957344542414,"CNV_negative","Non-malignant","Non-malignant","Non-malignant","inferCNV pilot only","Reference/pilot","Not assigned"
"CGGAGTCAGTAGGCCA_LUNG_N06","P0006","LUNG_N06",NA,NA,NA,NA,0.0096604507851823,"CNV_negative","Non-malignant","Non-malignant","Non-malignant","inferCNV pilot only","Reference/pilot","Not assigned"
"CTAGTGATCTCCTATA_LUNG_N08","P0008","LUNG_N08",NA,NA,NA,NA,0.00798195297630568,"CNV_negative","Non-malignant","Non-malignant","Non-malignant","inferCNV pilot only","Reference/pilot","Not assigned"
"GCAATCATCCTATTCA_LUNG_T09","P0009","LUNG_T09",NA,NA,NA,NA,0.016618461155085,"CNV_negative","Non-malignant","Non-malignant","Non-malignant","inferCNV pilot only","Reference/pilot","Not assigned"
"ACCAGTACAAACTGTC_LUNG_T18","P0018","LUNG_T18",NA,NA,NA,NA,0.0184185286054672,"CNV_negative","Non-malignant","Non-malignant","Non-malignant","inferCNV pilot only","Reference/pilot","Not assigned"
"TGCTACCTCTCTTATG_LUNG_T19","P0019","LUNG_T19",NA,NA,NA,NA,0.00812835661133424,"CNV_negative","Non-malignant","Non-malignant","Non-malignant","inferCNV pilot only","Reference/pilot","Not assigned"
"TTTCCTCAGTTGAGAT_LUNG_N20","P0020","LUNG_N20",NA,NA,NA,NA,0.00972833091347385,"CNV_negative","Non-malignant","Non-malignant","Non-malignant","inferCNV pilot only","Reference/pilot","Not assigned"
"CTGCGGAAGGATTCGG_LUNG_T25","P0025","LUNG_T25",NA,NA,NA,NA,0.00757463012359385,"CNV_negative","Non-malignant","Non-malignant","Non-malignant","inferCNV pilot only","Reference/pilot","Not assigned"
"ATGAGGGAGACTGTAA_LUNG_N28","P0028","LUNG_N28",NA,NA,NA,NA,0.0149634755597652,"CNV_negative","Non-malignant","Non-malignant","Non-malignant","inferCNV pilot only","Reference/pilot","Not assigned"
"GATCTAGTCGCCAGCA_LUNG_T30","P0030","LUNG_T30",NA,NA,NA,NA,0.0110686133277862,"CNV_negative","Non-malignant","Non-malignant","Non-malignant","inferCNV pilot only","Reference/pilot","Not assigned"
"ACGAGCCTCGAATGCT_LUNG_N31","P0031","LUNG_N31",NA,NA,NA,NA,0.0173335138513695,"CNV_negative","Non-malignant","Non-malignant","Non-malignant","inferCNV pilot only","Reference/pilot","Not assigned"
"ACGGGTCCATGGTCAT_LUNG_N34","P0034","LUNG_N34",NA,NA,NA,NA,0.0126704199598464,"CNV_negative","Non-malignant","Non-malignant","Non-malignant","inferCNV pilot only","Reference/pilot","Not assigned"
"CGATTGACAGTTCATG_EFFUSION_06","P1006","EFFUSION_06",NA,NA,NA,NA,0.0117008912733902,"CNV_negative","Non-malignant","Non-malignant","Non-malignant","inferCNV pilot only","Reference/pilot","Not assigned"
"CCTCAGTAGGACATTA_EBUS_10","P1010","EBUS_10",NA,NA,NA,NA,0.0165950076587289,"CNV_negative","Non-malignant","Non-malignant","Non-malignant","inferCNV pilot only","Reference/pilot","Not assigned"
"CGATGGCTCGTTTATC_EFFUSION_11","P1011","EFFUSION_11",NA,NA,NA,NA,0.00983249352311514,"CNV_negative","Non-malignant","Non-malignant","Non-malignant","inferCNV pilot only","Reference/pilot","Not assigned"
"GATCGTAAGATCCTGT_EFFUSION_12","P1012","EFFUSION_12",NA,NA,NA,NA,0.00760243262150008,"CNV_negative","Non-malignant","Non-malignant","Non-malignant","inferCNV pilot only","Reference/pilot","Not assigned"
"GCTGCGAGTAAGGGCT_EFFUSION_13","P1013","EFFUSION_13",NA,NA,NA,NA,0.0191295306594928,"CNV_negative","Non-malignant","Non-malignant","Non-malignant","inferCNV pilot only","Reference/pilot","Not assigned"
"CGTGAGCTCACGCGGT_EBUS_15","P1015","EBUS_15",NA,NA,NA,NA,0.00897280204224008,"CNV_negative","Non-malignant","Non-malignant","Non-malignant","inferCNV pilot only","Reference/pilot","Not assigned"
"TTCTCCTGTAAATGTG_EBUS_19","P1019","EBUS_19",NA,NA,NA,NA,0.00474392768941055,"CNV_negative","Non-malignant","Non-malignant","Non-malignant","inferCNV pilot only","Reference/pilot","Not assigned"
"CGGACACTCATACGGT_EBUS_28","P1028","EBUS_28",NA,NA,NA,NA,0.0110423055833412,"CNV_negative","Non-malignant","Non-malignant","Non-malignant","inferCNV pilot only","Reference/pilot","Not assigned"
"TACAGTGGTTATGCGT_EBUS_49","P1049","EBUS_49",NA,NA,NA,NA,0.00896580859819836,"CNV_negative","Non-malignant","Non-malignant","Non-malignant","inferCNV pilot only","Reference/pilot","Not assigned"
"TCAGATGCACCACGTG_EBUS_51","P1051","EBUS_51",NA,NA,NA,NA,0.0205513399094121,"CNV_negative","Non-malignant","Non-malignant","Non-malignant","inferCNV pilot only","Reference/pilot","Not assigned"
"TATCTCAAGCGCTTAT_BRONCHO_58","P1058","BRONCHO_58",NA,NA,NA,NA,0.0186482638183057,"CNV_negative","Non-malignant","Non-malignant","Non-malignant","inferCNV pilot only","Reference/pilot","Not assigned"
"CCTTCCCTCGGAAACG_NS_02","P3002","NS_02",NA,NA,NA,NA,0.0119027023391242,"CNV_negative","Non-malignant","Non-malignant","Non-malignant","inferCNV pilot only","Reference/pilot","Not assigned"
"GTCATTTGTCGAGATG_NS_03","P3003","NS_03",NA,NA,NA,NA,0.0207344697461963,"CNV_negative","Non-malignant","Non-malignant","Non-malignant","inferCNV pilot only","Reference/pilot","Not assigned"
"TTTATGCGTTCAACCA_NS_04","P3004","NS_04",NA,NA,NA,NA,0.00447747410273479,"CNV_negative","Non-malignant","Non-malignant","Non-malignant","inferCNV pilot only","Reference/pilot","Not assigned"
"CCATGTCAGATAGTCA_NS_06","P3006","NS_06",NA,NA,NA,NA,0.0142552847156968,"CNV_negative","Non-malignant","Non-malignant","Non-malignant","inferCNV pilot only","Reference/pilot","Not assigned"
"AGGCCGTGTTACAGAA_NS_07","P3007","NS_07",NA,NA,NA,NA,0.0152491960786476,"CNV_negative","Non-malignant","Non-malignant","Non-malignant","inferCNV pilot only","Reference/pilot","Not assigned"
"GGACATTTCCCTTGCA_NS_12","P3012","NS_12",NA,NA,NA,NA,0.0256179660574697,"CNV_positive","Non-malignant","Non-malignant","Non-malignant","inferCNV pilot only","Reference/pilot","Not assigned"
"GCATGCGCATTCTCAT_NS_13","P3013","NS_13",NA,NA,NA,NA,0.00513645685630826,"CNV_negative","Non-malignant","Non-malignant","Non-malignant","inferCNV pilot only","Reference/pilot","Not assigned"
"GCTCCTACACAACTGT_NS_16","P3016","NS_16",NA,NA,NA,NA,0.00846803649350478,"CNV_negative","Non-malignant","Non-malignant","Non-malignant","inferCNV pilot only","Reference/pilot","Not assigned"
"TCAGGATCAACTGCTA_NS_17","P3017","NS_17",NA,NA,NA,NA,0.0101960679051315,"CNV_negative","Non-malignant","Non-malignant","Non-malignant","inferCNV pilot only","Reference/pilot","Not assigned"
"ACCCACTGTGAGGCTA_NS_19","P3019","NS_19",NA,NA,NA,NA,0.00412684433160374,"CNV_negative","Non-malignant","Non-malignant","Non-malignant","inferCNV pilot only","Reference/pilot","Not assigned"
"ACAGCCGCATACCATG_LUNG_T06","P0006","LUNG_T06",NA,NA,NA,NA,0.0144598848435738,"CNV_negative","Non-malignant","Non-malignant","Non-malignant","inferCNV pilot only","Reference/pilot","Not assigned"
"CAACCTCCAAATCCGT_LUNG_T08","P0008","LUNG_T08",NA,NA,NA,NA,0.0217758441377678,"CNV_uncertain","Non-malignant","Non-malignant","Non-malignant","inferCNV pilot only","Reference/pilot","Not assigned"
"CTCATTAAGTCGCCGT_LUNG_T09","P0009","LUNG_T09",NA,NA,NA,NA,0.0141788135172452,"CNV_negative","Non-malignant","Non-malignant","Non-malignant","inferCNV pilot only","Reference/pilot","Not assigned"
"GCGACCACACAGACTT_LUNG_N18","P0018","LUNG_N18",NA,NA,NA,NA,0.0138485563665262,"CNV_negative","Non-malignant","Non-malignant","Non-malignant","inferCNV pilot only","Reference/pilot","Not assigned"
"CACCACTTCTGTCTCG_LUNG_N19","P0019","LUNG_N19",NA,NA,NA,NA,0.0103017691910339,"CNV_negative","Non-malignant","Non-malignant","Non-malignant","inferCNV pilot only","Reference/pilot","Not assigned"
"AGCTCTCTCTGAGGGA_LUNG_N20","P0020","LUNG_N20",NA,NA,NA,NA,0.00759583112780612,"CNV_negative","Non-malignant","Non-malignant","Non-malignant","inferCNV pilot only","Reference/pilot","Not assigned"
"GGCTGGTGTGACGGTA_LUNG_T25","P0025","LUNG_T25",NA,NA,NA,NA,0.00844251144594145,"CNV_negative","Non-malignant","Non-malignant","Non-malignant","inferCNV pilot only","Reference/pilot","Not assigned"
"TCTCTAATCGGTGTCG_LUNG_T28","P0028","LUNG_T28",NA,NA,NA,NA,0.0138460318994561,"CNV_negative","Non-malignant","Non-malignant","Non-malignant","inferCNV pilot only","Reference/pilot","Not assigned"
"GACGTTAAGCTACCTA_LUNG_T30","P0030","LUNG_T30",NA,NA,NA,NA,0.0124686597733913,"CNV_negative","Non-malignant","Non-malignant","Non-malignant","inferCNV pilot only","Reference/pilot","Not assigned"
"GTCAAGTTCACTTCAT_LUNG_T31","P0031","LUNG_T31",NA,NA,NA,NA,0.0196196336679257,"CNV_negative","Non-malignant","Non-malignant","Non-malignant","inferCNV pilot only","Reference/pilot","Not assigned"
"TGGCGCAGTGCCTGGT_LUNG_N34","P0034","LUNG_N34",NA,NA,NA,NA,0.0138552560705262,"CNV_negative","Non-malignant","Non-malignant","Non-malignant","inferCNV pilot only","Reference/pilot","Not assigned"
"AGTTGGTAGGCATTGG_EBUS_06","P1006","EBUS_06",NA,NA,NA,NA,0.0233134315369553,"CNV_uncertain","Non-malignant","Non-malignant","Non-malignant","inferCNV pilot only","Reference/pilot","Not assigned"
"CAGCGACAGTCGAGTG_EBUS_10","P1010","EBUS_10",NA,NA,NA,NA,0.0155246048104059,"CNV_negative","Non-malignant","Non-malignant","Non-malignant","inferCNV pilot only","Reference/pilot","Not assigned"
"GTAGGCCCAGTCAGAG_EFFUSION_11","P1011","EFFUSION_11",NA,NA,NA,NA,0.00771579215184824,"CNV_negative","Non-malignant","Non-malignant","Non-malignant","inferCNV pilot only","Reference/pilot","Not assigned"
"GGACAAGAGCTGCAAG_EFFUSION_12","P1012","EFFUSION_12",NA,NA,NA,NA,0.0092432449842452,"CNV_negative","Non-malignant","Non-malignant","Non-malignant","inferCNV pilot only","Reference/pilot","Not assigned"
"ACGCCGACAACTGGCC_EFFUSION_13","P1013","EFFUSION_13",NA,NA,NA,NA,0.0114979714972998,"CNV_negative","Non-malignant","Non-malignant","Non-malignant","inferCNV pilot only","Reference/pilot","Not assigned"
"AGGTCATGTAAACGCG_EBUS_15","P1015","EBUS_15",NA,NA,NA,NA,0.0105573273062637,"CNV_negative","Non-malignant","Non-malignant","Non-malignant","inferCNV pilot only","Reference/pilot","Not assigned"
"AGAGCGATCACAGGCC_EBUS_19","P1019","EBUS_19",NA,NA,NA,NA,0.00328932114544921,"CNV_negative","Non-malignant","Non-malignant","Non-malignant","inferCNV pilot only","Reference/pilot","Not assigned"
"CCGTACTCATCTATGG_EBUS_28","P1028","EBUS_28",NA,NA,NA,NA,0.010237498033434,"CNV_negative","Non-malignant","Non-malignant","Non-malignant","inferCNV pilot only","Reference/pilot","Not assigned"
"ACGGGTCAGGCAGTCA_EBUS_49","P1049","EBUS_49",NA,NA,NA,NA,0.0109084698981839,"CNV_negative","Non-malignant","Non-malignant","Non-malignant","inferCNV pilot only","Reference/pilot","Not assigned"
"TACTTGTGTACACCGC_EBUS_51","P1051","EBUS_51",NA,NA,NA,NA,0.0184622556035639,"CNV_negative","Non-malignant","Non-malignant","Non-malignant","inferCNV pilot only","Reference/pilot","Not assigned"
"ATAACGCCAATGACCT_BRONCHO_58","P1058","BRONCHO_58",NA,NA,NA,NA,0.0112503424588421,"CNV_negative","Non-malignant","Non-malignant","Non-malignant","inferCNV pilot only","Reference/pilot","Not assigned"
"CGTTAGATCGGATGTT_NS_02","P3002","NS_02",NA,NA,NA,NA,0.00916348096671245,"CNV_negative","Non-malignant","Non-malignant","Non-malignant","inferCNV pilot only","Reference/pilot","Not assigned"
"TACGGTAGTTTGACAC_NS_03","P3003","NS_03",NA,NA,NA,NA,0.0170037862081147,"CNV_negative","Non-malignant","Non-malignant","Non-malignant","inferCNV pilot only","Reference/pilot","Not assigned"
"TCACAAGGTATTACCG_NS_04","P3004","NS_04",NA,NA,NA,NA,0.0109840302184678,"CNV_negative","Non-malignant","Non-malignant","Non-malignant","inferCNV pilot only","Reference/pilot","Not assigned"
"GAGGTGATCTGGGCCA_NS_06","P3006","NS_06",NA,NA,NA,NA,0.00312827621852438,"CNV_negative","Non-malignant","Non-malignant","Non-malignant","inferCNV pilot only","Reference/pilot","Not assigned"
"GAATGAAGTATCTGCA_NS_07","P3007","NS_07",NA,NA,NA,NA,0.020904541734812,"CNV_uncertain","Non-malignant","Non-malignant","Non-malignant","inferCNV pilot only","Reference/pilot","Not assigned"
"GTTCTCGCACGACTCG_NS_12","P3012","NS_12",NA,NA,NA,NA,0.0212404479431886,"CNV_uncertain","Non-malignant","Non-malignant","Non-malignant","inferCNV pilot only","Reference/pilot","Not assigned"
"ATGAGGGAGCGTGTCC_NS_13","P3013","NS_13",NA,NA,NA,NA,0.0186559206040065,"CNV_negative","Non-malignant","Non-malignant","Non-malignant","inferCNV pilot only","Reference/pilot","Not assigned"
"GTTACAGTCCTCGCAT_NS_16","P3016","NS_16",NA,NA,NA,NA,0.0178839581386427,"CNV_negative","Non-malignant","Non-malignant","Non-malignant","inferCNV pilot only","Reference/pilot","Not assigned"
"GGAGCAATCTCACATT_NS_17","P3017","NS_17",NA,NA,NA,NA,0.0181238531270398,"CNV_negative","Non-malignant","Non-malignant","Non-malignant","inferCNV pilot only","Reference/pilot","Not assigned"
"ACTGAACAGTGTTTGC_NS_19","P3019","NS_19",NA,NA,NA,NA,0.00959741810384387,"CNV_negative","Non-malignant","Non-malignant","Non-malignant","inferCNV pilot only","Reference/pilot","Not assigned"
"TCAGCAAAGTATCGAA_LUNG_T06","P0006","LUNG_T06",NA,NA,NA,NA,0.0079785368836074,"CNV_negative","Non-malignant","Non-malignant","Non-malignant","inferCNV pilot only","Reference/pilot","Not assigned"
"TTTGCGCCAGGATTGG_LUNG_T08","P0008","LUNG_T08",NA,NA,NA,NA,0.00568672956024918,"CNV_negative","Non-malignant","Non-malignant","Non-malignant","inferCNV pilot only","Reference/pilot","Not assigned"
"CGTAGGCGTGCTCTTC_LUNG_T09","P0009","LUNG_T09",NA,NA,NA,NA,0.00987791841316598,"CNV_negative","Non-malignant","Non-malignant","Non-malignant","inferCNV pilot only","Reference/pilot","Not assigned"
"TCAACGAGTTCCACTC_LUNG_T18","P0018","LUNG_T18",NA,NA,NA,NA,0.00962576439620562,"CNV_negative","Non-malignant","Non-malignant","Non-malignant","inferCNV pilot only","Reference/pilot","Not assigned"
"CCTCTGAGTTCCACGG_LUNG_T19","P0019","LUNG_T19",NA,NA,NA,NA,0.00908757958892407,"CNV_negative","Non-malignant","Non-malignant","Non-malignant","inferCNV pilot only","Reference/pilot","Not assigned"
"GTAGTCATCAGGTTCA_LUNG_T20","P0020","LUNG_T20",NA,NA,NA,NA,0.0103569843285559,"CNV_negative","Non-malignant","Non-malignant","Non-malignant","inferCNV pilot only","Reference/pilot","Not assigned"
"CTAATGGAGGAGTTTA_LUNG_T25","P0025","LUNG_T25",NA,NA,NA,NA,0.00874539932370374,"CNV_negative","Non-malignant","Non-malignant","Non-malignant","inferCNV pilot only","Reference/pilot","Not assigned"
"CCTAAAGAGTTCGCGC_LUNG_T28","P0028","LUNG_T28",NA,NA,NA,NA,0.00714515129656753,"CNV_negative","Non-malignant","Non-malignant","Non-malignant","inferCNV pilot only","Reference/pilot","Not assigned"
"CAGCTAATCTGTACGA_LUNG_T30","P0030","LUNG_T30",NA,NA,NA,NA,0.00445486738664512,"CNV_negative","Non-malignant","Non-malignant","Non-malignant","inferCNV pilot only","Reference/pilot","Not assigned"
"GGACGTCAGAAGCCCA_LUNG_T31","P0031","LUNG_T31",NA,NA,NA,NA,0.0114921217227166,"CNV_negative","Non-malignant","Non-malignant","Non-malignant","inferCNV pilot only","Reference/pilot","Not assigned"
"CTGTGCTCAATTGCTG_LUNG_N34","P0034","LUNG_N34",NA,NA,NA,NA,0.00467605781938141,"CNV_negative","Non-malignant","Non-malignant","Non-malignant","inferCNV pilot only","Reference/pilot","Not assigned"
"CGGACGTCACTGAAGG_EFFUSION_06","P1006","EFFUSION_06",NA,NA,NA,NA,0.00893067227832015,"CNV_negative","Non-malignant","Non-malignant","Non-malignant","inferCNV pilot only","Reference/pilot","Not assigned"
"ATCACGAAGATCCCGC_EBUS_10","P1010","EBUS_10",NA,NA,NA,NA,0.00792200203911967,"CNV_negative","Non-malignant","Non-malignant","Non-malignant","inferCNV pilot only","Reference/pilot","Not assigned"
"CCTTCCCGTTGCTCCT_BRONCHO_11","P1011","BRONCHO_11",NA,NA,NA,NA,0.00786985222861254,"CNV_negative","Non-malignant","Non-malignant","Non-malignant","inferCNV pilot only","Reference/pilot","Not assigned"
"AGCCTAACATCTACGA_EFFUSION_12","P1012","EFFUSION_12",NA,NA,NA,NA,0.00590682060557519,"CNV_negative","Non-malignant","Non-malignant","Non-malignant","inferCNV pilot only","Reference/pilot","Not assigned"
"GTTCGGGCACAGATTC_EFFUSION_13","P1013","EFFUSION_13",NA,NA,NA,NA,0.0201670479884526,"CNV_negative","Non-malignant","Non-malignant","Non-malignant","inferCNV pilot only","Reference/pilot","Not assigned"
"GTTAAGCAGGTGTTAA_EBUS_15","P1015","EBUS_15",NA,NA,NA,NA,0.00598312190823546,"CNV_negative","Non-malignant","Non-malignant","Non-malignant","inferCNV pilot only","Reference/pilot","Not assigned"
"GCAGCCATCTTAACCT_EBUS_19","P1019","EBUS_19",NA,NA,NA,NA,0.00825318499770361,"CNV_negative","Non-malignant","Non-malignant","Non-malignant","inferCNV pilot only","Reference/pilot","Not assigned"
"CATATGGAGAGAACAG_EBUS_28","P1028","EBUS_28",NA,NA,NA,NA,0.0088024735316189,"CNV_negative","Non-malignant","Non-malignant","Non-malignant","inferCNV pilot only","Reference/pilot","Not assigned"
"CAGCCGATCAAGCCTA_EBUS_49","P1049","EBUS_49",NA,NA,NA,NA,0.00950638485068987,"CNV_negative","Non-malignant","Non-malignant","Non-malignant","inferCNV pilot only","Reference/pilot","Not assigned"
"CTCACACCACAGGTTT_EBUS_51","P1051","EBUS_51",NA,NA,NA,NA,0.0198993172943299,"CNV_negative","Non-malignant","Non-malignant","Non-malignant","inferCNV pilot only","Reference/pilot","Not assigned"
"TACGGATAGGTGCACA_BRONCHO_58","P1058","BRONCHO_58",NA,NA,NA,NA,0.0054291348957027,"CNV_negative","Non-malignant","Non-malignant","Non-malignant","inferCNV pilot only","Reference/pilot","Not assigned"
"TTCTCAAGTAGGAGTC_NS_02","P3002","NS_02",NA,NA,NA,NA,0.00992507793708024,"CNV_negative","Non-malignant","Non-malignant","Non-malignant","inferCNV pilot only","Reference/pilot","Not assigned"
"AGCAGCCCACAGGCCT_NS_03","P3003","NS_03",NA,NA,NA,NA,0.00537235287668219,"CNV_negative","Non-malignant","Non-malignant","Non-malignant","inferCNV pilot only","Reference/pilot","Not assigned"
"ACGATACCAGCGTCCA_NS_04","P3004","NS_04",NA,NA,NA,NA,0.0217049651821959,"CNV_uncertain","Non-malignant","Non-malignant","Non-malignant","inferCNV pilot only","Reference/pilot","Not assigned"
"CTAGCCTGTTAGGGTG_NS_06","P3006","NS_06",NA,NA,NA,NA,0.0048391153654078,"CNV_negative","Non-malignant","Non-malignant","Non-malignant","inferCNV pilot only","Reference/pilot","Not assigned"
"AGCAGCCAGTCCGTAT_NS_07","P3007","NS_07",NA,NA,NA,NA,0.0143914362519424,"CNV_negative","Non-malignant","Non-malignant","Non-malignant","inferCNV pilot only","Reference/pilot","Not assigned"
"TGACAACGTAGATTAG_NS_12","P3012","NS_12",NA,NA,NA,NA,0.0200913401090856,"CNV_negative","Non-malignant","Non-malignant","Non-malignant","inferCNV pilot only","Reference/pilot","Not assigned"
"TCATTTGAGTGTTGAA_NS_13","P3013","NS_13",NA,NA,NA,NA,0.00893020915622899,"CNV_negative","Non-malignant","Non-malignant","Non-malignant","inferCNV pilot only","Reference/pilot","Not assigned"
"AAGGTTCAGTGGGATC_NS_16","P3016","NS_16",NA,NA,NA,NA,0.00613529611682297,"CNV_negative","Non-malignant","Non-malignant","Non-malignant","inferCNV pilot only","Reference/pilot","Not assigned"
"GGACAAGAGCCAGTAG_NS_17","P3017","NS_17",NA,NA,NA,NA,0.0166635867938685,"CNV_negative","Non-malignant","Non-malignant","Non-malignant","inferCNV pilot only","Reference/pilot","Not assigned"
"AGGGAGTGTTACAGAA_NS_19","P3019","NS_19",NA,NA,NA,NA,0.00491011551292127,"CNV_negative","Non-malignant","Non-malignant","Non-malignant","inferCNV pilot only","Reference/pilot","Not assigned"
"CTCTGGTCATCAGTCA_LUNG_N06","P0006","LUNG_N06",NA,NA,NA,NA,0.00869539277876546,"CNV_negative","Non-malignant","Non-malignant","Non-malignant","inferCNV pilot only","Reference/pilot","Not assigned"
"CTCAGAACATACAGCT_LUNG_N08","P0008","LUNG_N08",NA,NA,NA,NA,0.00746509239460927,"CNV_negative","Non-malignant","Non-malignant","Non-malignant","inferCNV pilot only","Reference/pilot","Not assigned"
"CTTAACTGTACTCTCC_LUNG_T09","P0009","LUNG_T09",NA,NA,NA,NA,0.00974119882351213,"CNV_negative","Non-malignant","Non-malignant","Non-malignant","inferCNV pilot only","Reference/pilot","Not assigned"
"TGACTAGTCAACACGT_LUNG_N18","P0018","LUNG_N18",NA,NA,NA,NA,0.0147930788606385,"CNV_negative","Non-malignant","Non-malignant","Non-malignant","inferCNV pilot only","Reference/pilot","Not assigned"
"AAGGCAGGTGATAAGT_LUNG_T19","P0019","LUNG_T19",NA,NA,NA,NA,0.0173424632628676,"CNV_negative","Non-malignant","Non-malignant","Non-malignant","inferCNV pilot only","Reference/pilot","Not assigned"
"ACTGAACGTAGCGCTC_LUNG_N20","P0020","LUNG_N20",NA,NA,NA,NA,0.0169124424193816,"CNV_negative","Non-malignant","Non-malignant","Non-malignant","inferCNV pilot only","Reference/pilot","Not assigned"
"CAGTCCTCAGTAAGCG_LUNG_T25","P0025","LUNG_T25",NA,NA,NA,NA,0.00742579432421708,"CNV_negative","Non-malignant","Non-malignant","Non-malignant","inferCNV pilot only","Reference/pilot","Not assigned"
"CTGGTCTTCACCTCGT_LUNG_N28","P0028","LUNG_N28",NA,NA,NA,NA,0.0147909888784581,"CNV_negative","Non-malignant","Non-malignant","Non-malignant","inferCNV pilot only","Reference/pilot","Not assigned"
"GTTTCTAGTTCCGGCA_LUNG_N30","P0030","LUNG_N30",NA,NA,NA,NA,0.0107991396496442,"CNV_negative","Non-malignant","Non-malignant","Non-malignant","inferCNV pilot only","Reference/pilot","Not assigned"
"TGACTAGGTATCAGTC_LUNG_T31","P0031","LUNG_T31",NA,NA,NA,NA,0.0230481377798001,"CNV_uncertain","Non-malignant","Non-malignant","Non-malignant","inferCNV pilot only","Reference/pilot","Not assigned"
"GCGCAGTAGGACCACA_LUNG_N34","P0034","LUNG_N34",NA,NA,NA,NA,0.0117798042340412,"CNV_negative","Non-malignant","Non-malignant","Non-malignant","inferCNV pilot only","Reference/pilot","Not assigned"
"TCTGGAAGTATAAACG_EBUS_06","P1006","EBUS_06",NA,NA,NA,NA,0.0147288403690377,"CNV_negative","Non-malignant","Non-malignant","Non-malignant","inferCNV pilot only","Reference/pilot","Not assigned"
"ACACCCTCAACACCTA_EBUS_10","P1010","EBUS_10",NA,NA,NA,NA,0.012495910307373,"CNV_negative","Non-malignant","Non-malignant","Non-malignant","inferCNV pilot only","Reference/pilot","Not assigned"
"TCACGAACAACTGGCC_EFFUSION_11","P1011","EFFUSION_11",NA,NA,NA,NA,0.00843951892283976,"CNV_negative","Non-malignant","Non-malignant","Non-malignant","inferCNV pilot only","Reference/pilot","Not assigned"
"GTAGGCCAGTATGACA_EBUS_12","P1012","EBUS_12",NA,NA,NA,NA,0.00950807950720773,"CNV_negative","Non-malignant","Non-malignant","Non-malignant","inferCNV pilot only","Reference/pilot","Not assigned"
"AACTGGTGTTGTTTGG_EFFUSION_13","P1013","EFFUSION_13",NA,NA,NA,NA,0.0140909458615985,"CNV_negative","Non-malignant","Non-malignant","Non-malignant","inferCNV pilot only","Reference/pilot","Not assigned"
"GCAATCACAGGTCGTC_EBUS_15","P1015","EBUS_15",NA,NA,NA,NA,0.00737974599297599,"CNV_negative","Non-malignant","Non-malignant","Non-malignant","inferCNV pilot only","Reference/pilot","Not assigned"
"GGATTACTCACAAACC_EBUS_19","P1019","EBUS_19",NA,NA,NA,NA,0.00417614457455315,"CNV_negative","Non-malignant","Non-malignant","Non-malignant","inferCNV pilot only","Reference/pilot","Not assigned"
"AAAGCAATCTCGATGA_EBUS_28","P1028","EBUS_28",NA,NA,NA,NA,0.0154243488083256,"CNV_negative","Non-malignant","Non-malignant","Non-malignant","inferCNV pilot only","Reference/pilot","Not assigned"
"TCCACACTCAGAGCTT_EBUS_49","P1049","EBUS_49",NA,NA,NA,NA,0.00942324517854645,"CNV_negative","Non-malignant","Non-malignant","Non-malignant","inferCNV pilot only","Reference/pilot","Not assigned"
"CATGGCGCAGCCTTTC_EBUS_51","P1051","EBUS_51",NA,NA,NA,NA,0.0152998464186677,"CNV_negative","Non-malignant","Non-malignant","Non-malignant","inferCNV pilot only","Reference/pilot","Not assigned"
"CGAGCACTCTACCTGC_BRONCHO_58","P1058","BRONCHO_58",NA,NA,NA,NA,0.0108322255981528,"CNV_negative","Non-malignant","Non-malignant","Non-malignant","inferCNV pilot only","Reference/pilot","Not assigned"
"GGATGTTGTAGAAGGA_NS_02","P3002","NS_02",NA,NA,NA,NA,0.01437663348256,"CNV_negative","Non-malignant","Non-malignant","Non-malignant","inferCNV pilot only","Reference/pilot","Not assigned"
"ATGCGATTCTGCTGTC_NS_03","P3003","NS_03",NA,NA,NA,NA,0.00988326712909817,"CNV_negative","Non-malignant","Non-malignant","Non-malignant","inferCNV pilot only","Reference/pilot","Not assigned"
"CTACGTCAGACAGGCT_NS_04","P3004","NS_04",NA,NA,NA,NA,0.0132482441441636,"CNV_negative","Non-malignant","Non-malignant","Non-malignant","inferCNV pilot only","Reference/pilot","Not assigned"
"GGATTACAGCGAAGGG_NS_06","P3006","NS_06",NA,NA,NA,NA,0.018773034816948,"CNV_negative","Non-malignant","Non-malignant","Non-malignant","inferCNV pilot only","Reference/pilot","Not assigned"
"TATCAGGTCCGCGTTT_NS_07","P3007","NS_07",NA,NA,NA,NA,0.0153941492039015,"CNV_negative","Non-malignant","Non-malignant","Non-malignant","inferCNV pilot only","Reference/pilot","Not assigned"
"TTGACTTAGCTGGAAC_NS_12","P3012","NS_12",NA,NA,NA,NA,0.0184490117409574,"CNV_negative","Non-malignant","Non-malignant","Non-malignant","inferCNV pilot only","Reference/pilot","Not assigned"
"CGTAGGCAGAGGGATA_NS_13","P3013","NS_13",NA,NA,NA,NA,0.0198547468509349,"CNV_negative","Non-malignant","Non-malignant","Non-malignant","inferCNV pilot only","Reference/pilot","Not assigned"
"ACGGGTCTCTTGCCGT_NS_16","P3016","NS_16",NA,NA,NA,NA,0.0162277661327481,"CNV_negative","Non-malignant","Non-malignant","Non-malignant","inferCNV pilot only","Reference/pilot","Not assigned"
"CCCATACCACATCTTT_NS_17","P3017","NS_17",NA,NA,NA,NA,0.0113337895017892,"CNV_negative","Non-malignant","Non-malignant","Non-malignant","inferCNV pilot only","Reference/pilot","Not assigned"
"TAGAGCTGTCCGAGTC_NS_19","P3019","NS_19",NA,NA,NA,NA,0.011253556450619,"CNV_negative","Non-malignant","Non-malignant","Non-malignant","inferCNV pilot only","Reference/pilot","Not assigned"
"CCTTACGCAGGATCGA_LUNG_N06","P0006","LUNG_N06",NA,NA,NA,NA,0.0130094192330231,"CNV_negative","Non-malignant","Non-malignant","Non-malignant","inferCNV pilot only","Reference/pilot","Not assigned"
"TGGCTGGGTCCGAACC_LUNG_T08","P0008","LUNG_T08",NA,NA,NA,NA,0.0170287449592409,"CNV_negative","Non-malignant","Non-malignant","Non-malignant","inferCNV pilot only","Reference/pilot","Not assigned"
"GTATTCTAGTTAGGTA_LUNG_T09","P0009","LUNG_T09",NA,NA,NA,NA,0.0108080311757072,"CNV_negative","Non-malignant","Non-malignant","Non-malignant","inferCNV pilot only","Reference/pilot","Not assigned"
"CTAATGGAGTGGTCCC_LUNG_T18","P0018","LUNG_T18",NA,NA,NA,NA,0.0132608583333533,"CNV_negative","Non-malignant","Non-malignant","Non-malignant","inferCNV pilot only","Reference/pilot","Not assigned"
"CGAGAAGCAATGTTGC_LUNG_N19","P0019","LUNG_N19",NA,NA,NA,NA,0.0104723845674094,"CNV_negative","Non-malignant","Non-malignant","Non-malignant","inferCNV pilot only","Reference/pilot","Not assigned"
"CACAAACAGGTAAACT_LUNG_N20","P0020","LUNG_N20",NA,NA,NA,NA,0.0101221984327923,"CNV_negative","Non-malignant","Non-malignant","Non-malignant","inferCNV pilot only","Reference/pilot","Not assigned"
"CATATTCGTCTAGCGC_LUNG_T25","P0025","LUNG_T25",NA,NA,NA,NA,0.0169143642694265,"CNV_negative","Non-malignant","Non-malignant","Non-malignant","inferCNV pilot only","Reference/pilot","Not assigned"
"AGCTTGATCCATGAAC_LUNG_N28","P0028","LUNG_N28",NA,NA,NA,NA,0.0177605780353344,"CNV_negative","Non-malignant","Non-malignant","Non-malignant","inferCNV pilot only","Reference/pilot","Not assigned"
"CCTCTGATCACCAGGC_LUNG_T30","P0030","LUNG_T30",NA,NA,NA,NA,0.0143080049279821,"CNV_negative","Non-malignant","Non-malignant","Non-malignant","inferCNV pilot only","Reference/pilot","Not assigned"
"ACACTGACACACCGCA_LUNG_N31","P0031","LUNG_N31",NA,NA,NA,NA,0.0179065629691313,"CNV_negative","Non-malignant","Non-malignant","Non-malignant","inferCNV pilot only","Reference/pilot","Not assigned"
"CATCAAGGTACGCACC_LUNG_T34","P0034","LUNG_T34",NA,NA,NA,NA,0.0125844106670596,"CNV_negative","Non-malignant","Non-malignant","Non-malignant","inferCNV pilot only","Reference/pilot","Not assigned"
"TCAGGTAGTGATGTCT_EFFUSION_06","P1006","EFFUSION_06",NA,NA,NA,NA,0.0217726305127829,"CNV_uncertain","Non-malignant","Non-malignant","Non-malignant","inferCNV pilot only","Reference/pilot","Not assigned"
"TTGGCAACATGAAGTA_EBUS_10","P1010","EBUS_10",NA,NA,NA,NA,0.0112182000540651,"CNV_negative","Non-malignant","Non-malignant","Non-malignant","inferCNV pilot only","Reference/pilot","Not assigned"
"TGCGTGGGTGAGGCTA_BRONCHO_11","P1011","BRONCHO_11",NA,NA,NA,NA,0.00828327827206769,"CNV_negative","Non-malignant","Non-malignant","Non-malignant","inferCNV pilot only","Reference/pilot","Not assigned"
"GTCGTAAGTCACTGGC_EFFUSION_12","P1012","EFFUSION_12",NA,NA,NA,NA,0.00811941950212338,"CNV_negative","Non-malignant","Non-malignant","Non-malignant","inferCNV pilot only","Reference/pilot","Not assigned"
"CTGATAGGTCAATACC_EBUS_13","P1013","EBUS_13",NA,NA,NA,NA,0.00978551674698472,"CNV_negative","Non-malignant","Non-malignant","Non-malignant","inferCNV pilot only","Reference/pilot","Not assigned"
"GCATGCGCACGAAGCA_EBUS_15","P1015","EBUS_15",NA,NA,NA,NA,0.00924716089031908,"CNV_negative","Non-malignant","Non-malignant","Non-malignant","inferCNV pilot only","Reference/pilot","Not assigned"
"TGAGCATGTAACGCGA_EBUS_19","P1019","EBUS_19",NA,NA,NA,NA,0.0165872784824425,"CNV_negative","Non-malignant","Non-malignant","Non-malignant","inferCNV pilot only","Reference/pilot","Not assigned"
"CATCAGAAGGAGTTTA_EBUS_28","P1028","EBUS_28",NA,NA,NA,NA,0.0235244586078811,"CNV_uncertain","Non-malignant","Non-malignant","Non-malignant","inferCNV pilot only","Reference/pilot","Not assigned"
"GTAACTGCAAGTACCT_EBUS_49","P1049","EBUS_49",NA,NA,NA,NA,0.0168816790337042,"CNV_negative","Non-malignant","Non-malignant","Non-malignant","inferCNV pilot only","Reference/pilot","Not assigned"
"CGAGAAGCATTCACTT_EBUS_51","P1051","EBUS_51",NA,NA,NA,NA,0.0149721954139434,"CNV_negative","Non-malignant","Non-malignant","Non-malignant","inferCNV pilot only","Reference/pilot","Not assigned"
"CGACTTCCATTGAGCT_BRONCHO_58","P1058","BRONCHO_58",NA,NA,NA,NA,0.0168991955000524,"CNV_negative","Non-malignant","Non-malignant","Non-malignant","inferCNV pilot only","Reference/pilot","Not assigned"
"AGCCTAATCATCATTC_NS_02","P3002","NS_02",NA,NA,NA,NA,0.0100370181287103,"CNV_negative","Non-malignant","Non-malignant","Non-malignant","inferCNV pilot only","Reference/pilot","Not assigned"
"ACGTCAATCAAGCCTA_NS_03","P3003","NS_03",NA,NA,NA,NA,0.0224953974082814,"CNV_uncertain","Non-malignant","Non-malignant","Non-malignant","inferCNV pilot only","Reference/pilot","Not assigned"
"TCGTAGAGTTTGTTGG_NS_04","P3004","NS_04",NA,NA,NA,NA,0.0126616326987191,"CNV_negative","Non-malignant","Non-malignant","Non-malignant","inferCNV pilot only","Reference/pilot","Not assigned"
"CTGCGGAAGAGCTGCA_NS_06","P3006","NS_06",NA,NA,NA,NA,0.0126752327103087,"CNV_negative","Non-malignant","Non-malignant","Non-malignant","inferCNV pilot only","Reference/pilot","Not assigned"
"TTCTCCTCAAGCGTAG_NS_07","P3007","NS_07",NA,NA,NA,NA,0.0232799376625755,"CNV_uncertain","Non-malignant","Non-malignant","Non-malignant","inferCNV pilot only","Reference/pilot","Not assigned"
"ATCATCTAGTGTCCCG_NS_12","P3012","NS_12",NA,NA,NA,NA,0.0185875089552825,"CNV_negative","Non-malignant","Non-malignant","Non-malignant","inferCNV pilot only","Reference/pilot","Not assigned"
"GCATGCGCAGTCAGCC_NS_13","P3013","NS_13",NA,NA,NA,NA,0.0132672545647656,"CNV_negative","Non-malignant","Non-malignant","Non-malignant","inferCNV pilot only","Reference/pilot","Not assigned"
"GGGACCTGTTAAGAAC_NS_16","P3016","NS_16",NA,NA,NA,NA,0.0173761513947233,"CNV_negative","Non-malignant","Non-malignant","Non-malignant","inferCNV pilot only","Reference/pilot","Not assigned"
"AGAATAGTCACCCGAG_NS_17","P3017","NS_17",NA,NA,NA,NA,0.0191852814237664,"CNV_negative","Non-malignant","Non-malignant","Non-malignant","inferCNV pilot only","Reference/pilot","Not assigned"
"AGCTCTCTCATAACCG_NS_19","P3019","NS_19",NA,NA,NA,NA,0.0129484926067625,"CNV_negative","Non-malignant","Non-malignant","Non-malignant","inferCNV pilot only","Reference/pilot","Not assigned"
"CACACCTCACAAGTAA_LUNG_T06","P0006","LUNG_T06",NA,NA,NA,NA,0.0120573038655875,"CNV_negative","Non-malignant","Non-malignant","Non-malignant","inferCNV pilot only","Reference/pilot","Not assigned"
"CTCGTCACATCTCCCA_LUNG_T08","P0008","LUNG_T08",NA,NA,NA,NA,0.0102971281968189,"CNV_negative","Non-malignant","Non-malignant","Non-malignant","inferCNV pilot only","Reference/pilot","Not assigned"
"CAGCAGCGTTCGAATC_LUNG_T09","P0009","LUNG_T09",NA,NA,NA,NA,0.0106314794215749,"CNV_negative","Non-malignant","Non-malignant","Non-malignant","inferCNV pilot only","Reference/pilot","Not assigned"
"GCGCGATAGCAGATCG_LUNG_N18","P0018","LUNG_N18",NA,NA,NA,NA,0.0042733307064564,"CNV_negative","Non-malignant","Non-malignant","Non-malignant","inferCNV pilot only","Reference/pilot","Not assigned"
"TGCCCATCACTCTGTC_LUNG_T19","P0019","LUNG_T19",NA,NA,NA,NA,0.0121641340835333,"CNV_negative","Non-malignant","Non-malignant","Non-malignant","inferCNV pilot only","Reference/pilot","Not assigned"
"AAGGTTCTCATTGCGA_LUNG_N20","P0020","LUNG_N20",NA,NA,NA,NA,0.00578978795498977,"CNV_negative","Non-malignant","Non-malignant","Non-malignant","inferCNV pilot only","Reference/pilot","Not assigned"
"GAAACTCCAGCAGTTT_LUNG_T25","P0025","LUNG_T25",NA,NA,NA,NA,0.00882498780191402,"CNV_negative","Non-malignant","Non-malignant","Non-malignant","inferCNV pilot only","Reference/pilot","Not assigned"
"GTAACTGCAACCGCCA_LUNG_T28","P0028","LUNG_T28",NA,NA,NA,NA,0.00650295272299848,"CNV_negative","Non-malignant","Non-malignant","Non-malignant","inferCNV pilot only","Reference/pilot","Not assigned"
"CATCAAGGTCTGGAGA_LUNG_T30","P0030","LUNG_T30",NA,NA,NA,NA,0.00755759590976859,"CNV_negative","Non-malignant","Non-malignant","Non-malignant","inferCNV pilot only","Reference/pilot","Not assigned"
"CGTCCATAGAATCTCC_LUNG_T31","P0031","LUNG_T31",NA,NA,NA,NA,0.0108228783914547,"CNV_negative","Non-malignant","Non-malignant","Non-malignant","inferCNV pilot only","Reference/pilot","Not assigned"
"TGGTTAGCAGGGTACA_LUNG_T34","P0034","LUNG_T34",NA,NA,NA,NA,0.00632334731950866,"CNV_negative","Non-malignant","Non-malignant","Non-malignant","inferCNV pilot only","Reference/pilot","Not assigned"
"AGCTTGAAGAGTCTGG_EFFUSION_06","P1006","EFFUSION_06",NA,NA,NA,NA,0.0119078299543357,"CNV_negative","Non-malignant","Non-malignant","Non-malignant","inferCNV pilot only","Reference/pilot","Not assigned"
"TATCAGGAGCCACCTG_EBUS_10","P1010","EBUS_10",NA,NA,NA,NA,0.00670178249527396,"CNV_negative","Non-malignant","Non-malignant","Non-malignant","inferCNV pilot only","Reference/pilot","Not assigned"
"TCAATCTAGCCCAACC_BRONCHO_11","P1011","BRONCHO_11",NA,NA,NA,NA,0.00704443846662917,"CNV_negative","Non-malignant","Non-malignant","Non-malignant","inferCNV pilot only","Reference/pilot","Not assigned"
"ACTGATGGTCTGATCA_EFFUSION_12","P1012","EFFUSION_12",NA,NA,NA,NA,0.00896575647605635,"CNV_negative","Non-malignant","Non-malignant","Non-malignant","inferCNV pilot only","Reference/pilot","Not assigned"
"CTCGTACTCATGTCCC_EFFUSION_13","P1013","EFFUSION_13",NA,NA,NA,NA,0.00883567618327425,"CNV_negative","Non-malignant","Non-malignant","Non-malignant","inferCNV pilot only","Reference/pilot","Not assigned"
"AGCTCTCCAGGGATTG_EBUS_15","P1015","EBUS_15",NA,NA,NA,NA,0.00875049370742719,"CNV_negative","Non-malignant","Non-malignant","Non-malignant","inferCNV pilot only","Reference/pilot","Not assigned"
"GGGATGACAGGAACGT_EBUS_19","P1019","EBUS_19",NA,NA,NA,NA,0.00832122195231516,"CNV_negative","Non-malignant","Non-malignant","Non-malignant","inferCNV pilot only","Reference/pilot","Not assigned"
"AACTCAGTCCTGCCAT_EBUS_28","P1028","EBUS_28",NA,NA,NA,NA,0.0113961067254206,"CNV_negative","Non-malignant","Non-malignant","Non-malignant","inferCNV pilot only","Reference/pilot","Not assigned"
"GCTCCTAAGTTAAGTG_EBUS_49","P1049","EBUS_49",NA,NA,NA,NA,0.0147568717426969,"CNV_negative","Non-malignant","Non-malignant","Non-malignant","inferCNV pilot only","Reference/pilot","Not assigned"
"GAACATCAGGCTCTTA_EBUS_51","P1051","EBUS_51",NA,NA,NA,NA,0.0109730562181948,"CNV_negative","Non-malignant","Non-malignant","Non-malignant","inferCNV pilot only","Reference/pilot","Not assigned"
"GACTAACTCGTCGTTC_BRONCHO_58","P1058","BRONCHO_58",NA,NA,NA,NA,0.0125358666201166,"CNV_negative","Non-malignant","Non-malignant","Non-malignant","inferCNV pilot only","Reference/pilot","Not assigned"
"AAAGTAGGTTGCCTCT_NS_02","P3002","NS_02",NA,NA,NA,NA,0.00613427784463163,"CNV_negative","Non-malignant","Non-malignant","Non-malignant","inferCNV pilot only","Reference/pilot","Not assigned"
"CCCTCCTTCATGTGGT_NS_03","P3003","NS_03",NA,NA,NA,NA,0.0140359473639607,"CNV_negative","Non-malignant","Non-malignant","Non-malignant","inferCNV pilot only","Reference/pilot","Not assigned"
"ATGGGAGAGGCTCTTA_NS_04","P3004","NS_04",NA,NA,NA,NA,0.0156054662229298,"CNV_negative","Non-malignant","Non-malignant","Non-malignant","inferCNV pilot only","Reference/pilot","Not assigned"
"TGAGCATTCCTCGCAT_NS_06","P3006","NS_06",NA,NA,NA,NA,0.00782006577048495,"CNV_negative","Non-malignant","Non-malignant","Non-malignant","inferCNV pilot only","Reference/pilot","Not assigned"
"TAAGCGTAGTGTACTC_NS_07","P3007","NS_07",NA,NA,NA,NA,0.00891289793424171,"CNV_negative","Non-malignant","Non-malignant","Non-malignant","inferCNV pilot only","Reference/pilot","Not assigned"
"CCACCTACACCTCGTT_NS_12","P3012","NS_12",NA,NA,NA,NA,0.0220342248804866,"CNV_uncertain","Non-malignant","Non-malignant","Non-malignant","inferCNV pilot only","Reference/pilot","Not assigned"
"GAAATGAGTGGGTCAA_NS_13","P3013","NS_13",NA,NA,NA,NA,0.0122510348296284,"CNV_negative","Non-malignant","Non-malignant","Non-malignant","inferCNV pilot only","Reference/pilot","Not assigned"
"ACGTCAATCAAACGGG_NS_16","P3016","NS_16",NA,NA,NA,NA,0.00516412897469222,"CNV_negative","Non-malignant","Non-malignant","Non-malignant","inferCNV pilot only","Reference/pilot","Not assigned"
"ACCTTTAAGAGCCTAG_NS_17","P3017","NS_17",NA,NA,NA,NA,0.0149211028478686,"CNV_negative","Non-malignant","Non-malignant","Non-malignant","inferCNV pilot only","Reference/pilot","Not assigned"
"CCACCTATCCTGCAGG_NS_19","P3019","NS_19",NA,NA,NA,NA,0.0135256789454016,"CNV_negative","Non-malignant","Non-malignant","Non-malignant","inferCNV pilot only","Reference/pilot","Not assigned"
"CGTCACTCACAGCGTC_LUNG_N06","P0006","LUNG_N06",NA,NA,NA,NA,0.0118561351169311,"CNV_negative","Non-malignant","Non-malignant","Non-malignant","inferCNV pilot only","Reference/pilot","Not assigned"
"GGTGCGTGTGCGATAG_LUNG_T08","P0008","LUNG_T08",NA,NA,NA,NA,0.0100182058571369,"CNV_negative","Non-malignant","Non-malignant","Non-malignant","inferCNV pilot only","Reference/pilot","Not assigned"
"CGAGCCAAGCCTCGTG_LUNG_N09","P0009","LUNG_N09",NA,NA,NA,NA,0.00583831661100118,"CNV_negative","Non-malignant","Non-malignant","Non-malignant","inferCNV pilot only","Reference/pilot","Not assigned"
"GGGAGATTCCCAACGG_LUNG_T18","P0018","LUNG_T18",NA,NA,NA,NA,0.0129074542487248,"CNV_negative","Non-malignant","Non-malignant","Non-malignant","inferCNV pilot only","Reference/pilot","Not assigned"
"GCGACCACAAATTGCC_LUNG_T19","P0019","LUNG_T19",NA,NA,NA,NA,0.0139569244418501,"CNV_negative","Non-malignant","Non-malignant","Non-malignant","inferCNV pilot only","Reference/pilot","Not assigned"
"TTCGGTCGTATAATGG_LUNG_N20","P0020","LUNG_N20",NA,NA,NA,NA,0.0110316678640912,"CNV_negative","Non-malignant","Non-malignant","Non-malignant","inferCNV pilot only","Reference/pilot","Not assigned"
"CGATTGAGTTCCACTC_LUNG_T25","P0025","LUNG_T25",NA,NA,NA,NA,0.0161857325714945,"CNV_negative","Non-malignant","Non-malignant","Non-malignant","inferCNV pilot only","Reference/pilot","Not assigned"
"TGTGGTAGTGACGCCT_LUNG_T28","P0028","LUNG_T28",NA,NA,NA,NA,0.0138266699021419,"CNV_negative","Non-malignant","Non-malignant","Non-malignant","inferCNV pilot only","Reference/pilot","Not assigned"
"GCATACAAGATCGGGT_LUNG_T30","P0030","LUNG_T30",NA,NA,NA,NA,0.0206236306778181,"CNV_negative","Non-malignant","Non-malignant","Non-malignant","inferCNV pilot only","Reference/pilot","Not assigned"
"GTACTTTTCACGAAGG_LUNG_N31","P0031","LUNG_N31",NA,NA,NA,NA,0.0114867853996457,"CNV_negative","Non-malignant","Non-malignant","Non-malignant","inferCNV pilot only","Reference/pilot","Not assigned"
"CGTCACTCAGCCACCA_LUNG_N34","P0034","LUNG_N34",NA,NA,NA,NA,0.0155566815412452,"CNV_negative","Non-malignant","Non-malignant","Non-malignant","inferCNV pilot only","Reference/pilot","Not assigned"
"CTTCTCTTCGTTTATC_EFFUSION_06","P1006","EFFUSION_06",NA,NA,NA,NA,0.00705399259274997,"CNV_negative","Non-malignant","Non-malignant","Non-malignant","inferCNV pilot only","Reference/pilot","Not assigned"
"GGAAAGCAGGCGATAC_EBUS_10","P1010","EBUS_10",NA,NA,NA,NA,0.0158258365510528,"CNV_negative","Non-malignant","Non-malignant","Non-malignant","inferCNV pilot only","Reference/pilot","Not assigned"
"GTACGTACACGACGAA_BRONCHO_11","P1011","BRONCHO_11",NA,NA,NA,NA,0.0123908133220698,"CNV_negative","Non-malignant","Non-malignant","Non-malignant","inferCNV pilot only","Reference/pilot","Not assigned"
"GACAGAGTCGCTGATA_EBUS_12","P1012","EBUS_12",NA,NA,NA,NA,0.0165878418738531,"CNV_negative","Non-malignant","Non-malignant","Non-malignant","inferCNV pilot only","Reference/pilot","Not assigned"
"CATATGGAGAATTCCC_EBUS_13","P1013","EBUS_13",NA,NA,NA,NA,0.0175579002631387,"CNV_negative","Non-malignant","Non-malignant","Non-malignant","inferCNV pilot only","Reference/pilot","Not assigned"
"ACGGCCAAGAGGTTGC_EBUS_15","P1015","EBUS_15",NA,NA,NA,NA,0.0118782954734419,"CNV_negative","Non-malignant","Non-malignant","Non-malignant","inferCNV pilot only","Reference/pilot","Not assigned"
"CCGGTAGAGCGTTCCG_EBUS_19","P1019","EBUS_19",NA,NA,NA,NA,0.0119745617690527,"CNV_negative","Non-malignant","Non-malignant","Non-malignant","inferCNV pilot only","Reference/pilot","Not assigned"
"GCATGATCAACTGCTA_EBUS_28","P1028","EBUS_28",NA,NA,NA,NA,0.0151785608632994,"CNV_negative","Non-malignant","Non-malignant","Non-malignant","inferCNV pilot only","Reference/pilot","Not assigned"
"TGGACGCCAATCACAC_EBUS_49","P1049","EBUS_49",NA,NA,NA,NA,0.0122082200779452,"CNV_negative","Non-malignant","Non-malignant","Non-malignant","inferCNV pilot only","Reference/pilot","Not assigned"
"ACATACGTCGCATGGC_EBUS_51","P1051","EBUS_51",NA,NA,NA,NA,0.0227955187657397,"CNV_uncertain","Non-malignant","Non-malignant","Non-malignant","inferCNV pilot only","Reference/pilot","Not assigned"
"TCATTACCACATAACC_BRONCHO_58","P1058","BRONCHO_58",NA,NA,NA,NA,0.0175466237468676,"CNV_negative","Non-malignant","Non-malignant","Non-malignant","inferCNV pilot only","Reference/pilot","Not assigned"
"TAGGCATGTCGCGAAA_NS_02","P3002","NS_02",NA,NA,NA,NA,0.00775001750107155,"CNV_negative","Non-malignant","Non-malignant","Non-malignant","inferCNV pilot only","Reference/pilot","Not assigned"
"GTCTTCGAGGGCTCTC_NS_03","P3003","NS_03",NA,NA,NA,NA,0.0137224964881755,"CNV_negative","Non-malignant","Non-malignant","Non-malignant","inferCNV pilot only","Reference/pilot","Not assigned"
"CAGCGACGTACTCGCG_NS_04","P3004","NS_04",NA,NA,NA,NA,0.0206620189857219,"CNV_negative","Non-malignant","Non-malignant","Non-malignant","inferCNV pilot only","Reference/pilot","Not assigned"
"CAAGGCCTCAATACCG_NS_06","P3006","NS_06",NA,NA,NA,NA,0.0111802818107024,"CNV_negative","Non-malignant","Non-malignant","Non-malignant","inferCNV pilot only","Reference/pilot","Not assigned"
"CACACAACATCGACGC_NS_07","P3007","NS_07",NA,NA,NA,NA,0.0107498590901994,"CNV_negative","Non-malignant","Non-malignant","Non-malignant","inferCNV pilot only","Reference/pilot","Not assigned"
"GAACATCTCGCCAGCA_NS_12","P3012","NS_12",NA,NA,NA,NA,0.0110607583112087,"CNV_negative","Non-malignant","Non-malignant","Non-malignant","inferCNV pilot only","Reference/pilot","Not assigned"
"ACTGCTCCAGCTGGCT_NS_13","P3013","NS_13",NA,NA,NA,NA,0.0059182519234456,"CNV_negative","Non-malignant","Non-malignant","Non-malignant","inferCNV pilot only","Reference/pilot","Not assigned"
"CTCTGGTTCCCGACTT_NS_16","P3016","NS_16",NA,NA,NA,NA,0.016890118221916,"CNV_negative","Non-malignant","Non-malignant","Non-malignant","inferCNV pilot only","Reference/pilot","Not assigned"
"CACCTTGCAAATACAG_NS_17","P3017","NS_17",NA,NA,NA,NA,0.015137089749136,"CNV_negative","Non-malignant","Non-malignant","Non-malignant","inferCNV pilot only","Reference/pilot","Not assigned"
"CTGATAGAGAATAGGG_NS_19","P3019","NS_19",NA,NA,NA,NA,0.0181263587658048,"CNV_negative","Non-malignant","Non-malignant","Non-malignant","inferCNV pilot only","Reference/pilot","Not assigned"
"ATCATCTTCTTCGAGA_LUNG_T06","P0006","LUNG_T06",NA,NA,NA,NA,0.0131257578434165,"CNV_negative","Non-malignant","Non-malignant","Non-malignant","inferCNV pilot only","Reference/pilot","Not assigned"
"CACAGGCAGAGGACGG_LUNG_T08","P0008","LUNG_T08",NA,NA,NA,NA,0.016426869969576,"CNV_negative","Non-malignant","Non-malignant","Non-malignant","inferCNV pilot only","Reference/pilot","Not assigned"
"ATCGAGTGTGTATGGG_LUNG_T09","P0009","LUNG_T09",NA,NA,NA,NA,0.00913448184347509,"CNV_negative","Non-malignant","Non-malignant","Non-malignant","inferCNV pilot only","Reference/pilot","Not assigned"
"AAGCCGCCAATGCCAT_LUNG_N18","P0018","LUNG_N18",NA,NA,NA,NA,0.0135625481720471,"CNV_negative","Non-malignant","Non-malignant","Non-malignant","inferCNV pilot only","Reference/pilot","Not assigned"
"GCTCCTAGTAGGGTAC_LUNG_T19","P0019","LUNG_T19",NA,NA,NA,NA,0.0136084056567023,"CNV_negative","Non-malignant","Non-malignant","Non-malignant","inferCNV pilot only","Reference/pilot","Not assigned"
"CCAATCCGTAGCCTCG_LUNG_N20","P0020","LUNG_N20",NA,NA,NA,NA,0.0107870737224335,"CNV_negative","Non-malignant","Non-malignant","Non-malignant","inferCNV pilot only","Reference/pilot","Not assigned"
"ACCGTAACAGCGAACA_LUNG_T25","P0025","LUNG_T25",NA,NA,NA,NA,0.00710872817889347,"CNV_negative","Non-malignant","Non-malignant","Non-malignant","inferCNV pilot only","Reference/pilot","Not assigned"
"GGCGACTGTCGCGAAA_LUNG_T28","P0028","LUNG_T28",NA,NA,NA,NA,0.0113667288043349,"CNV_negative","Non-malignant","Non-malignant","Non-malignant","inferCNV pilot only","Reference/pilot","Not assigned"
"TGTGTTTTCCTCATTA_LUNG_N30","P0030","LUNG_N30",NA,NA,NA,NA,0.0208413855691655,"CNV_uncertain","Non-malignant","Non-malignant","Non-malignant","inferCNV pilot only","Reference/pilot","Not assigned"
"GTTCGGGAGAATTGTG_LUNG_N31","P0031","LUNG_N31",NA,NA,NA,NA,0.0142176100948731,"CNV_negative","Non-malignant","Non-malignant","Non-malignant","inferCNV pilot only","Reference/pilot","Not assigned"
"TACACGAGTGTATGGG_LUNG_N34","P0034","LUNG_N34",NA,NA,NA,NA,0.016431658681232,"CNV_negative","Non-malignant","Non-malignant","Non-malignant","inferCNV pilot only","Reference/pilot","Not assigned"
"TATCTCAAGCGTGAAC_EBUS_06","P1006","EBUS_06",NA,NA,NA,NA,0.00611769618714294,"CNV_negative","Non-malignant","Non-malignant","Non-malignant","inferCNV pilot only","Reference/pilot","Not assigned"
"ACCAGTAAGGACGAAA_EBUS_10","P1010","EBUS_10",NA,NA,NA,NA,0.02373969397255,"CNV_positive","Non-malignant","Non-malignant","Non-malignant","inferCNV pilot only","Reference/pilot","Not assigned"
"CACAGGCAGTGACTCT_EFFUSION_11","P1011","EFFUSION_11",NA,NA,NA,NA,0.0115902475224039,"CNV_negative","Non-malignant","Non-malignant","Non-malignant","inferCNV pilot only","Reference/pilot","Not assigned"
"GCATGTATCCTCGCAT_EFFUSION_12","P1012","EFFUSION_12",NA,NA,NA,NA,0.00457579299143546,"CNV_negative","Non-malignant","Non-malignant","Non-malignant","inferCNV pilot only","Reference/pilot","Not assigned"
"ACTGAGTAGAAACGCC_EFFUSION_13","P1013","EFFUSION_13",NA,NA,NA,NA,0.00917932080641396,"CNV_negative","Non-malignant","Non-malignant","Non-malignant","inferCNV pilot only","Reference/pilot","Not assigned"
"GAATGAAAGTTGTCGT_EBUS_15","P1015","EBUS_15",NA,NA,NA,NA,0.007108061584465,"CNV_negative","Non-malignant","Non-malignant","Non-malignant","inferCNV pilot only","Reference/pilot","Not assigned"
"AGGGAGTCAAGGCTCC_EBUS_19","P1019","EBUS_19",NA,NA,NA,NA,0.0116365107056667,"CNV_negative","Non-malignant","Non-malignant","Non-malignant","inferCNV pilot only","Reference/pilot","Not assigned"
"TCGAGGCAGTGGCACA_EBUS_28","P1028","EBUS_28",NA,NA,NA,NA,0.0117000455144517,"CNV_negative","Non-malignant","Non-malignant","Non-malignant","inferCNV pilot only","Reference/pilot","Not assigned"
"CTCGTCATCGCCAAAT_EBUS_49","P1049","EBUS_49",NA,NA,NA,NA,0.0128851525375755,"CNV_negative","Non-malignant","Non-malignant","Non-malignant","inferCNV pilot only","Reference/pilot","Not assigned"
"TCAGGATAGATATGGT_EBUS_51","P1051","EBUS_51",NA,NA,NA,NA,0.0169942977754048,"CNV_negative","Non-malignant","Non-malignant","Non-malignant","inferCNV pilot only","Reference/pilot","Not assigned"
"ACGCCGAAGCCACTAT_BRONCHO_58","P1058","BRONCHO_58",NA,NA,NA,NA,0.0150391439731805,"CNV_negative","Non-malignant","Non-malignant","Non-malignant","inferCNV pilot only","Reference/pilot","Not assigned"
"TTTACTGGTTAAAGTG_NS_02","P3002","NS_02",NA,NA,NA,NA,0.0200745481021356,"CNV_negative","Non-malignant","Non-malignant","Non-malignant","inferCNV pilot only","Reference/pilot","Not assigned"
"TGCGGGTTCATCGGAT_NS_03","P3003","NS_03",NA,NA,NA,NA,0.0112624032415284,"CNV_negative","Non-malignant","Non-malignant","Non-malignant","inferCNV pilot only","Reference/pilot","Not assigned"
"TTCCCAGAGAGCTATA_NS_04","P3004","NS_04",NA,NA,NA,NA,0.0191752130002842,"CNV_negative","Non-malignant","Non-malignant","Non-malignant","inferCNV pilot only","Reference/pilot","Not assigned"
"CGTTCTGTCCGTCATC_NS_06","P3006","NS_06",NA,NA,NA,NA,0.0147144891059752,"CNV_negative","Non-malignant","Non-malignant","Non-malignant","inferCNV pilot only","Reference/pilot","Not assigned"
"TTGTAGGAGGGTTCCC_NS_07","P3007","NS_07",NA,NA,NA,NA,0.0215578992842145,"CNV_uncertain","Non-malignant","Non-malignant","Non-malignant","inferCNV pilot only","Reference/pilot","Not assigned"
"GTTAAGCCAATTGCTG_NS_12","P3012","NS_12",NA,NA,NA,NA,0.0207743772058778,"CNV_uncertain","Non-malignant","Non-malignant","Non-malignant","inferCNV pilot only","Reference/pilot","Not assigned"
"GGATGTTAGATCTGCT_NS_13","P3013","NS_13",NA,NA,NA,NA,0.0140820206672743,"CNV_negative","Non-malignant","Non-malignant","Non-malignant","inferCNV pilot only","Reference/pilot","Not assigned"
"TCACAAGTCCGTTGCT_NS_16","P3016","NS_16",NA,NA,NA,NA,0.0149775191557482,"CNV_negative","Non-malignant","Non-malignant","Non-malignant","inferCNV pilot only","Reference/pilot","Not assigned"
"TGCGTGGTCGACGGAA_NS_17","P3017","NS_17",NA,NA,NA,NA,0.0249537256919986,"CNV_positive","Non-malignant","Non-malignant","Non-malignant","inferCNV pilot only","Reference/pilot","Not assigned"
"AAGGTTCCATCGGACC_NS_19","P3019","NS_19",NA,NA,NA,NA,0.00710829845813204,"CNV_negative","Non-malignant","Non-malignant","Non-malignant","inferCNV pilot only","Reference/pilot","Not assigned"
"TTGCGTCTCAGCTCGG_LUNG_T06","P0006","LUNG_T06",NA,NA,NA,NA,0.0173774904144055,"CNV_negative","Non-malignant","Non-malignant","Non-malignant","inferCNV pilot only","Reference/pilot","Not assigned"
"CGGACGTCAGATAATG_LUNG_T08","P0008","LUNG_T08",NA,NA,NA,NA,0.00923345639461342,"CNV_negative","Non-malignant","Non-malignant","Non-malignant","inferCNV pilot only","Reference/pilot","Not assigned"
"AATCCAGTCCACGCAG_LUNG_T09","P0009","LUNG_T09",NA,NA,NA,NA,0.00762373355819924,"CNV_negative","Non-malignant","Non-malignant","Non-malignant","inferCNV pilot only","Reference/pilot","Not assigned"
"CCGTGGATCAGTTGAC_LUNG_N18","P0018","LUNG_N18",NA,NA,NA,NA,0.0120669887982825,"CNV_negative","Non-malignant","Non-malignant","Non-malignant","inferCNV pilot only","Reference/pilot","Not assigned"
"GGGACCTAGTACGACG_LUNG_T19","P0019","LUNG_T19",NA,NA,NA,NA,0.00500166708481828,"CNV_negative","Non-malignant","Non-malignant","Non-malignant","inferCNV pilot only","Reference/pilot","Not assigned"
"TGCGTGGTCCGCGTTT_LUNG_N20","P0020","LUNG_N20",NA,NA,NA,NA,0.0122610580484463,"CNV_negative","Non-malignant","Non-malignant","Non-malignant","inferCNV pilot only","Reference/pilot","Not assigned"
"CGTTGGGCAATCACAC_LUNG_T25","P0025","LUNG_T25",NA,NA,NA,NA,0.0128723385968214,"CNV_negative","Non-malignant","Non-malignant","Non-malignant","inferCNV pilot only","Reference/pilot","Not assigned"
"CTACATTCACCAGGTC_LUNG_T28","P0028","LUNG_T28",NA,NA,NA,NA,0.00430484543311657,"CNV_negative","Non-malignant","Non-malignant","Non-malignant","inferCNV pilot only","Reference/pilot","Not assigned"
"CCTACCAGTCGCGGTT_LUNG_T30","P0030","LUNG_T30",NA,NA,NA,NA,0.00502963157636708,"CNV_negative","Non-malignant","Non-malignant","Non-malignant","inferCNV pilot only","Reference/pilot","Not assigned"
"CGCTATCTCTGATTCT_LUNG_T31","P0031","LUNG_T31",NA,NA,NA,NA,0.00840349712372554,"CNV_negative","Non-malignant","Non-malignant","Non-malignant","inferCNV pilot only","Reference/pilot","Not assigned"
"CTCTGGTGTAGAAAGG_LUNG_N34","P0034","LUNG_N34",NA,NA,NA,NA,0.00961792704292015,"CNV_negative","Non-malignant","Non-malignant","Non-malignant","inferCNV pilot only","Reference/pilot","Not assigned"
"TTCTCAAGTTACGGAG_EFFUSION_06","P1006","EFFUSION_06",NA,NA,NA,NA,0.0088891410278661,"CNV_negative","Non-malignant","Non-malignant","Non-malignant","inferCNV pilot only","Reference/pilot","Not assigned"
"TCAATCTCATATGCTG_EBUS_10","P1010","EBUS_10",NA,NA,NA,NA,0.008566665608327,"CNV_negative","Non-malignant","Non-malignant","Non-malignant","inferCNV pilot only","Reference/pilot","Not assigned"
"ACACCGGAGACAGGCT_BRONCHO_11","P1011","BRONCHO_11",NA,NA,NA,NA,0.012280061314052,"CNV_negative","Non-malignant","Non-malignant","Non-malignant","inferCNV pilot only","Reference/pilot","Not assigned"
"CGGCTAGAGAACAACT_EBUS_12","P1012","EBUS_12",NA,NA,NA,NA,0.00740443868013023,"CNV_negative","Non-malignant","Non-malignant","Non-malignant","inferCNV pilot only","Reference/pilot","Not assigned"
"GTGAAGGCACAAGTAA_EBUS_13","P1013","EBUS_13",NA,NA,NA,NA,0.0117208985413607,"CNV_negative","Non-malignant","Non-malignant","Non-malignant","inferCNV pilot only","Reference/pilot","Not assigned"
"GCTGGGTAGTCCCACG_EBUS_15","P1015","EBUS_15",NA,NA,NA,NA,0.004170773511175,"CNV_negative","Non-malignant","Non-malignant","Non-malignant","inferCNV pilot only","Reference/pilot","Not assigned"
"TAAGTGCCAATTGCTG_EBUS_19","P1019","EBUS_19",NA,NA,NA,NA,0.0126484474000927,"CNV_negative","Non-malignant","Non-malignant","Non-malignant","inferCNV pilot only","Reference/pilot","Not assigned"
"GCTCCTATCCAACCAA_EBUS_28","P1028","EBUS_28",NA,NA,NA,NA,0.0110030567665922,"CNV_negative","Non-malignant","Non-malignant","Non-malignant","inferCNV pilot only","Reference/pilot","Not assigned"
"TGCGGGTTCAGCTGGC_EBUS_49","P1049","EBUS_49",NA,NA,NA,NA,0.0105995134000391,"CNV_negative","Non-malignant","Non-malignant","Non-malignant","inferCNV pilot only","Reference/pilot","Not assigned"
"CCTTACGCAATGTTGC_EBUS_51","P1051","EBUS_51",NA,NA,NA,NA,0.0161621173010404,"CNV_negative","Non-malignant","Non-malignant","Non-malignant","inferCNV pilot only","Reference/pilot","Not assigned"
"CTTAGGAGTGGGTCAA_BRONCHO_58","P1058","BRONCHO_58",NA,NA,NA,NA,0.0133993256680267,"CNV_negative","Non-malignant","Non-malignant","Non-malignant","inferCNV pilot only","Reference/pilot","Not assigned"
"CGGTTAAAGTGGAGTC_NS_02","P3002","NS_02",NA,NA,NA,NA,0.0127157467733195,"CNV_negative","Non-malignant","Non-malignant","Non-malignant","inferCNV pilot only","Reference/pilot","Not assigned"
"GCAATCACATTGAGCT_NS_03","P3003","NS_03",NA,NA,NA,NA,0.00478821039307828,"CNV_negative","Non-malignant","Non-malignant","Non-malignant","inferCNV pilot only","Reference/pilot","Not assigned"
"ACTTACTAGCAGACTG_NS_04","P3004","NS_04",NA,NA,NA,NA,0.00597088971432191,"CNV_negative","Non-malignant","Non-malignant","Non-malignant","inferCNV pilot only","Reference/pilot","Not assigned"
"CCTACCATCAGTCAGT_NS_06","P3006","NS_06",NA,NA,NA,NA,0.00596811020552652,"CNV_negative","Non-malignant","Non-malignant","Non-malignant","inferCNV pilot only","Reference/pilot","Not assigned"
"CCGGTAGGTCTCCACT_NS_07","P3007","NS_07",NA,NA,NA,NA,0.0168598825448999,"CNV_negative","Non-malignant","Non-malignant","Non-malignant","inferCNV pilot only","Reference/pilot","Not assigned"
"GACGTTATCTAAGCCA_NS_12","P3012","NS_12",NA,NA,NA,NA,0.0159235792817257,"CNV_negative","Non-malignant","Non-malignant","Non-malignant","inferCNV pilot only","Reference/pilot","Not assigned"
"ACTTACTTCAGCATGT_NS_13","P3013","NS_13",NA,NA,NA,NA,0.00690278877979126,"CNV_negative","Non-malignant","Non-malignant","Non-malignant","inferCNV pilot only","Reference/pilot","Not assigned"
"GCTCTGTTCCGCAAGC_NS_16","P3016","NS_16",NA,NA,NA,NA,0.00917101897515246,"CNV_negative","Non-malignant","Non-malignant","Non-malignant","inferCNV pilot only","Reference/pilot","Not assigned"
"GCACTCTTCCTTTCTC_NS_17","P3017","NS_17",NA,NA,NA,NA,0.0102295830903109,"CNV_negative","Non-malignant","Non-malignant","Non-malignant","inferCNV pilot only","Reference/pilot","Not assigned"
"AGCATACAGGAGTTTA_NS_19","P3019","NS_19",NA,NA,NA,NA,0.00809877490950162,"CNV_negative","Non-malignant","Non-malignant","Non-malignant","inferCNV pilot only","Reference/pilot","Not assigned"
"TGGCGCAGTTGCGCAC_LUNG_T06","P0006","LUNG_T06",NA,NA,NA,NA,0.0103615446618026,"CNV_negative","Non-malignant","Non-malignant","Non-malignant","inferCNV pilot only","Reference/pilot","Not assigned"
"CGTCTACGTACCGCTG_LUNG_N08","P0008","LUNG_N08",NA,NA,NA,NA,0.00904571840342569,"CNV_negative","Non-malignant","Non-malignant","Non-malignant","inferCNV pilot only","Reference/pilot","Not assigned"
"AGGTCATAGTCGCCGT_LUNG_T09","P0009","LUNG_T09",NA,NA,NA,NA,0.0073532473311693,"CNV_negative","Non-malignant","Non-malignant","Non-malignant","inferCNV pilot only","Reference/pilot","Not assigned"
"ACGGGCTTCTAGCACA_LUNG_N18","P0018","LUNG_N18",NA,NA,NA,NA,0.00847459305739981,"CNV_negative","Non-malignant","Non-malignant","Non-malignant","inferCNV pilot only","Reference/pilot","Not assigned"
"CATCCACGTCTTCTCG_LUNG_T19","P0019","LUNG_T19",NA,NA,NA,NA,0.0153429086112322,"CNV_negative","Non-malignant","Non-malignant","Non-malignant","inferCNV pilot only","Reference/pilot","Not assigned"
"CATGGCGCATGCATGT_LUNG_N20","P0020","LUNG_N20",NA,NA,NA,NA,0.0100455114425558,"CNV_negative","Non-malignant","Non-malignant","Non-malignant","inferCNV pilot only","Reference/pilot","Not assigned"
"TCCCGATCATCACGTA_LUNG_T25","P0025","LUNG_T25",NA,NA,NA,NA,0.00838230694118202,"CNV_negative","Non-malignant","Non-malignant","Non-malignant","inferCNV pilot only","Reference/pilot","Not assigned"
"GTCTCGTTCTGCCAGG_LUNG_N28","P0028","LUNG_N28",NA,NA,NA,NA,0.0172331644789395,"CNV_negative","Non-malignant","Non-malignant","Non-malignant","inferCNV pilot only","Reference/pilot","Not assigned"
"CTGATAGTCTAACTCT_LUNG_T30","P0030","LUNG_T30",NA,NA,NA,NA,0.00953532262046307,"CNV_negative","Non-malignant","Non-malignant","Non-malignant","inferCNV pilot only","Reference/pilot","Not assigned"
"TGTGGTATCAGCAACT_LUNG_N31","P0031","LUNG_N31",NA,NA,NA,NA,0.0102730320887703,"CNV_negative","Non-malignant","Non-malignant","Non-malignant","inferCNV pilot only","Reference/pilot","Not assigned"
"CGCTATCCAGCTCGAC_LUNG_N34","P0034","LUNG_N34",NA,NA,NA,NA,0.011860762802238,"CNV_negative","Non-malignant","Non-malignant","Non-malignant","inferCNV pilot only","Reference/pilot","Not assigned"
"AGGGAGTCATCGGAAG_EBUS_06","P1006","EBUS_06",NA,NA,NA,NA,0.0133008574987702,"CNV_negative","Non-malignant","Non-malignant","Non-malignant","inferCNV pilot only","Reference/pilot","Not assigned"
"GACAGAGCATACGCTA_EBUS_10","P1010","EBUS_10",NA,NA,NA,NA,0.0155485835466532,"CNV_negative","Non-malignant","Non-malignant","Non-malignant","inferCNV pilot only","Reference/pilot","Not assigned"
"AGTTGGTGTTCAGTAC_EFFUSION_11","P1011","EFFUSION_11",NA,NA,NA,NA,0.0117856161603183,"CNV_negative","Non-malignant","Non-malignant","Non-malignant","inferCNV pilot only","Reference/pilot","Not assigned"
"CATGACAAGAGGTTGC_EFFUSION_12","P1012","EFFUSION_12",NA,NA,NA,NA,0.00861944652011835,"CNV_negative","Non-malignant","Non-malignant","Non-malignant","inferCNV pilot only","Reference/pilot","Not assigned"
"ACATACGAGCGGCTTC_EBUS_13","P1013","EBUS_13",NA,NA,NA,NA,0.00711339492429188,"CNV_negative","Non-malignant","Non-malignant","Non-malignant","inferCNV pilot only","Reference/pilot","Not assigned"
"GGTGAAGAGACACGAC_EBUS_15","P1015","EBUS_15",NA,NA,NA,NA,0.00897227740222679,"CNV_negative","Non-malignant","Non-malignant","Non-malignant","inferCNV pilot only","Reference/pilot","Not assigned"
"CGAATGTGTCGAAAGC_EBUS_19","P1019","EBUS_19",NA,NA,NA,NA,0.0172847857167704,"CNV_negative","Non-malignant","Non-malignant","Non-malignant","inferCNV pilot only","Reference/pilot","Not assigned"
"AGCAGCCCAGCTCCGA_EBUS_28","P1028","EBUS_28",NA,NA,NA,NA,0.012421488708967,"CNV_negative","Non-malignant","Non-malignant","Non-malignant","inferCNV pilot only","Reference/pilot","Not assigned"
"AAGTCTGGTAGGACAC_EBUS_49","P1049","EBUS_49",NA,NA,NA,NA,0.0193637118156207,"CNV_negative","Non-malignant","Non-malignant","Non-malignant","inferCNV pilot only","Reference/pilot","Not assigned"
"CAGCGACAGAGATGAG_EBUS_51","P1051","EBUS_51",NA,NA,NA,NA,0.0184353722806072,"CNV_negative","Non-malignant","Non-malignant","Non-malignant","inferCNV pilot only","Reference/pilot","Not assigned"
"CATTATCCAGTTAACC_BRONCHO_58","P1058","BRONCHO_58",NA,NA,NA,NA,0.0118899065051397,"CNV_negative","Non-malignant","Non-malignant","Non-malignant","inferCNV pilot only","Reference/pilot","Not assigned"
"ACGGCCAAGCTCCCAG_NS_02","P3002","NS_02",NA,NA,NA,NA,0.00849217819850354,"CNV_negative","Non-malignant","Non-malignant","Non-malignant","inferCNV pilot only","Reference/pilot","Not assigned"
"CCTCTGACAGCTGTTA_NS_03","P3003","NS_03",NA,NA,NA,NA,0.00952655776590103,"CNV_negative","Non-malignant","Non-malignant","Non-malignant","inferCNV pilot only","Reference/pilot","Not assigned"
"ATAAGAGAGGCTATCT_NS_04","P3004","NS_04",NA,NA,NA,NA,0.0120443331869981,"CNV_negative","Non-malignant","Non-malignant","Non-malignant","inferCNV pilot only","Reference/pilot","Not assigned"
"ACGAGGAAGCTAGTGG_NS_06","P3006","NS_06",NA,NA,NA,NA,0.0146414517660436,"CNV_negative","Non-malignant","Non-malignant","Non-malignant","inferCNV pilot only","Reference/pilot","Not assigned"
"CTCGTACAGTAAGTAC_NS_07","P3007","NS_07",NA,NA,NA,NA,0.0193759682315204,"CNV_negative","Non-malignant","Non-malignant","Non-malignant","inferCNV pilot only","Reference/pilot","Not assigned"
"GGGCACTTCGCGGATC_NS_12","P3012","NS_12",NA,NA,NA,NA,0.019468778512496,"CNV_negative","Non-malignant","Non-malignant","Non-malignant","inferCNV pilot only","Reference/pilot","Not assigned"
"CAAGGCCTCTTGACGA_NS_13","P3013","NS_13",NA,NA,NA,NA,0.0149898895990544,"CNV_negative","Non-malignant","Non-malignant","Non-malignant","inferCNV pilot only","Reference/pilot","Not assigned"
"GCAGTTAAGAAAGTGG_NS_16","P3016","NS_16",NA,NA,NA,NA,0.0157785650559097,"CNV_negative","Non-malignant","Non-malignant","Non-malignant","inferCNV pilot only","Reference/pilot","Not assigned"
"GCAAACTTCACGACTA_NS_17","P3017","NS_17",NA,NA,NA,NA,0.0108987856782702,"CNV_negative","Non-malignant","Non-malignant","Non-malignant","inferCNV pilot only","Reference/pilot","Not assigned"
"CCTTACGCAAGTTCTG_NS_19","P3019","NS_19",NA,NA,NA,NA,0.0150786629811979,"CNV_negative","Non-malignant","Non-malignant","Non-malignant","inferCNV pilot only","Reference/pilot","Not assigned"
"GAACCTAGTCGCCATG_LUNG_T06","P0006","LUNG_T06",NA,NA,NA,NA,0.0155417049471612,"CNV_negative","Non-malignant","Non-malignant","Non-malignant","inferCNV pilot only","Reference/pilot","Not assigned"
"CAGCGACGTACATGTC_LUNG_T08","P0008","LUNG_T08",NA,NA,NA,NA,0.00976481878750872,"CNV_negative","Non-malignant","Non-malignant","Non-malignant","inferCNV pilot only","Reference/pilot","Not assigned"
"CGAACATAGGATGGTC_LUNG_N09","P0009","LUNG_N09",NA,NA,NA,NA,0.0136751762257595,"CNV_negative","Non-malignant","Non-malignant","Non-malignant","inferCNV pilot only","Reference/pilot","Not assigned"
"ACCGTAATCGCGATCG_LUNG_N18","P0018","LUNG_N18",NA,NA,NA,NA,0.0133457397245604,"CNV_negative","Non-malignant","Non-malignant","Non-malignant","inferCNV pilot only","Reference/pilot","Not assigned"
"AGTGTCATCAGGTTCA_LUNG_T19","P0019","LUNG_T19",NA,NA,NA,NA,0.0112622735863187,"CNV_negative","Non-malignant","Non-malignant","Non-malignant","inferCNV pilot only","Reference/pilot","Not assigned"
"GGTGCGTGTCAAAGCG_LUNG_T20","P0020","LUNG_T20",NA,NA,NA,NA,0.0151519324041529,"CNV_negative","Non-malignant","Non-malignant","Non-malignant","inferCNV pilot only","Reference/pilot","Not assigned"
"CGAATGTTCAAGATCC_LUNG_T25","P0025","LUNG_T25",NA,NA,NA,NA,0.0053206419475528,"CNV_negative","Non-malignant","Non-malignant","Non-malignant","inferCNV pilot only","Reference/pilot","Not assigned"
"GCATACACATGCAATC_LUNG_N28","P0028","LUNG_N28",NA,NA,NA,NA,0.0107748190829657,"CNV_negative","Non-malignant","Non-malignant","Non-malignant","inferCNV pilot only","Reference/pilot","Not assigned"
"AGTTGGTGTTCCGGCA_LUNG_N30","P0030","LUNG_N30",NA,NA,NA,NA,0.0167751793217714,"CNV_negative","Non-malignant","Non-malignant","Non-malignant","inferCNV pilot only","Reference/pilot","Not assigned"
"GGCTCGATCCTTGACC_LUNG_T31","P0031","LUNG_T31",NA,NA,NA,NA,0.0167409087133809,"CNV_negative","Non-malignant","Non-malignant","Non-malignant","inferCNV pilot only","Reference/pilot","Not assigned"
"TCGAGGCGTGCGATAG_LUNG_N34","P0034","LUNG_N34",NA,NA,NA,NA,0.0210572727288812,"CNV_uncertain","Non-malignant","Non-malignant","Non-malignant","inferCNV pilot only","Reference/pilot","Not assigned"
"GATCGATGTGGGTCAA_EFFUSION_06","P1006","EFFUSION_06",NA,NA,NA,NA,0.0137408891305062,"CNV_negative","Non-malignant","Non-malignant","Non-malignant","inferCNV pilot only","Reference/pilot","Not assigned"
"TTGCGTCCAAACCTAC_EBUS_10","P1010","EBUS_10",NA,NA,NA,NA,0.0107776613548254,"CNV_negative","Non-malignant","Non-malignant","Non-malignant","inferCNV pilot only","Reference/pilot","Not assigned"
"GCTTGAACAGTGGGAT_EFFUSION_11","P1011","EFFUSION_11",NA,NA,NA,NA,0.006196179432038,"CNV_negative","Non-malignant","Non-malignant","Non-malignant","inferCNV pilot only","Reference/pilot","Not assigned"
"GGAAAGCTCCGCATAA_EFFUSION_12","P1012","EFFUSION_12",NA,NA,NA,NA,0.00354639976108562,"CNV_negative","Non-malignant","Non-malignant","Non-malignant","inferCNV pilot only","Reference/pilot","Not assigned"
"CACACTCAGTCTCGGC_EFFUSION_13","P1013","EFFUSION_13",NA,NA,NA,NA,0.0106496828755619,"CNV_negative","Non-malignant","Non-malignant","Non-malignant","inferCNV pilot only","Reference/pilot","Not assigned"
"GGGTCTGGTATATGGA_EBUS_15","P1015","EBUS_15",NA,NA,NA,NA,0.00537340149807535,"CNV_negative","Non-malignant","Non-malignant","Non-malignant","inferCNV pilot only","Reference/pilot","Not assigned"
"GTTACAGGTCCAAGTT_EBUS_19","P1019","EBUS_19",NA,NA,NA,NA,0.010470421811085,"CNV_negative","Non-malignant","Non-malignant","Non-malignant","inferCNV pilot only","Reference/pilot","Not assigned"
"TTTGTCAGTCAAAGCG_EBUS_28","P1028","EBUS_28",NA,NA,NA,NA,0.0153432765455715,"CNV_negative","Non-malignant","Non-malignant","Non-malignant","inferCNV pilot only","Reference/pilot","Not assigned"
"AATCCAGCAGTATAAG_EBUS_49","P1049","EBUS_49",NA,NA,NA,NA,0.00736312062387814,"CNV_negative","Non-malignant","Non-malignant","Non-malignant","inferCNV pilot only","Reference/pilot","Not assigned"
"GTACTCCGTTCCACAA_EBUS_51","P1051","EBUS_51",NA,NA,NA,NA,0.00888959542903096,"CNV_negative","Non-malignant","Non-malignant","Non-malignant","inferCNV pilot only","Reference/pilot","Not assigned"
"TCTTTCCTCAGTGCAT_BRONCHO_58","P1058","BRONCHO_58",NA,NA,NA,NA,0.0123382133012644,"CNV_negative","Non-malignant","Non-malignant","Non-malignant","inferCNV pilot only","Reference/pilot","Not assigned"
"TGGGAAGCACTTGGAT_NS_02","P3002","NS_02",NA,NA,NA,NA,0.00746669842452978,"CNV_negative","Non-malignant","Non-malignant","Non-malignant","inferCNV pilot only","Reference/pilot","Not assigned"
"CTCCTAGGTTGTCGCG_NS_03","P3003","NS_03",NA,NA,NA,NA,0.0128064090877437,"CNV_negative","Non-malignant","Non-malignant","Non-malignant","inferCNV pilot only","Reference/pilot","Not assigned"
"CCTCAGTCATTGAGCT_NS_04","P3004","NS_04",NA,NA,NA,NA,0.0172927518425637,"CNV_negative","Non-malignant","Non-malignant","Non-malignant","inferCNV pilot only","Reference/pilot","Not assigned"
"GCATGTAGTATCAGTC_NS_06","P3006","NS_06",NA,NA,NA,NA,0.0106401658269608,"CNV_negative","Non-malignant","Non-malignant","Non-malignant","inferCNV pilot only","Reference/pilot","Not assigned"
"GATCTAGCATTAACCG_NS_07","P3007","NS_07",NA,NA,NA,NA,0.0238779177438718,"CNV_positive","Non-malignant","Non-malignant","Non-malignant","inferCNV pilot only","Reference/pilot","Not assigned"
"TATCAGGGTTCCACAA_NS_12","P3012","NS_12",NA,NA,NA,NA,0.00881186037644106,"CNV_negative","Non-malignant","Non-malignant","Non-malignant","inferCNV pilot only","Reference/pilot","Not assigned"
"CCGTACTTCCTCAACC_NS_13","P3013","NS_13",NA,NA,NA,NA,0.0131632979704533,"CNV_negative","Non-malignant","Non-malignant","Non-malignant","inferCNV pilot only","Reference/pilot","Not assigned"
"ACTGCTCTCGATCCCT_NS_16","P3016","NS_16",NA,NA,NA,NA,0.0125079332023592,"CNV_negative","Non-malignant","Non-malignant","Non-malignant","inferCNV pilot only","Reference/pilot","Not assigned"
"CTCATTATCATCACCC_NS_17","P3017","NS_17",NA,NA,NA,NA,0.0178853404257347,"CNV_negative","Non-malignant","Non-malignant","Non-malignant","inferCNV pilot only","Reference/pilot","Not assigned"
"GTCCTCATCGGAGCAA_NS_19","P3019","NS_19",NA,NA,NA,NA,0.0113649071520278,"CNV_negative","Non-malignant","Non-malignant","Non-malignant","inferCNV pilot only","Reference/pilot","Not assigned"
"CAGTCCTTCCTTGCCA_LUNG_T06","P0006","LUNG_T06",NA,NA,NA,NA,0.00457704170345248,"CNV_negative","Non-malignant","Non-malignant","Non-malignant","inferCNV pilot only","Reference/pilot","Not assigned"
"GACTAACAGGCATGGT_LUNG_T08","P0008","LUNG_T08",NA,NA,NA,NA,0.0116365064088224,"CNV_negative","Non-malignant","Non-malignant","Non-malignant","inferCNV pilot only","Reference/pilot","Not assigned"
"TGTGGTACACCAGTTA_LUNG_T09","P0009","LUNG_T09",NA,NA,NA,NA,0.00751772480495464,"CNV_negative","Non-malignant","Non-malignant","Non-malignant","inferCNV pilot only","Reference/pilot","Not assigned"
"ACGATACAGGGTTTCT_LUNG_T18","P0018","LUNG_T18",NA,NA,NA,NA,0.00995839131709984,"CNV_negative","Non-malignant","Non-malignant","Non-malignant","inferCNV pilot only","Reference/pilot","Not assigned"
"GTGAAGGGTGCAGTAG_LUNG_T19","P0019","LUNG_T19",NA,NA,NA,NA,0.00377785085976053,"CNV_negative","Non-malignant","Non-malignant","Non-malignant","inferCNV pilot only","Reference/pilot","Not assigned"
"CTCTGGTAGTCAAGGC_LUNG_N20","P0020","LUNG_N20",NA,NA,NA,NA,0.0103241566814124,"CNV_negative","Non-malignant","Non-malignant","Non-malignant","inferCNV pilot only","Reference/pilot","Not assigned"
"CTAGCCTCACCATCCT_LUNG_T25","P0025","LUNG_T25",NA,NA,NA,NA,0.0102230042421812,"CNV_negative","Non-malignant","Non-malignant","Non-malignant","inferCNV pilot only","Reference/pilot","Not assigned"
"GGCCGATGTCTTCAAG_LUNG_T28","P0028","LUNG_T28",NA,NA,NA,NA,0.00689929980060066,"CNV_negative","Non-malignant","Non-malignant","Non-malignant","inferCNV pilot only","Reference/pilot","Not assigned"
"AGCTTGATCCCAACGG_LUNG_T30","P0030","LUNG_T30",NA,NA,NA,NA,0.00352085790948131,"CNV_negative","Non-malignant","Non-malignant","Non-malignant","inferCNV pilot only","Reference/pilot","Not assigned"
"CGTCTACGTTCCACTC_LUNG_T31","P0031","LUNG_T31",NA,NA,NA,NA,0.0146004040889439,"CNV_negative","Non-malignant","Non-malignant","Non-malignant","inferCNV pilot only","Reference/pilot","Not assigned"
"GCTCCTAAGTGCCATT_LUNG_N34","P0034","LUNG_N34",NA,NA,NA,NA,0.00885377084842862,"CNV_negative","Non-malignant","Non-malignant","Non-malignant","inferCNV pilot only","Reference/pilot","Not assigned"
"AACGTTGAGACCACGA_EFFUSION_06","P1006","EFFUSION_06",NA,NA,NA,NA,0.00461319975738346,"CNV_negative","Non-malignant","Non-malignant","Non-malignant","inferCNV pilot only","Reference/pilot","Not assigned"
"TGGGAAGGTACATCCA_EBUS_10","P1010","EBUS_10",NA,NA,NA,NA,0.00902999285287805,"CNV_negative","Non-malignant","Non-malignant","Non-malignant","inferCNV pilot only","Reference/pilot","Not assigned"
"GAACGGAAGCACGCCT_BRONCHO_11","P1011","BRONCHO_11",NA,NA,NA,NA,0.0097066389181818,"CNV_negative","Non-malignant","Non-malignant","Non-malignant","inferCNV pilot only","Reference/pilot","Not assigned"
"TTCGGTCTCCTTTCGG_EFFUSION_12","P1012","EFFUSION_12",NA,NA,NA,NA,0.00627250687270648,"CNV_negative","Non-malignant","Non-malignant","Non-malignant","inferCNV pilot only","Reference/pilot","Not assigned"
"CAGCTAAAGAACAATC_EBUS_13","P1013","EBUS_13",NA,NA,NA,NA,0.0190757886441843,"CNV_negative","Non-malignant","Non-malignant","Non-malignant","inferCNV pilot only","Reference/pilot","Not assigned"
"GTACTTTCACGTCTCT_EBUS_15","P1015","EBUS_15",NA,NA,NA,NA,0.0101605500693299,"CNV_negative","Non-malignant","Non-malignant","Non-malignant","inferCNV pilot only","Reference/pilot","Not assigned"
"TGAGCCGCATCTATGG_EBUS_19","P1019","EBUS_19",NA,NA,NA,NA,0.00905329871656994,"CNV_negative","Non-malignant","Non-malignant","Non-malignant","inferCNV pilot only","Reference/pilot","Not assigned"
"CGAACATAGGCTAGAC_EBUS_28","P1028","EBUS_28",NA,NA,NA,NA,0.0100514604983197,"CNV_negative","Non-malignant","Non-malignant","Non-malignant","inferCNV pilot only","Reference/pilot","Not assigned"
"AAACCTGCATGCATGT_EBUS_49","P1049","EBUS_49",NA,NA,NA,NA,0.00844695153850498,"CNV_negative","Non-malignant","Non-malignant","Non-malignant","inferCNV pilot only","Reference/pilot","Not assigned"
"TGGGAAGGTTATGTGC_EBUS_51","P1051","EBUS_51",NA,NA,NA,NA,0.0145684987551864,"CNV_negative","Non-malignant","Non-malignant","Non-malignant","inferCNV pilot only","Reference/pilot","Not assigned"
"TACAGTGAGCTGCAAG_BRONCHO_58","P1058","BRONCHO_58",NA,NA,NA,NA,0.0114167941877129,"CNV_negative","Non-malignant","Non-malignant","Non-malignant","inferCNV pilot only","Reference/pilot","Not assigned"
"ACCCACTGTCAAAGAT_NS_02","P3002","NS_02",NA,NA,NA,NA,0.0124936771064427,"CNV_negative","Non-malignant","Non-malignant","Non-malignant","inferCNV pilot only","Reference/pilot","Not assigned"
"ACTGTCCAGATGTCGG_NS_03","P3003","NS_03",NA,NA,NA,NA,0.00862815423885445,"CNV_negative","Non-malignant","Non-malignant","Non-malignant","inferCNV pilot only","Reference/pilot","Not assigned"
"TCGCGAGGTCGAGATG_NS_06","P3006","NS_06",NA,NA,NA,NA,0.0105874167917396,"CNV_negative","Non-malignant","Non-malignant","Non-malignant","inferCNV pilot only","Reference/pilot","Not assigned"
"CACCAGGCAGCCACCA_NS_07","P3007","NS_07",NA,NA,NA,NA,0.00755423400218096,"CNV_negative","Non-malignant","Non-malignant","Non-malignant","inferCNV pilot only","Reference/pilot","Not assigned"
"CGTAGCGGTGATAAGT_NS_12","P3012","NS_12",NA,NA,NA,NA,0.00407511657594373,"CNV_negative","Non-malignant","Non-malignant","Non-malignant","inferCNV pilot only","Reference/pilot","Not assigned"
"AACTCCCCACGTAAGG_NS_13","P3013","NS_13",NA,NA,NA,NA,0.0132749405232593,"CNV_negative","Non-malignant","Non-malignant","Non-malignant","inferCNV pilot only","Reference/pilot","Not assigned"
"GTCAAGTAGTTGTCGT_NS_16","P3016","NS_16",NA,NA,NA,NA,0.00671764866299006,"CNV_negative","Non-malignant","Non-malignant","Non-malignant","inferCNV pilot only","Reference/pilot","Not assigned"
"CTCGTACGTATGAAAC_NS_17","P3017","NS_17",NA,NA,NA,NA,0.0120864907896002,"CNV_negative","Non-malignant","Non-malignant","Non-malignant","inferCNV pilot only","Reference/pilot","Not assigned"
"TTTGCGCTCGGAAATA_NS_19","P3019","NS_19",NA,NA,NA,NA,0.00461174844187461,"CNV_negative","Non-malignant","Non-malignant","Non-malignant","inferCNV pilot only","Reference/pilot","Not assigned"
"GGTGAAGAGTCGAGTG_LUNG_T06","P0006","LUNG_T06",NA,NA,NA,NA,0.00511214875456632,"CNV_negative","Non-malignant","Non-malignant","Non-malignant","inferCNV pilot only","Reference/pilot","Not assigned"
"TTGACTTGTTGATTCG_LUNG_N08","P0008","LUNG_N08",NA,NA,NA,NA,0.00614501324579763,"CNV_negative","Non-malignant","Non-malignant","Non-malignant","inferCNV pilot only","Reference/pilot","Not assigned"
"CCTTCCCCATCCGTGG_LUNG_T09","P0009","LUNG_T09",NA,NA,NA,NA,0.0128264981225402,"CNV_negative","Non-malignant","Non-malignant","Non-malignant","inferCNV pilot only","Reference/pilot","Not assigned"
"CAGCTGGTCTTTCCTC_LUNG_T18","P0018","LUNG_T18",NA,NA,NA,NA,0.0160031823609013,"CNV_negative","Non-malignant","Non-malignant","Non-malignant","inferCNV pilot only","Reference/pilot","Not assigned"
"GTCGGGTGTGTGAAAT_LUNG_T19","P0019","LUNG_T19",NA,NA,NA,NA,0.0115104850952291,"CNV_negative","Non-malignant","Non-malignant","Non-malignant","inferCNV pilot only","Reference/pilot","Not assigned"
"CGAGAAGCAATGGAGC_LUNG_N20","P0020","LUNG_N20",NA,NA,NA,NA,0.00542184367147554,"CNV_negative","Non-malignant","Non-malignant","Non-malignant","inferCNV pilot only","Reference/pilot","Not assigned"
"ACTGATGCATGCCTAA_LUNG_T25","P0025","LUNG_T25",NA,NA,NA,NA,0.0114790084835493,"CNV_negative","Non-malignant","Non-malignant","Non-malignant","inferCNV pilot only","Reference/pilot","Not assigned"
"AACCATGTCTTCGGTC_LUNG_T28","P0028","LUNG_T28",NA,NA,NA,NA,0.0113284544144724,"CNV_negative","Non-malignant","Non-malignant","Non-malignant","inferCNV pilot only","Reference/pilot","Not assigned"
"AGGCCGTAGTTCCACA_LUNG_N30","P0030","LUNG_N30",NA,NA,NA,NA,0.00912575748557321,"CNV_negative","Non-malignant","Non-malignant","Non-malignant","inferCNV pilot only","Reference/pilot","Not assigned"
"ACATACGTCGCAAACT_LUNG_N31","P0031","LUNG_N31",NA,NA,NA,NA,0.0176306547214002,"CNV_negative","Non-malignant","Non-malignant","Non-malignant","inferCNV pilot only","Reference/pilot","Not assigned"
"ACGGGTCGTAAACCTC_LUNG_N34","P0034","LUNG_N34",NA,NA,NA,NA,0.0106822023795331,"CNV_negative","Non-malignant","Non-malignant","Non-malignant","inferCNV pilot only","Reference/pilot","Not assigned"
"ATCATGGTCAGTTAGC_EFFUSION_06","P1006","EFFUSION_06",NA,NA,NA,NA,0.0138924545946211,"CNV_negative","Non-malignant","Non-malignant","Non-malignant","inferCNV pilot only","Reference/pilot","Not assigned"
"GGTGCGTGTCCTGCTT_EBUS_10","P1010","EBUS_10",NA,NA,NA,NA,0.009304203141327,"CNV_negative","Non-malignant","Non-malignant","Non-malignant","inferCNV pilot only","Reference/pilot","Not assigned"
"ACACCAACAGTAACGG_BRONCHO_11","P1011","BRONCHO_11",NA,NA,NA,NA,0.0112171166199323,"CNV_negative","Non-malignant","Non-malignant","Non-malignant","inferCNV pilot only","Reference/pilot","Not assigned"
"CACATAGCAATGGATA_EBUS_12","P1012","EBUS_12",NA,NA,NA,NA,0.0158743932095839,"CNV_negative","Non-malignant","Non-malignant","Non-malignant","inferCNV pilot only","Reference/pilot","Not assigned"
"GACAGAGGTATGCTTG_EFFUSION_13","P1013","EFFUSION_13",NA,NA,NA,NA,0.0206457301425108,"CNV_negative","Non-malignant","Non-malignant","Non-malignant","inferCNV pilot only","Reference/pilot","Not assigned"
"CAGTCCTCACAGAGGT_EBUS_15","P1015","EBUS_15",NA,NA,NA,NA,0.012403733642932,"CNV_negative","Non-malignant","Non-malignant","Non-malignant","inferCNV pilot only","Reference/pilot","Not assigned"
"GCGACCACAATGACCT_EBUS_19","P1019","EBUS_19",NA,NA,NA,NA,0.00838182141561156,"CNV_negative","Non-malignant","Non-malignant","Non-malignant","inferCNV pilot only","Reference/pilot","Not assigned"
"AAAGCAAAGCCATCGC_EBUS_28","P1028","EBUS_28",NA,NA,NA,NA,0.0133014333887477,"CNV_negative","Non-malignant","Non-malignant","Non-malignant","inferCNV pilot only","Reference/pilot","Not assigned"
"GGCGACTGTGCACCAC_EBUS_49","P1049","EBUS_49",NA,NA,NA,NA,0.00835608925541517,"CNV_negative","Non-malignant","Non-malignant","Non-malignant","inferCNV pilot only","Reference/pilot","Not assigned"
"CAGTAACCAGTCAGCC_EBUS_51","P1051","EBUS_51",NA,NA,NA,NA,0.0128078735943182,"CNV_negative","Non-malignant","Non-malignant","Non-malignant","inferCNV pilot only","Reference/pilot","Not assigned"
"TTGCGTCGTGGTACAG_BRONCHO_58","P1058","BRONCHO_58",NA,NA,NA,NA,0.0153875389238734,"CNV_negative","Non-malignant","Non-malignant","Non-malignant","inferCNV pilot only","Reference/pilot","Not assigned"
"AGAGCGAGTGACGCCT_NS_02","P3002","NS_02",NA,NA,NA,NA,0.00671364154006461,"CNV_negative","Non-malignant","Non-malignant","Non-malignant","inferCNV pilot only","Reference/pilot","Not assigned"
"AGTTGGTCACATTAGC_NS_03","P3003","NS_03",NA,NA,NA,NA,0.00976692565420672,"CNV_negative","Non-malignant","Non-malignant","Non-malignant","inferCNV pilot only","Reference/pilot","Not assigned"
"CGGGTCAGTGACTCAT_NS_04","P3004","NS_04",NA,NA,NA,NA,0.00810365250794016,"CNV_negative","Non-malignant","Non-malignant","Non-malignant","inferCNV pilot only","Reference/pilot","Not assigned"
"TATGCCCCAGATGGGT_NS_06","P3006","NS_06",NA,NA,NA,NA,0.013202803169149,"CNV_negative","Non-malignant","Non-malignant","Non-malignant","inferCNV pilot only","Reference/pilot","Not assigned"
"TCCACACCAGAGCCAA_NS_07","P3007","NS_07",NA,NA,NA,NA,0.0188733857155769,"CNV_negative","Non-malignant","Non-malignant","Non-malignant","inferCNV pilot only","Reference/pilot","Not assigned"
"CACAGGCTCAGCAACT_NS_12","P3012","NS_12",NA,NA,NA,NA,0.00994209949720509,"CNV_negative","Non-malignant","Non-malignant","Non-malignant","inferCNV pilot only","Reference/pilot","Not assigned"
"TTCTTAGTCATTATCC_NS_13","P3013","NS_13",NA,NA,NA,NA,0.0175829252729284,"CNV_negative","Non-malignant","Non-malignant","Non-malignant","inferCNV pilot only","Reference/pilot","Not assigned"
"ATTACTCGTAAGTGTA_NS_16","P3016","NS_16",NA,NA,NA,NA,0.0153970359629908,"CNV_negative","Non-malignant","Non-malignant","Non-malignant","inferCNV pilot only","Reference/pilot","Not assigned"
"CTGAAGTGTGGACGAT_NS_17","P3017","NS_17",NA,NA,NA,NA,0.00864623977188445,"CNV_negative","Non-malignant","Non-malignant","Non-malignant","inferCNV pilot only","Reference/pilot","Not assigned"
"TCGCGTTCAGACGCCT_NS_19","P3019","NS_19",NA,NA,NA,NA,0.0138508700788882,"CNV_negative","Non-malignant","Non-malignant","Non-malignant","inferCNV pilot only","Reference/pilot","Not assigned"
"CGGACACTCCATTCTA_LUNG_T06","P0006","LUNG_T06",NA,NA,NA,NA,0.00746913457002011,"CNV_negative","Non-malignant","Non-malignant","Non-malignant","inferCNV pilot only","Reference/pilot","Not assigned"
"TGGCGCATCGCGGATC_LUNG_T08","P0008","LUNG_T08",NA,NA,NA,NA,0.00944890926589058,"CNV_negative","Non-malignant","Non-malignant","Non-malignant","inferCNV pilot only","Reference/pilot","Not assigned"
"CATCCACCAGCCTTGG_LUNG_T09","P0009","LUNG_T09",NA,NA,NA,NA,0.0186201280337396,"CNV_negative","Non-malignant","Non-malignant","Non-malignant","inferCNV pilot only","Reference/pilot","Not assigned"
"CACATAGCACATCCAA_LUNG_N18","P0018","LUNG_N18",NA,NA,NA,NA,0.0108849151039749,"CNV_negative","Non-malignant","Non-malignant","Non-malignant","inferCNV pilot only","Reference/pilot","Not assigned"
"CCTACACTCCCAGGTG_LUNG_T19","P0019","LUNG_T19",NA,NA,NA,NA,0.0102317836716983,"CNV_negative","Non-malignant","Non-malignant","Non-malignant","inferCNV pilot only","Reference/pilot","Not assigned"
"CTGTGCTCATTTGCTT_LUNG_T20","P0020","LUNG_T20",NA,NA,NA,NA,0.0112957681672512,"CNV_negative","Non-malignant","Non-malignant","Non-malignant","inferCNV pilot only","Reference/pilot","Not assigned"
"TGCCAAATCTTGCAAG_LUNG_T25","P0025","LUNG_T25",NA,NA,NA,NA,0.00774586374695596,"CNV_negative","Non-malignant","Non-malignant","Non-malignant","inferCNV pilot only","Reference/pilot","Not assigned"
"CCATGTCGTTGCGTTA_LUNG_N28","P0028","LUNG_N28",NA,NA,NA,NA,0.0140988148192486,"CNV_negative","Non-malignant","Non-malignant","Non-malignant","inferCNV pilot only","Reference/pilot","Not assigned"
"GGCTCGATCCCTAACC_LUNG_N30","P0030","LUNG_N30",NA,NA,NA,NA,0.0287113183854166,"CNV_positive","Non-malignant","Non-malignant","Non-malignant","inferCNV pilot only","Reference/pilot","Not assigned"
"ATGTGTGGTCAGAAGC_LUNG_T31","P0031","LUNG_T31",NA,NA,NA,NA,0.0161671515488185,"CNV_negative","Non-malignant","Non-malignant","Non-malignant","inferCNV pilot only","Reference/pilot","Not assigned"
"GTTCTCGAGCACGCCT_LUNG_N34","P0034","LUNG_N34",NA,NA,NA,NA,0.0130329618130932,"CNV_negative","Non-malignant","Non-malignant","Non-malignant","inferCNV pilot only","Reference/pilot","Not assigned"
"ATCACGACACAACTGT_EFFUSION_06","P1006","EFFUSION_06",NA,NA,NA,NA,0.015476928706435,"CNV_negative","Non-malignant","Non-malignant","Non-malignant","inferCNV pilot only","Reference/pilot","Not assigned"
"CACACTCAGCCACTAT_EBUS_10","P1010","EBUS_10",NA,NA,NA,NA,0.012607044188387,"CNV_negative","Non-malignant","Non-malignant","Non-malignant","inferCNV pilot only","Reference/pilot","Not assigned"
"CTGGTCTTCATGTCTT_EFFUSION_11","P1011","EFFUSION_11",NA,NA,NA,NA,0.0111629529680816,"CNV_negative","Non-malignant","Non-malignant","Non-malignant","inferCNV pilot only","Reference/pilot","Not assigned"
"GCGAGAAAGCGATGAC_EFFUSION_12","P1012","EFFUSION_12",NA,NA,NA,NA,0.0100480530649048,"CNV_negative","Non-malignant","Non-malignant","Non-malignant","inferCNV pilot only","Reference/pilot","Not assigned"
"CCCTCCTTCTTGGGTA_EFFUSION_13","P1013","EFFUSION_13",NA,NA,NA,NA,0.00437535206075913,"CNV_negative","Non-malignant","Non-malignant","Non-malignant","inferCNV pilot only","Reference/pilot","Not assigned"
"GCAGTTAGTTTGTTGG_EBUS_15","P1015","EBUS_15",NA,NA,NA,NA,0.0117418241638814,"CNV_negative","Non-malignant","Non-malignant","Non-malignant","inferCNV pilot only","Reference/pilot","Not assigned"
"AGCTTGACAGGTGGAT_EBUS_19","P1019","EBUS_19",NA,NA,NA,NA,0.00826535428834755,"CNV_negative","Non-malignant","Non-malignant","Non-malignant","inferCNV pilot only","Reference/pilot","Not assigned"
"TGAGGGACATTGGGCC_EBUS_28","P1028","EBUS_28",NA,NA,NA,NA,0.0120150412806756,"CNV_negative","Non-malignant","Non-malignant","Non-malignant","inferCNV pilot only","Reference/pilot","Not assigned"
"TTCTCAAAGGGTTTCT_EBUS_49","P1049","EBUS_49",NA,NA,NA,NA,0.00663252973398118,"CNV_negative","Non-malignant","Non-malignant","Non-malignant","inferCNV pilot only","Reference/pilot","Not assigned"
"CCACTACCACGCTTTC_EBUS_51","P1051","EBUS_51",NA,NA,NA,NA,0.0212287129577305,"CNV_uncertain","Non-malignant","Non-malignant","Non-malignant","inferCNV pilot only","Reference/pilot","Not assigned"
"TACTCATCAGTTTACG_BRONCHO_58","P1058","BRONCHO_58",NA,NA,NA,NA,0.0163851137664524,"CNV_negative","Non-malignant","Non-malignant","Non-malignant","inferCNV pilot only","Reference/pilot","Not assigned"
"TCGGGACAGCTACCTA_NS_02","P3002","NS_02",NA,NA,NA,NA,0.00926317374141534,"CNV_negative","Non-malignant","Non-malignant","Non-malignant","inferCNV pilot only","Reference/pilot","Not assigned"
"GCTGCGAAGGCAATTA_NS_03","P3003","NS_03",NA,NA,NA,NA,0.0174194693070451,"CNV_negative","Non-malignant","Non-malignant","Non-malignant","inferCNV pilot only","Reference/pilot","Not assigned"
"TAGAGCTTCGCCGTGA_NS_04","P3004","NS_04",NA,NA,NA,NA,0.0128177769887266,"CNV_negative","Non-malignant","Non-malignant","Non-malignant","inferCNV pilot only","Reference/pilot","Not assigned"
"CGGGTCATCACGACTA_NS_06","P3006","NS_06",NA,NA,NA,NA,0.0102003475252961,"CNV_negative","Non-malignant","Non-malignant","Non-malignant","inferCNV pilot only","Reference/pilot","Not assigned"
"CTGATCCGTGTCTGAT_NS_07","P3007","NS_07",NA,NA,NA,NA,0.00943113650581216,"CNV_negative","Non-malignant","Non-malignant","Non-malignant","inferCNV pilot only","Reference/pilot","Not assigned"
"GACTACATCAGCTCTC_NS_12","P3012","NS_12",NA,NA,NA,NA,0.0200578438296272,"CNV_negative","Non-malignant","Non-malignant","Non-malignant","inferCNV pilot only","Reference/pilot","Not assigned"
"AGCGGTCCACGCCAGT_NS_13","P3013","NS_13",NA,NA,NA,NA,0.0143419218054067,"CNV_negative","Non-malignant","Non-malignant","Non-malignant","inferCNV pilot only","Reference/pilot","Not assigned"
"CCCAATCAGACTAGGC_NS_16","P3016","NS_16",NA,NA,NA,NA,0.00768353338813783,"CNV_negative","Non-malignant","Non-malignant","Non-malignant","inferCNV pilot only","Reference/pilot","Not assigned"
"ACGCCAGAGATATGGT_NS_17","P3017","NS_17",NA,NA,NA,NA,0.022267391994168,"CNV_uncertain","Non-malignant","Non-malignant","Non-malignant","inferCNV pilot only","Reference/pilot","Not assigned"
"CCGGTAGGTTGATTGC_NS_19","P3019","NS_19",NA,NA,NA,NA,0.0115088581957836,"CNV_negative","Non-malignant","Non-malignant","Non-malignant","inferCNV pilot only","Reference/pilot","Not assigned"
