"cell_id","Patient_ID","Sample","Sample_Origin","seurat_clusters","Malignant_State","State_Validation","Phase","percent_mt","EMT_Score","Stemness_Score","Plasticity_Score","Proliferation_Score","Lung_Diff_Score","Pseudotime_Slingshot"
"AAACCTGCACCAGATT_NS_17","P3017","NS_17","mBrain","7","Exploratory_State_7","Patient_Specific_Exploratory","S",0.335570469798658,-0.112636247595309,-0.074506172133421,-0.476238342706846,-0.0728314363811389,0.0395061513776516,NA
"AAACCTGCAGACAAGC_NS_19","P3019","NS_19","mBrain","2","Malignant_Cycling_tS3","Core_Shared_State","G2M",15.5588452997779,0.0665764184871251,0.0631604626586086,0.119701422498508,0.493615898558858,-0.180404948342658,59.7173548889009
"AAACCTGTCGAGAACG_NS_13","P3013","NS_13","mBrain","5","Exploratory_High_LungDiff_5","Patient_Specific_Exploratory","G1",0.740108169655565,0.0703598044176252,-0.120661471564555,-0.129595048388598,0.0383182611117183,2.22598974364165,NA
"AAACCTGTCTAGAGTC_NS_16","P3016","NS_16","mBrain","1","Malignant_Differentiated_tS2","Core_Shared_State","S",0,-0.119370802166272,-0.0391535446724855,-0.506839786812471,-0.0500455212239941,-0.416530619546936,16.1737846945621
"AAAGATGGTTTGTTGG_NS_04","P3004","NS_04","mBrain","8","Exploratory_State_8","Patient_Specific_Exploratory","G1",18.0253915060901,-0.00218243479218846,-0.00943709625090697,0.049596190388694,-0.097188543461675,-0.277725534987575,NA
"AAAGCAAGTAGAGTGC_NS_16","P3016","NS_16","mBrain","9","Exploratory_High_Stemness_9","Patient_Specific_Exploratory","G1",1.5992003998001,-0.17198207039671,-0.148029508156562,-0.197780841059266,-0.119003837536254,-0.527004120321112,NA
"AAAGCAAGTGTCCTCT_EBUS_10","P1010","EBUS_10","mLN","2","Malignant_Cycling_tS3","Core_Shared_State","G2M",3.8300496608134,-0.181973980454779,-0.0296522179244353,-0.426737128878863,0.178301200726617,-0.624980451208547,66.4079704133525
"AAAGCAAGTTAGGGTG_EBUS_13","P1013","EBUS_13","mLN","1","Malignant_Differentiated_tS2","Core_Shared_State","S",1.2887022397892,0.482516577365652,0.157613356258569,0.632616982603356,-0.0044642701044016,-0.476276979068787,16.8904652945028
"AAAGTAGTCATATCGG_NS_07","P3007","NS_07","mBrain","3","Exploratory_State_3","Patient_Specific_Exploratory","G1",7.13081591368847,-0.00223466452605178,-0.0763540137146238,0.224698806308371,-0.134154187294642,-0.366190451919949,NA
"AAATGCCGTTCGGGCT_NS_07","P3007","NS_07","mBrain","3","Exploratory_State_3","Patient_Specific_Exploratory","G2M",6.52724968314322,-0.0513082314489644,0.133257778211051,0.16261433933951,-0.105076401150705,-0.423682789339486,NA
"AACGTTGAGAATGTGT_NS_02","P3002","NS_02","mBrain","1","Malignant_Differentiated_tS2","Core_Shared_State","S",9.15192190359976,0.337291810249566,-0.0754354989873132,-0.391324863786347,-0.067733087153188,-0.3461428553355,19.5151313405198
"AACTCAGAGATCGGGT_NS_17","P3017","NS_17","mBrain","7","Exploratory_State_7","Patient_Specific_Exploratory","S",0.873907615480649,0.0665336992624045,-0.1075732617722,0.276946657605175,-0.0897966477046787,-0.416765384657269,NA
"AACTCAGCAGGTTTCA_NS_13","P3013","NS_13","mBrain","0","Malignant_Hybrid_EMT_tS1","Core_Shared_State","G2M",2.18398411647915,0.121822133428139,-0.119466583460192,-0.348976030348331,-0.103177409382232,1.94557120309808,25.8561399008919
"AACTCCCAGTTGAGTA_EBUS_13","P1013","EBUS_13","mLN","4","Exploratory_High_EMT_4","Patient_Specific_Exploratory","S",2.54147453225208,0.364471765349302,0.114360406099501,0.462403734615685,-0.034514884930622,-0.376364129530829,NA
"AACTCCCGTGTGCGTC_EBUS_06","P1006","EBUS_06","tL/B","4","Exploratory_High_EMT_4","Patient_Specific_Exploratory","G1",1.17088184129533,-0.136300600986019,-0.0717670709389181,-0.0816145724779154,-0.0716700866557923,-0.421425199724804,NA
"AACTCTTAGATGTCGG_NS_12","P3012","NS_12","mBrain","1","Malignant_Differentiated_tS2","Core_Shared_State","S",4.91803278688525,-0.134048284810036,-0.0550782261553038,-0.45535433846833,-0.0336472547739909,0.0626307830237638,21.7621823171345
"AACTGGTTCACATGCA_BRONCHO_11","P1011","BRONCHO_11","mLN","6","Exploratory_Cycling_6","Patient_Specific_Exploratory","G2M",0.727934485896269,-0.109870488563396,-0.0471242514446536,-0.449368216891109,0.429590094637398,-0.392356589967602,NA
"AACTTTCCAATGAAAC_NS_02","P3002","NS_02","mBrain","3","Exploratory_State_3","Patient_Specific_Exploratory","G1",11.4631541473834,0.17056451574205,-0.0357418072066993,0.190662296880139,-0.109837442821178,-0.509471732803118,NA
"AACTTTCCAGACGCCT_NS_17","P3017","NS_17","mBrain","7","Exploratory_State_7","Patient_Specific_Exploratory","S",0.570729718711782,0.0969392930183408,0.11369990107501,0.668093520403858,0.245386598207828,-0.443534987610112,NA
"AACTTTCTCAGGATCT_NS_03","P3003","NS_03","mBrain","0","Malignant_Hybrid_EMT_tS1","Core_Shared_State","S",9.29768917082012,0.0159586095051483,-0.0558836069623055,0.292864774891379,0.0103616975558003,-0.467265364963101,36.6489070261621
"AAGACCTAGAACAACT_NS_07","P3007","NS_07","mBrain","0","Malignant_Hybrid_EMT_tS1","Core_Shared_State","G1",6.72176978242373,0.0439479139281534,0.48598385176131,0.1275976018985,-0.127646515742263,-0.435522042574269,26.3326017487749
"AAGACCTGTGATGATA_NS_06","P3006","NS_06","mBrain","0","Malignant_Hybrid_EMT_tS1","Core_Shared_State","G1",10.0427017423558,0.437594670930274,0.086569536737399,0.254759863986627,-0.0946889977548153,-0.317325446838888,37.634906184825
"AAGACCTTCGATGAGG_EBUS_10","P1010","EBUS_10","mLN","0","Malignant_Hybrid_EMT_tS1","Core_Shared_State","S",7.83818631137853,-0.00498139450861693,-0.0872650756921758,-0.00405412987771203,-0.0152164701209625,0.0812524602985987,37.7357883315771
"AAGGAGCCAATGAATG_NS_17","P3017","NS_17","mBrain","1","Malignant_Differentiated_tS2","Core_Shared_State","G1",1.28983308042489,-0.122051316380344,-0.0747538397428824,-0.485043222662254,-0.040621276201843,-0.38172839261799,17.5133847945917
"AAGGCAGCATCCGGGT_EBUS_06","P1006","EBUS_06","tL/B","4","Exploratory_High_EMT_4","Patient_Specific_Exploratory","G1",1.79690449226123,-0.207015852362268,-0.0204279252637207,0.223847389974318,0.0609941518056209,-0.309381084972255,NA
"AAGGCAGGTGATGATA_NS_02","P3002","NS_02","mBrain","1","Malignant_Differentiated_tS2","Core_Shared_State","S",0.349912521869533,0.126469095495971,-0.0679163942316273,0.0373381694388676,-0.043278308512714,-0.274273248184104,16.2072808220412
"AAGGCAGGTTCTCATT_EBUS_12","P1012","EBUS_12","mLN","0","Malignant_Hybrid_EMT_tS1","Core_Shared_State","G2M",10.1937711837309,-0.00462751075512338,-0.05141709111825,0.156901043642366,-0.0116974727013752,-0.444029002416997,39.6795875563757
"AAGGCAGTCCCACTTG_EBUS_28","P1028","EBUS_28","tL/B","2","Malignant_Cycling_tS3","Core_Shared_State","S",5.82681017612524,-0.108453199932755,0.149959253778681,-0.136582834671653,0.178447948136729,-0.0840490161308695,46.0786905837519
"AAGGTTCCAATAACGA_NS_04","P3004","NS_04","mBrain","8","Exploratory_State_8","Patient_Specific_Exploratory","G1",9.26873307252483,0.062880149963283,-0.105905751273054,0.289106575325322,0.039662652243569,-0.15391124492107,NA
"AAGGTTCTCACGAAGG_BRONCHO_58","P1058","BRONCHO_58","tL/B","2","Malignant_Cycling_tS3","Core_Shared_State","G2M",4.01466544454629,0.0648351930706413,0.0837321593790649,0.184848332833793,0.439248870332124,0.200140466635371,65.0807544604455
"AAGTCTGCAGGCTGAA_BRONCHO_11","P1011","BRONCHO_11","mLN","0","Malignant_Hybrid_EMT_tS1","Core_Shared_State","G1",8.72185220424992,0.00302140718587735,-0.107766639394208,0.0371611704261811,-0.132572591284338,-0.125789006383857,29.6572435706287
"AAGTCTGGTACTTCTT_NS_07","P3007","NS_07","mBrain","3","Exploratory_State_3","Patient_Specific_Exploratory","G1",5.11553194118374,-0.167783042134501,-0.0415620834973382,0.0453789257928751,-0.0878988386109214,0.236789211270605,NA
"AAGTCTGGTCAACATC_EBUS_28","P1028","EBUS_28","tL/B","0","Malignant_Hybrid_EMT_tS1","Core_Shared_State","G1",6.2214983713355,-0.0882382183603251,-0.176512319437175,-0.166725131755981,-0.175912052217871,-0.430839632396243,36.3051085974714
"AAGTCTGTCGCCTGAG_BRONCHO_58","P1058","BRONCHO_58","tL/B","0","Malignant_Hybrid_EMT_tS1","Core_Shared_State","G1",5.98187933282998,0.0767149192735175,0.00922079091537484,0.190823748251235,-0.131493156105845,0.2295290714752,36.3051085974714
"AATCCAGAGCGACGTA_EBUS_15","P1015","EBUS_15","mLN","0","Malignant_Hybrid_EMT_tS1","Core_Shared_State","G2M",10.5856846127022,0.149679929150768,-0.0101627689231379,0.167752487601287,0.353045991106287,-0.533151458565137,38.6707864899399
"AATCCAGAGGACAGCT_EBUS_51","P1051","EBUS_51","mLN","3","Exploratory_State_3","Patient_Specific_Exploratory","G1",4.5157685188419,0.0950350300680085,-0.0998886373717756,0.121424532998542,-0.151885553689171,0.0295148266522394,NA
"AATCCAGAGTCATGCT_EBUS_49","P1049","EBUS_49","tL/B","1","Malignant_Differentiated_tS2","Core_Shared_State","G2M",0,-0.142877299096301,-0.0930058213927291,-0.526798585397234,-0.0805520619508206,-0.436151743022852,17.6286941510161
"AATCCAGCAGCGTAAG_EBUS_12","P1012","EBUS_12","mLN","0","Malignant_Hybrid_EMT_tS1","Core_Shared_State","G1",7.53886617536002,0.157571890584196,-0.0238111242792449,0.319126055355357,-0.0912276887191194,-0.355760285909106,36.7503714197041
"AATCCAGGTTCCCTTG_EBUS_49","P1049","EBUS_49","tL/B","4","Exploratory_High_EMT_4","Patient_Specific_Exploratory","G1",4.48600211498859,-0.114584547938433,0.0850807026380887,-0.190109213775305,-0.0279138205035667,-0.543319178430287,NA
"AATCGGTCACTTCGAA_NS_19","P3019","NS_19","mBrain","0","Malignant_Hybrid_EMT_tS1","Core_Shared_State","G1",9.53595104538501,-0.1642415715965,0.0607781438311927,-0.394684488170468,-0.115458771365741,-0.567466882575949,24.7301705992323
"ACACCAAAGACGACGT_NS_19","P3019","NS_19","mBrain","2","Malignant_Cycling_tS3","Core_Shared_State","G2M",5.13112122023013,0.00529015160019161,0.0489899990631661,-0.0046133041312717,0.618550810510441,-0.158830212887343,60.829243342397
"ACACCAAGTAGGGACT_EBUS_19","P1019","EBUS_19","mLN","5","Exploratory_High_LungDiff_5","Patient_Specific_Exploratory","S",17.7675421403371,-0.129328722119034,-0.0884440209011395,0.0208593262809682,0.283157117252411,0.532771987501027,NA
"ACACCAAGTGCTCTTC_EBUS_12","P1012","EBUS_12","mLN","0","Malignant_Hybrid_EMT_tS1","Core_Shared_State","G1",1.89391515771962,0.0466597440789049,-0.0956355004913814,-0.0922732319132534,-0.118864916714553,-0.536919902042911,27.0498079648847
"ACACCAATCCTATGTT_EBUS_12","P1012","EBUS_12","mLN","0","Malignant_Hybrid_EMT_tS1","Core_Shared_State","G1",11.1379339049363,-0.015487274313472,-0.0715462802511731,0.0297252902928445,-0.0122120900218544,-0.115716055186109,37.1936620403823
"ACACCGGGTCTGCAAT_EBUS_51","P1051","EBUS_51","mLN","3","Exploratory_State_3","Patient_Specific_Exploratory","S",5.47107149099808,0.103239418656137,-0.100581080802521,0.0916860354341775,-0.135282421835805,0.464061490986709,NA
"ACACTGAGTAAGTGGC_NS_12","P3012","NS_12","mBrain","2","Malignant_Cycling_tS3","Core_Shared_State","G2M",4.48388112989604,-0.185630783816031,-0.141236187886032,-0.33042261383836,0.0185235467104375,-0.00986287442790457,58.4316325491738
"ACACTGATCTGCCCTA_NS_19","P3019","NS_19","mBrain","2","Malignant_Cycling_tS3","Core_Shared_State","S",12.262156448203,0.0107533781658358,-0.0390945320577658,0.197515651978139,0.250693199211748,-0.174467657259914,46.0231338071451
"ACAGCCGAGCAATATG_EBUS_12","P1012","EBUS_12","mLN","0","Malignant_Hybrid_EMT_tS1","Core_Shared_State","G1",8.68415312465918,0.0847270620602353,-0.00197937789131075,0.135242841629238,-0.0722069935182417,-0.63996472745125,35.5841015258075
"ACATACGGTCTAAACC_NS_13","P3013","NS_13","mBrain","1","Malignant_Differentiated_tS2","Core_Shared_State","G1",0.423280423280423,0.0545409600407991,-0.0856531934979062,-0.474749650374281,-0.0908730730500841,2.1340568634725,22.9835705150889
"ACATACGGTGCTCTTC_EBUS_49","P1049","EBUS_49","tL/B","1","Malignant_Differentiated_tS2","Core_Shared_State","G1",0.180570603105814,0.0416542530396302,-0.072900898297676,-0.225298689620733,0.254822828071693,-0.424835905555493,17.3931427080114
"ACATCAGCACCGAATT_EBUS_12","P1012","EBUS_12","mLN","0","Malignant_Hybrid_EMT_tS1","Core_Shared_State","G1",3.31906847133758,0.027704581380175,0.0197292929813586,0.215140736693292,-0.137172844004773,-0.549099162314618,32.1560918987011
"ACATGGTAGGAGTTGC_NS_12","P3012","NS_12","mBrain","10","Exploratory_State_10","Patient_Specific_Exploratory","G1",12.9000261028452,0.0156998512838595,-0.0415135213177785,0.133525926915187,0.141897277356624,0.134669997858494,NA
"ACATGGTCAAGTTCTG_NS_19","P3019","NS_19","mBrain","6","Exploratory_Cycling_6","Patient_Specific_Exploratory","G2M",1.13114174620007,0.0305202023668307,-0.106471824033454,0.126129341066656,-0.107791108482252,-0.580018416099071,NA
"ACATGGTGTGTTCGAT_EBUS_06","P1006","EBUS_06","tL/B","2","Malignant_Cycling_tS3","Core_Shared_State","G2M",0.260586319218241,-0.166796950647196,0.138350570186664,-0.199996392232029,0.274989884225792,-0.20867568762873,61.8250972900797
"ACCAGTAAGCCCGAAA_EBUS_13","P1013","EBUS_13","mLN","1","Malignant_Differentiated_tS2","Core_Shared_State","S",1.01203501094092,0.286434265311733,0.172081755574123,0.140897690398381,-0.0769144091459639,-0.461228459377903,14.4390645825934
"ACCAGTACAGCTCGCA_EBUS_13","P1013","EBUS_13","mLN","1","Malignant_Differentiated_tS2","Core_Shared_State","S",0.167750052421891,0.461410347353952,0.39109964478384,0.847261044921666,-0.0914469085471735,-0.526060007114885,0
"ACCAGTAGTACGAAAT_EBUS_13","P1013","EBUS_13","mLN","1","Malignant_Differentiated_tS2","Core_Shared_State","S",8.76338851022395,0.184596356721849,0.263530355865038,0.205561204112212,-0.090778596307259,-0.186050080655039,22.390935143941
"ACCAGTATCACCGTAA_NS_02","P3002","NS_02","mBrain","3","Exploratory_State_3","Patient_Specific_Exploratory","G1",5.44499105545617,0.098740156938062,-0.0434569623341532,0.0602330687987851,-0.130973138182868,-0.556593122127641,NA
"ACCCACTCATCCAACA_NS_19","P3019","NS_19","mBrain","2","Malignant_Cycling_tS3","Core_Shared_State","G2M",17.1613011401744,0.0521208717485796,0.00184146461419166,-0.0901350767455482,-0.0265531335007381,-0.000882211307962955,50.5577694002945
"ACCGTAAAGTCGTTTG_NS_17","P3017","NS_17","mBrain","7","Exploratory_State_7","Patient_Specific_Exploratory","G1",2.86642461303268,-0.00609704421852156,0.0223611286715174,0.360011173104569,-0.121586406145409,-0.512979178014743,NA
"ACCGTAACACACCGCA_EBUS_51","P1051","EBUS_51","mLN","3","Exploratory_State_3","Patient_Specific_Exploratory","G1",7.93525179856115,-0.0393902967447839,-0.0759191709074587,0.00162762704440989,-0.0693521609700748,0.0345374271825987,NA
"ACCGTAACATCTGGTA_EBUS_12","P1012","EBUS_12","mLN","0","Malignant_Hybrid_EMT_tS1","Core_Shared_State","G1",6.07301559641021,0.0284386969643474,-0.169727307999228,0.00726588832195518,-0.180295565242345,-0.525164425647089,35.8567942850146
"ACCGTAATCAGTGTTG_NS_02","P3002","NS_02","mBrain","3","Exploratory_State_3","Patient_Specific_Exploratory","G1",12.740886215785,0.00490535711604864,0.00312505407532226,-0.0797069241300644,-0.131619857001708,-0.496856122720366,NA
"ACCTTTATCTAGCACA_EBUS_10","P1010","EBUS_10","mLN","0","Malignant_Hybrid_EMT_tS1","Core_Shared_State","G1",4.4240191695576,-0.0788328681215581,-0.0610968623728415,-0.342161805819879,-0.195528592501161,-0.151958841157141,36.3051085974714
"ACGAGCCAGCCATCGC_EBUS_12","P1012","EBUS_12","mLN","0","Malignant_Hybrid_EMT_tS1","Core_Shared_State","G1",10.6582978849987,0.116619837139393,-0.0500107371533137,0.259837233583083,-0.165597893969362,0.00500949254684824,36.2172011942576
"ACGAGGACACACCGCA_EBUS_06","P1006","EBUS_06","tL/B","1","Malignant_Differentiated_tS2","Core_Shared_State","S",0.0671591672263264,0.0873939488675852,-0.0711412158823621,-0.498693522051081,0.357548168672771,-0.435380802852268,17.838657076861
"ACGATACAGAAACCAT_NS_02","P3002","NS_02","mBrain","1","Malignant_Differentiated_tS2","Core_Shared_State","G1",4.85654303708887,0.00951938344968106,-0.113885130044788,0.0310447935938973,-0.0947228834022792,-0.368805712141787,20.2338950084526
"ACGATACTCCTAGTGA_NS_02","P3002","NS_02","mBrain","0","Malignant_Hybrid_EMT_tS1","Core_Shared_State","G1",11.7657529369883,0.0458815402957667,-0.00770355745898546,0.0705285452860838,-0.107731269451079,-0.478113612088416,25.1569812811866
"ACGATGTAGTTCGATC_NS_17","P3017","NS_17","mBrain","7","Exploratory_State_7","Patient_Specific_Exploratory","G1",0.508552935737402,-0.138619803993973,-0.063863247268618,-0.206309825169672,-0.0819487420679775,-0.531311277973765,NA
"ACGATGTGTACCGAGA_EBUS_12","P1012","EBUS_12","mLN","0","Malignant_Hybrid_EMT_tS1","Core_Shared_State","G1",16.8794326241135,0.119530641201044,-0.144047656454741,0.413293425026294,-0.133674859865681,-0.436274041144843,36.4419246293931
"ACGCAGCGTGAGGGAG_NS_03","P3003","NS_03","mBrain","0","Malignant_Hybrid_EMT_tS1","Core_Shared_State","G1",9.49206349206349,0.0367708676716841,-0.110678285020979,0.182110646083335,-0.0965796007744063,-0.149755631569507,33.5662557045421
"ACGGAGACAAATTGCC_NS_19","P3019","NS_19","mBrain","0","Malignant_Hybrid_EMT_tS1","Core_Shared_State","G2M",13.3088048718599,0.195774469276765,-0.147603671698345,0.0762696492557736,0.270873648501632,-0.0869994951369016,28.1746517640034
"ACGGAGAGTTCAGACT_BRONCHO_11","P1011","BRONCHO_11","mLN","0","Malignant_Hybrid_EMT_tS1","Core_Shared_State","G1",3.08103708871062,-0.104280924417531,-0.0647096041744811,-0.0799225482620132,-0.0580111610708129,-0.593509307121371,35.6260408158102
"ACGGCCACATGCTGGC_NS_04","P3004","NS_04","mBrain","6","Exploratory_Cycling_6","Patient_Specific_Exploratory","G2M",3.60189573459716,0.0542767316234176,-0.0865623499919285,0.224803062518294,0.27599134584437,-0.119671220995488,NA
"ACGGCCAGTCCAGTAT_NS_06","P3006","NS_06","mBrain","1","Malignant_Differentiated_tS2","Core_Shared_State","G1",0.156876416245424,0.0489590631440013,-0.104378687773196,0.0966618679234656,-0.0908988054358285,0.234830217853073,18.7621008285467
"ACGGGCTGTATAAACG_NS_19","P3019","NS_19","mBrain","2","Malignant_Cycling_tS3","Core_Shared_State","G2M",6.5669089354425,-0.0277016398096844,0.186298483405944,-0.113898970892123,0.106882541647951,-0.60725192828066,55.8420100021731
"ACGGGTCGTTACGCGC_NS_04","P3004","NS_04","mBrain","8","Exploratory_State_8","Patient_Specific_Exploratory","S",4.20537071440635,0.0346300815726311,-0.067276392782057,0.141259299188811,0.119442524020846,0.127856661104567,NA
"ACTATCTCAAGCCCAC_EBUS_13","P1013","EBUS_13","mLN","1","Malignant_Differentiated_tS2","Core_Shared_State","S",0.262008733624454,0.747729924020431,-0.055794204933866,0.873800944844005,-0.0403918005987966,-0.365611321874077,20.4757645943771
"ACTATCTCATGATCCA_EBUS_15","P1015","EBUS_15","mLN","6","Exploratory_Cycling_6","Patient_Specific_Exploratory","G2M",0.332778702163062,-0.103693542941241,0.263638162337115,0.0148336088343112,-0.0544415975042591,-0.344893067360824,NA
"ACTGAACAGATGTCGG_BRONCHO_11","P1011","BRONCHO_11","mLN","0","Malignant_Hybrid_EMT_tS1","Core_Shared_State","G1",5.15630309208291,0.270556377678006,-0.175731479079806,0.388437138274778,-0.0354058606209655,-0.55818314575035,34.950613468631
"ACTGAACAGTCAATAG_EBUS_10","P1010","EBUS_10","mLN","1","Malignant_Differentiated_tS2","Core_Shared_State","G1",1.44222978447577,0.0108997351705315,-0.100038665782448,-0.233270631752039,-0.051886712642579,-0.462103102489716,22.390935143941
"ACTGAACTCGTCTGAA_EBUS_12","P1012","EBUS_12","mLN","0","Malignant_Hybrid_EMT_tS1","Core_Shared_State","G1",15.1744338550319,0.124261357529724,-0.184169094448459,0.133457485540436,-0.134823498140722,-0.423099924662295,33.5974568164321
"ACTGAGTAGCTAACAA_NS_03","P3003","NS_03","mBrain","0","Malignant_Hybrid_EMT_tS1","Core_Shared_State","G1",12.2640446272609,-0.0815750983469689,-0.0102692595076265,0.0975121587355083,0.0250860529254325,-0.185385630781725,38.4105661253829
"ACTGAGTCAGACTCGC_EBUS_51","P1051","EBUS_51","mLN","0","Malignant_Hybrid_EMT_tS1","Core_Shared_State","G1",4.98058030614576,0.13342423697962,-0.057651246290403,0.316273789483306,-0.206035152874086,0.49090940276516,35.4051500541815
"ACTGAGTTCCCTGACT_EBUS_19","P1019","EBUS_19","mLN","5","Exploratory_High_LungDiff_5","Patient_Specific_Exploratory","S",12.2964984083674,-0.201622069192656,-0.173391378003766,-0.078193726404555,0.282191091455345,0.641669621218001,NA
"ACTGATGCAGTTTACG_NS_12","P3012","NS_12","mBrain","10","Exploratory_State_10","Patient_Specific_Exploratory","G1",3.2907107935314,0.0272677875676935,0.318902740820825,0.185437641198008,-0.151784907293107,-0.303220497737087,NA
"ACTGCTCAGCCAGAAC_NS_02","P3002","NS_02","mBrain","1","Malignant_Differentiated_tS2","Core_Shared_State","G1",5.01672240802676,0.17648366350416,-0.120155864746815,0.340984750181089,-0.139148330579857,-0.0688960222995661,22.9502024288294
"ACTGCTCGTCGAGTTT_BRONCHO_11","P1011","BRONCHO_11","mLN","0","Malignant_Hybrid_EMT_tS1","Core_Shared_State","G1",8.1363073110285,0.0639997255527194,-0.018529261349269,0.281716627220165,-0.100465390600845,-0.141871064124573,34.5488701990914
"ACTGTCCCAAGTTCTG_EBUS_10","P1010","EBUS_10","mLN","0","Malignant_Hybrid_EMT_tS1","Core_Shared_State","G1",4.49027928550281,0.0282561080681039,-0.169282229455722,-0.000784251926702839,-0.137398502309792,-0.321045588701867,33.8078188685457
"ACTGTCCTCTCGCTTG_EBUS_13","P1013","EBUS_13","mLN","4","Exploratory_High_EMT_4","Patient_Specific_Exploratory","S",3.05329136739031,0.570876187977061,0.213374128892788,0.568152160688779,0.0435572541882046,-0.561269431618685,NA
"ACTTGTTAGCGGCTTC_EBUS_51","P1051","EBUS_51","mLN","1","Malignant_Differentiated_tS2","Core_Shared_State","G1",16.3874505025891,0.0217110224091608,-0.098074093749377,0.00153059492026913,0.19301065401064,0.741331165632422,23.5589291044859
"ACTTTCATCTAACTGG_NS_16","P3016","NS_16","mBrain","1","Malignant_Differentiated_tS2","Core_Shared_State","G1",0.882785679254536,-0.122322977686198,-0.0948096542117669,-0.330763899652062,-0.143055295534879,-0.260769043342592,21.4661218929655
"AGAATAGCACGGCTAC_NS_04","P3004","NS_04","mBrain","8","Exploratory_State_8","Patient_Specific_Exploratory","S",5.16129032258065,0.0362848771830162,0.0180323826398803,0.162239981914222,-0.117653308343893,-0.412031142556962,NA
"AGAATAGGTACATCCA_NS_03","P3003","NS_03","mBrain","0","Malignant_Hybrid_EMT_tS1","Core_Shared_State","G1",10.435403283369,-0.0890170350917205,-0.125166236053558,0.20136769274753,-0.140691399397192,-0.304640496263779,34.2806586150955
"AGACGTTAGAAGGGTA_EBUS_06","P1006","EBUS_06","tL/B","4","Exploratory_High_EMT_4","Patient_Specific_Exploratory","S",1.46958304853042,-0.20900144994967,-0.163642064532987,-0.0360714066471994,0.128142141057495,-0.213428639988588,NA
"AGAGCGAGTTACGCGC_NS_12","P3012","NS_12","mBrain","10","Exploratory_State_10","Patient_Specific_Exploratory","G1",15.6072199332941,0.00385912310655748,0.198356577461653,-0.177998314413869,-0.0721921196700735,-0.436765864102877,NA
"AGAGCTTAGCCTCGTG_NS_07","P3007","NS_07","mBrain","3","Exploratory_State_3","Patient_Specific_Exploratory","G1",7.88551900897053,0.0366912429914952,0.219307133293899,0.0542411343365763,-0.132679052115561,-0.525805733454872,NA
"AGAGCTTTCCTTGACC_EBUS_15","P1015","EBUS_15","mLN","0","Malignant_Hybrid_EMT_tS1","Core_Shared_State","G1",6.37867262195548,0.0266877713141168,-0.0527830126194543,0.181990385668415,-0.117416228107217,-0.470038431118646,36.3051085974714
"AGAGTGGAGGATATAC_NS_17","P3017","NS_17","mBrain","7","Exploratory_State_7","Patient_Specific_Exploratory","G1",16.6236086631094,-0.0489692820042515,-0.0136089580003571,0.113981663732094,-0.107732843994868,-0.352532308405094,NA
"AGAGTGGCACTTAACG_NS_17","P3017","NS_17","mBrain","7","Exploratory_State_7","Patient_Specific_Exploratory","G1",0.421179302045728,-0.0903530923083325,-0.0858486192388484,-0.28040127974463,-0.0593998169623996,0.265660654303498,NA
"AGATCTGGTATAGGGC_NS_12","P3012","NS_12","mBrain","10","Exploratory_State_10","Patient_Specific_Exploratory","G1",17.6928169480305,0.0278452107453137,0.117552075074487,0.130167783476449,-0.06929226715391,0.363048070256862,NA
"AGATCTGTCTGATACG_EBUS_28","P1028","EBUS_28","tL/B","0","Malignant_Hybrid_EMT_tS1","Core_Shared_State","G1",4.52920143027414,0.158371562709715,0.0764878575554103,0.19987046624607,-0.105150454446806,-0.281475988892117,28.4753418479278
"AGATTGCCATCAGTCA_NS_06","P3006","NS_06","mBrain","1","Malignant_Differentiated_tS2","Core_Shared_State","G1",0.0753579502637528,0.148107833715949,-0.091850165079377,-0.113385678764014,-0.0912562567213793,-0.469115113159851,19.2790442011796
"AGCAGCCCAGGTTTCA_EBUS_06","P1006","EBUS_06","tL/B","1","Malignant_Differentiated_tS2","Core_Shared_State","G1",0.473808897078178,-0.127833358926284,0.146280962383129,0.184292194748756,-0.0950816689357585,-0.049667383898473,20.9431217713567
"AGCAGCCCATCACGAT_NS_16","P3016","NS_16","mBrain","1","Malignant_Differentiated_tS2","Core_Shared_State","G1",16.5405405405405,-0.109501194937742,0.111224144000494,-0.295431525246356,-0.0911585882045343,-0.28407698039541,22.3600613902277
"AGCAGCCTCGTGACAT_NS_13","P3013","NS_13","mBrain","5","Exploratory_High_LungDiff_5","Patient_Specific_Exploratory","G1",9.88407565588774,-0.0278357288477829,0.0732426064462096,0.00272066248530412,0.291695926106465,1.66556102008272,NA
"AGCATACAGCGCCTTG_EBUS_15","P1015","EBUS_15","mLN","6","Exploratory_Cycling_6","Patient_Specific_Exploratory","G2M",0.202020202020202,-0.112979625047073,-0.0446643463730655,0.0409699332973832,-0.0399659958072142,-0.347526611392389,NA
"AGCATACCACATGTGT_NS_07","P3007","NS_07","mBrain","3","Exploratory_State_3","Patient_Specific_Exploratory","G1",9.49322909395505,-0.0707197267201414,-0.0225755302152988,-0.159988557144598,-0.103059350654803,-0.263684628453986,NA
"AGCATACCATTCCTCG_EBUS_12","P1012","EBUS_12","mLN","2","Malignant_Cycling_tS3","Core_Shared_State","G2M",12.4005441728161,0.0716141263384875,-0.148008305044855,0.0158436366319126,0.37403910048154,-0.555414435179828,50.5257401392512
"AGCATACGTTAAAGTG_EBUS_28","P1028","EBUS_28","tL/B","0","Malignant_Hybrid_EMT_tS1","Core_Shared_State","G1",5.74012550756737,-0.199458739072414,0.0239439213519634,-0.0815281843290711,-0.0135214147402502,-0.491050338653034,37.0093526489856
"AGCCTAAAGCGATAGC_NS_03","P3003","NS_03","mBrain","0","Malignant_Hybrid_EMT_tS1","Core_Shared_State","G1",8.203625709577,-0.146152172249996,-0.0941328703537624,-0.244801059518181,-0.0829877494384394,-0.315877461013806,35.2514407548696
"AGCCTAAGTCAGAATA_EBUS_51","P1051","EBUS_51","mLN","3","Exploratory_State_3","Patient_Specific_Exploratory","G1",1.55411910328703,0.0260496536496669,0.0637084339381494,-0.350555027250361,-0.167323605614608,-0.23289453769132,NA
"AGCCTAATCATTCACT_EBUS_10","P1010","EBUS_10","mLN","2","Malignant_Cycling_tS3","Core_Shared_State","G2M",8.17246481538832,-0.106094353734717,0.192288561639638,-0.274805171431929,0.221169895999996,-0.553493694929081,54.2890931366551
"AGCCTAATCTCGCATC_EBUS_49","P1049","EBUS_49","tL/B","4","Exploratory_High_EMT_4","Patient_Specific_Exploratory","G1",3.06511989918832,-0.0530975289765394,0.156702165259968,-0.194513818663801,-0.144785458770915,-0.546656514264975,NA
"AGCCTAATCTGGCGTG_EBUS_13","P1013","EBUS_13","mLN","2","Malignant_Cycling_tS3","Core_Shared_State","G2M",5.69180721223727,0.210908141804852,0.189052916460622,0.113069385800387,0.246232132909321,-0.462391176217909,61.1359041859651
"AGCGGTCTCACGGTTA_EBUS_13","P1013","EBUS_13","mLN","4","Exploratory_High_EMT_4","Patient_Specific_Exploratory","G1",2.53680285966868,0.811398987448998,0.425104928824561,1.09752324190692,-0.136819291600324,-0.316975992756544,NA
"AGCGTATAGCGTTTAC_NS_13","P3013","NS_13","mBrain","0","Malignant_Hybrid_EMT_tS1","Core_Shared_State","S",0.135708227311281,-0.152351169776469,-0.105025255481538,-0.131590624544531,0.106084823037571,1.30488943294535,25.8763437088522
"AGCGTCGAGCCCAACC_BRONCHO_58","P1058","BRONCHO_58","tL/B","3","Exploratory_State_3","Patient_Specific_Exploratory","G1",0.0181950509461427,-0.0196219909878268,0.0659957439142192,0.0113631872510858,-0.0521659124537388,0.194543082468176,NA
"AGCGTCGAGCGGATCA_NS_12","P3012","NS_12","mBrain","1","Malignant_Differentiated_tS2","Core_Shared_State","G1",16.580310880829,-0.105840151255484,-0.0923931884604189,0.12589504241478,-0.0335327191200182,0.119416278015545,22.2421061413038
"AGCGTCGAGGGATCTG_BRONCHO_11","P1011","BRONCHO_11","mLN","0","Malignant_Hybrid_EMT_tS1","Core_Shared_State","G2M",3.97901376661036,0.103877630814867,0.0507828827611541,-0.0467752178703567,-0.0034869825053053,0.0655095016914732,40.4781876322829
"AGCTCCTTCTGTCTAT_NS_17","P3017","NS_17","mBrain","7","Exploratory_State_7","Patient_Specific_Exploratory","G1",12.7376266644335,-0.110034214165805,-0.0102514396694048,-0.00140625832874086,-0.135591285466882,-0.544265795887389,NA
"AGCTCTCAGTTCGATC_NS_13","P3013","NS_13","mBrain","1","Malignant_Differentiated_tS2","Core_Shared_State","G1",3.62903225806452,-0.0806235686746124,-0.0628177533274233,0.243088362513483,-0.12749405166935,2.32516770939587,19.869655090648
"AGGCCACAGCTAAACA_EBUS_06","P1006","EBUS_06","tL/B","1","Malignant_Differentiated_tS2","Core_Shared_State","S",0,-0.0983215827329781,-0.0731043263848638,0.0845196246696019,-0.0415602803094228,-0.34806789097989,18.1270976350627
"AGGCCACTCAGTTCGA_BRONCHO_11","P1011","BRONCHO_11","mLN","0","Malignant_Hybrid_EMT_tS1","Core_Shared_State","G1",5.73767015817819,0.00304523422117611,0.289948940259541,0.0541963654631695,0.0443942529506556,-0.340028917846363,35.0119875365604
"AGGCCGTTCTCAAGTG_EBUS_15","P1015","EBUS_15","mLN","6","Exploratory_Cycling_6","Patient_Specific_Exploratory","G2M",0.326530612244898,-0.111857962292451,-0.0769443500105309,0.0864881390415518,0.380006297896157,0.115800474282364,NA
"AGGGAGTAGTCGTTTG_NS_16","P3016","NS_16","mBrain","9","Exploratory_High_Stemness_9","Patient_Specific_Exploratory","G1",13.1482834185537,-0.0903313825857311,0.2211503627261,-0.319623797305123,-0.1652209966981,-0.261277883099276,NA
"AGGGATGAGAAGATTC_NS_03","P3003","NS_03","mBrain","0","Malignant_Hybrid_EMT_tS1","Core_Shared_State","G1",10.5720823798627,-0.194922912038093,0.0279610573729946,-0.132072253388038,0.000513576060469201,-0.4521685642418,34.482384190698
"AGGGTGAAGGGCTCTC_EBUS_51","P1051","EBUS_51","mLN","0","Malignant_Hybrid_EMT_tS1","Core_Shared_State","G1",3.15581854043393,0.10877145199756,-0.141705585423605,0.229935984789135,-0.137163108307375,-0.46918321663173,27.2644005325172
"AGGGTGAAGGGCTTGA_NS_06","P3006","NS_06","mBrain","0","Malignant_Hybrid_EMT_tS1","Core_Shared_State","G1",6.67417417417417,0.454736280142547,0.0994786904369583,0.135002982755181,-0.11998609748156,-0.0756086969065092,36.3051085974714
"AGGGTGAGTGCAGGTA_EBUS_51","P1051","EBUS_51","mLN","2","Malignant_Cycling_tS3","Core_Shared_State","G2M",16.3159652638611,0.191406601324255,-0.0600486107613218,0.443420157577417,0.461881177135304,0.482812831454269,57.0287504591732
"AGGTCATGTGCACCAC_EBUS_51","P1051","EBUS_51","mLN","3","Exploratory_State_3","Patient_Specific_Exploratory","G1",11.0693034651733,0.0356233713202872,0.0190005637083542,0.471080555637574,-0.164392375221454,0.407978175088139,NA
"AGGTCATTCCTAAGTG_EBUS_13","P1013","EBUS_13","mLN","1","Malignant_Differentiated_tS2","Core_Shared_State","G2M",0.422535211267606,0.316029218093721,-0.0534177239825812,0.240993890060138,0.372012982279584,-0.363345725447936,19.8078990520768
"AGGTCATTCGTCCAGG_NS_13","P3013","NS_13","mBrain","5","Exploratory_High_LungDiff_5","Patient_Specific_Exploratory","S",5.25548774933965,-0.0814310690411178,-0.0804497089999946,-0.133573454942529,0.0642106717542128,1.93967199414065,NA
"AGGTCCGCAGCTGCAC_EBUS_19","P1019","EBUS_19","mLN","1","Malignant_Differentiated_tS2","Core_Shared_State","S",12.6534970635344,-0.0177859075088042,-0.158461035875478,0.125688874041928,-0.115028324692319,0.475486170681644,NA
"AGGTCCGCATCCGTGG_NS_04","P3004","NS_04","mBrain","8","Exploratory_State_8","Patient_Specific_Exploratory","G2M",5.49448591637122,-0.0927521250639443,0.0661617820410698,-0.0975987277621644,0.0782387150378026,-0.33400828058973,NA
"AGGTCCGTCCATGAGT_EBUS_19","P1019","EBUS_19","mLN","5","Exploratory_High_LungDiff_5","Patient_Specific_Exploratory","G1",18.1876151339096,-0.0943110858659829,-0.170761841223315,0.0812100775872385,-0.00687034693477634,0.370872935676253,NA
"AGTAGTCCAGTAGAGC_NS_04","P3004","NS_04","mBrain","1","Malignant_Differentiated_tS2","Core_Shared_State","G2M",13.0138888888889,0.0743893882369159,0.0101446595720447,0.121551198880433,-0.110674145255505,0.166809200084289,23.0454244119224
"AGTCTTTCACAAGACG_NS_13","P3013","NS_13","mBrain","5","Exploratory_High_LungDiff_5","Patient_Specific_Exploratory","S",0.472407129053038,-0.190071947603721,-0.0491656650789412,-0.185881777941735,0.0626046187802377,2.26295447130046,NA
"AGTCTTTCATCAGTCA_NS_12","P3012","NS_12","mBrain","10","Exploratory_State_10","Patient_Specific_Exploratory","G1",7.33259341472438,0.0969139324658229,-0.11630667059742,0.112563715024794,-0.131849660921944,0.211682310390127,NA
"AGTCTTTTCGGCGGTT_EBUS_06","P1006","EBUS_06","tL/B","4","Exploratory_High_EMT_4","Patient_Specific_Exploratory","G1",0.663794619307192,-0.121584185743685,-0.19811537684494,-0.177742243830152,-0.203635493084709,-0.343873478193636,NA
"AGTGAGGGTCCAGTAT_NS_07","P3007","NS_07","mBrain","1","Malignant_Differentiated_tS2","Core_Shared_State","G1",12.043795620438,-0.00763645492861265,0.0658719847144725,-0.334409715615206,-0.111998236628157,-0.322358668411671,NA
"AGTGAGGGTTACAGAA_EBUS_15","P1015","EBUS_15","mLN","0","Malignant_Hybrid_EMT_tS1","Core_Shared_State","S",8.03815344723804,0.174035558377042,0.125442536312825,0.150717162673212,0.186408964536396,-0.604398339271127,38.4774755256533
"AGTGAGGTCACATACG_NS_13","P3013","NS_13","mBrain","5","Exploratory_High_LungDiff_5","Patient_Specific_Exploratory","G1",0.107633357730228,0.029647607751421,-0.101985759885197,0.0541035004712901,-0.0667604207706727,1.71204766480678,NA
"AGTGGGAAGACTGTAA_NS_16","P3016","NS_16","mBrain","9","Exploratory_High_Stemness_9","Patient_Specific_Exploratory","G1",7.29362208690078,-0.151356729336224,0.0932799493602391,-0.422996890045842,-0.149804781392872,-0.558791556294727,NA
"AGTGGGAAGTATGACA_NS_04","P3004","NS_04","mBrain","8","Exploratory_State_8","Patient_Specific_Exploratory","G1",4.54948529128272,-0.096884650237921,0.0720287869231685,0.107338885083588,-0.0246238396519127,-0.456396893892283,NA
"AGTTGGTAGGGAACGG_NS_03","P3003","NS_03","mBrain","0","Malignant_Hybrid_EMT_tS1","Core_Shared_State","G1",3.80655973186498,-0.0572692965572403,-0.187870626879543,0.173401474279006,0.165038889901651,-0.452598671115804,33.8921853167473
"ATAACGCCAAGGTTTC_NS_07","P3007","NS_07","mBrain","1","Malignant_Differentiated_tS2","Core_Shared_State","G1",1.2025012025012,0.0998298378789821,-0.0860157402204471,-0.11183088746785,-0.0895110348346536,-0.384296823490885,21.9053805837037
"ATAACGCGTGGCAAAC_NS_12","P3012","NS_12","mBrain","1","Malignant_Differentiated_tS2","Core_Shared_State","G2M",19.0579710144928,-0.115005224868211,0.242129458852322,-0.361985729891444,-0.0613159217282637,0.0458254924752715,22.3013858200443
"ATAAGAGGTGAAGGCT_NS_03","P3003","NS_03","mBrain","0","Malignant_Hybrid_EMT_tS1","Core_Shared_State","G1",13.0489274523982,-0.0712642122665895,0.157161881646746,0.0945767617570671,-0.0582479990579504,-0.213188092293909,38.2511186809097
"ATAAGAGTCGCGCCAA_BRONCHO_11","P1011","BRONCHO_11","mLN","2","Malignant_Cycling_tS3","Core_Shared_State","G2M",11.0246871829557,-0.00736430101900548,-0.147863806363069,-0.0182485768849318,0.0702250347979607,0.111229424857776,44.8617308485377
"ATAGACCCACATTTCT_EBUS_06","P1006","EBUS_06","tL/B","4","Exploratory_High_EMT_4","Patient_Specific_Exploratory","S",3.18131520708188,-0.183737883384771,0.162609279628299,0.352521076521668,-0.116893189322106,-0.452896849098816,NA
"ATAGACCTCATTTGGG_NS_12","P3012","NS_12","mBrain","10","Exploratory_State_10","Patient_Specific_Exploratory","G1",6.29473799245943,-0.081008269290262,-0.159524055084078,-0.0270410878633335,-0.0489162137832546,0.0856251584714127,NA
"ATAGACCTCCCTTGTG_EBUS_51","P1051","EBUS_51","mLN","3","Exploratory_State_3","Patient_Specific_Exploratory","G1",7.5160150209852,-0.00877141972352319,-0.0173211344943569,0.148525885377723,0.165551874945619,0.306132210814866,NA
"ATCACGAAGTCCAGGA_NS_07","P3007","NS_07","mBrain","3","Exploratory_State_3","Patient_Specific_Exploratory","G1",17.1443926907918,0.122478397553571,-0.164665961132011,0.236892273183394,-0.112384047849277,0.217174429999391,NA
"ATCACGACAGCTGTGC_EBUS_10","P1010","EBUS_10","mLN","2","Malignant_Cycling_tS3","Core_Shared_State","G2M",5.36668861092824,-0.103837646018346,0.0439228331232451,-0.188312045359946,0.395779184931462,-0.175021363261779,60.0820034922004
"ATCATCTAGCTAGTTC_EBUS_06","P1006","EBUS_06","tL/B","1","Malignant_Differentiated_tS2","Core_Shared_State","G2M",0.896649362907032,-0.0856772370302442,-0.112147184501297,0.0135966330272053,-0.115989935719822,0.0023071585269791,21.9053805837037
"ATCATCTAGGAGTACC_EBUS_12","P1012","EBUS_12","mLN","0","Malignant_Hybrid_EMT_tS1","Core_Shared_State","G1",8.1829292556064,0.182355674073759,0.0708803676601142,0.163337172634782,0.0357755148983622,-0.437162038823616,36.3051085974714
"ATCATCTCAAAGTCAA_EBUS_12","P1012","EBUS_12","mLN","0","Malignant_Hybrid_EMT_tS1","Core_Shared_State","S",3.83875897655005,0.0623008708271078,-0.151326537216861,0.176603426074859,0.25513422218847,-0.575670968661426,39.9108522829587
"ATCATCTCAGTCAGAG_NS_03","P3003","NS_03","mBrain","0","Malignant_Hybrid_EMT_tS1","Core_Shared_State","G1",5.04419845504499,-0.0649246121036414,0.00155637449377727,0.0549133016506854,-0.107851912874864,-0.56603166838428,37.634906184825
"ATCATCTCATCGGAAG_EBUS_12","P1012","EBUS_12","mLN","0","Malignant_Hybrid_EMT_tS1","Core_Shared_State","G1",3.58208955223881,0.132936697997377,-0.144818671048292,-0.0987325484477997,-0.160797465664482,-0.268531431424623,27.4105235207996
"ATCATCTTCTTTAGTC_EBUS_49","P1049","EBUS_49","tL/B","4","Exploratory_High_EMT_4","Patient_Specific_Exploratory","G1",3.47661000860253,0.229024513082944,-0.049837243761127,0.470692645302079,-0.118567353818597,-0.561229621818428,NA
"ATCATGGAGCGTTTAC_NS_17","P3017","NS_17","mBrain","1","Malignant_Differentiated_tS2","Core_Shared_State","G1",0.499583680266445,0.211420722494177,-0.0863612110930423,0.54843077441741,-0.0408447899438736,-0.348438952840671,18.099914608817
"ATCCACCAGACGCTTT_NS_13","P3013","NS_13","mBrain","1","Malignant_Differentiated_tS2","Core_Shared_State","G1",12.0643431635389,-0.0810758678561941,-0.0806461554295293,-0.175841991599567,-0.0534300455481733,1.12263988348302,19.9889660750492
"ATCCACCCACGAAGCA_NS_19","P3019","NS_19","mBrain","0","Malignant_Hybrid_EMT_tS1","Core_Shared_State","S",12.4782018988568,-0.0254005593805408,0.0839407123055547,-0.0785388949712617,0.0179102043736309,-0.30296982740112,26.596470324574
"ATCCACCCATACTACG_BRONCHO_11","P1011","BRONCHO_11","mLN","0","Malignant_Hybrid_EMT_tS1","Core_Shared_State","S",14.1277549495704,0.0227421646050289,-0.0199732835518577,0.143632430540387,0.318740160222322,-0.522450326579904,44.3970132194585
"ATCCACCTCTGCAGTA_EBUS_19","P1019","EBUS_19","mLN","5","Exploratory_High_LungDiff_5","Patient_Specific_Exploratory","G1",10.429403202329,-0.142963906179058,-0.178182513690251,-0.312551846755948,-0.192698087857001,0.951281501838341,NA
"ATCCGAACACGGATAG_NS_19","P3019","NS_19","mBrain","1","Malignant_Differentiated_tS2","Core_Shared_State","G2M",15.1128557409225,-0.123610553355631,-0.0620636376773254,-0.513262323446127,-0.0577593293764243,-0.446771562304848,16.3608782311217
"ATCGAGTCAATCACAC_EBUS_12","P1012","EBUS_12","mLN","0","Malignant_Hybrid_EMT_tS1","Core_Shared_State","G1",5.74309351455163,-0.0255886384238718,-0.159665947698853,0.25983665654702,-0.0957577039077461,-0.572269448140918,31.8234367278121
"ATCTACTCATGTTGAC_EBUS_49","P1049","EBUS_49","tL/B","4","Exploratory_High_EMT_4","Patient_Specific_Exploratory","G1",2.72585898301106,0.16142760323418,0.117913252553198,0.122330095676028,-0.0971529105765976,-0.46099062447168,NA
"ATCTACTGTGAGGGTT_EBUS_10","P1010","EBUS_10","mLN","2","Malignant_Cycling_tS3","Core_Shared_State","G2M",5.62441490357611,-0.0222223535726176,-0.0738116218479901,-0.222366529985372,0.256531130474574,-0.269761494385647,45.9037008443531
"ATCTGCCAGCTAAACA_NS_03","P3003","NS_03","mBrain","0","Malignant_Hybrid_EMT_tS1","Core_Shared_State","S",3.78469760593336,-0.0879203279151038,-0.161531037278811,0.108963717895636,0.0822599729297256,-0.352886611804321,35.1838517225282
"ATGAGGGTCACCACCT_EBUS_10","P1010","EBUS_10","mLN","0","Malignant_Hybrid_EMT_tS1","Core_Shared_State","S",1.12100515835279,-0.0460102711043925,-0.130904424746918,-0.248764305949607,-0.0333916866174125,0.280149364799467,35.4051500541815
"ATGCGATAGAATTCCC_BRONCHO_11","P1011","BRONCHO_11","mLN","0","Malignant_Hybrid_EMT_tS1","Core_Shared_State","G1",0.567000567000567,-0.0539943025564809,-0.00735995230783359,-0.0600178643722216,-0.126416983333591,-0.35015342045223,31.3326505929257
"ATGCGATAGCTGCCCA_NS_04","P3004","NS_04","mBrain","8","Exploratory_State_8","Patient_Specific_Exploratory","G1",6.39115173190277,0.122144836322774,0.194448796950784,0.414310824462824,-0.135100137572897,-0.196904180778464,NA
"ATGCGATGTGTCTGAT_NS_16","P3016","NS_16","mBrain","2","Malignant_Cycling_tS3","Core_Shared_State","G1",0.943488622637198,-0.17224591507199,0.15797594088024,-0.270731290338658,-0.0970158804241515,-0.559268398592378,44.9220763155361
"ATGCGATTCAATAAGG_NS_13","P3013","NS_13","mBrain","1","Malignant_Differentiated_tS2","Core_Shared_State","S",19.8347107438017,0.177359108893945,-0.0803488822637436,-0.315196219401786,0.220424690825469,1.68963494666046,24.3976295843087
"ATGGGAGAGCTATGCT_NS_07","P3007","NS_07","mBrain","3","Exploratory_State_3","Patient_Specific_Exploratory","G1",8.25202118762197,-0.0264318572043122,0.0282233890701716,-0.114353961825813,-0.0270709950214824,0.129391011405148,NA
"ATGGGAGCAATTCCTT_EBUS_51","P1051","EBUS_51","mLN","3","Exploratory_State_3","Patient_Specific_Exploratory","G1",19.8565279770445,-0.0614252443208418,-0.127828943587604,0.210711896521544,-0.105122805576192,0.462392756784616,NA
"ATGGGAGCACTGTCGG_EBUS_49","P1049","EBUS_49","tL/B","4","Exploratory_High_EMT_4","Patient_Specific_Exploratory","S",11.8465895454327,-0.0862454277868439,-0.108210192406304,-0.110773917026809,0.318005896747712,-0.437897714407136,NA
"ATGGGAGGTTTCCACC_EBUS_10","P1010","EBUS_10","mLN","0","Malignant_Hybrid_EMT_tS1","Core_Shared_State","S",0.0388161086851043,0.356118654930797,0.0818004151937055,-0.197059219781992,0.0857427580459295,-0.597283320678933,38.5143362026147
"ATGTGTGAGAGGTTAT_EBUS_12","P1012","EBUS_12","mLN","0","Malignant_Hybrid_EMT_tS1","Core_Shared_State","G1",12.4988294053379,0.109632269683404,-0.130680073059102,0.0528593479752578,-0.144165844719877,-0.0149781964560914,35.5301060267222
"ATGTGTGAGCGTGTCC_NS_03","P3003","NS_03","mBrain","0","Malignant_Hybrid_EMT_tS1","Core_Shared_State","G1",4.69725022286224,0.0420916000079532,-0.167377898648781,0.234958681894038,-0.147808169960813,-0.589959602869705,33.5065956128286
"ATGTGTGTCACAGGCC_NS_12","P3012","NS_12","mBrain","10","Exploratory_State_10","Patient_Specific_Exploratory","G1",3.22521643701988,-0.0136547209815465,0.0407267530496013,-0.205258208132768,-0.0415045810123507,-0.0492943249146002,NA
"ATTACTCCAGGTGGAT_NS_04","P3004","NS_04","mBrain","8","Exploratory_State_8","Patient_Specific_Exploratory","G1",10.8609802969189,-0.0342426330269071,-0.0519159085450229,-0.0124064356740579,-0.0377093251782255,-0.167434470957921,NA
"ATTACTCGTGGAAAGA_NS_17","P3017","NS_17","mBrain","7","Exploratory_State_7","Patient_Specific_Exploratory","S",0.255591054313099,0.0380842260852059,-0.169583057940356,0.350121577017203,0.542677127577082,-0.514643289424015,NA
"ATTATCCAGTCCATAC_EBUS_12","P1012","EBUS_12","mLN","0","Malignant_Hybrid_EMT_tS1","Core_Shared_State","G1",1.82405225362305,0.0674862035410652,0.0151559865045294,0.163116836706266,-0.0788499043549625,-0.255825381327532,33.1056461741356
"ATTATCCCACTGTGTA_NS_16","P3016","NS_16","mBrain","9","Exploratory_High_Stemness_9","Patient_Specific_Exploratory","G1",1.32191201353638,0.0179301281097658,0.116330345299954,-0.203264932673147,-0.135789776832463,-0.43439757437938,NA
"ATTATCCGTGTGGTTT_NS_16","P3016","NS_16","mBrain","9","Exploratory_High_Stemness_9","Patient_Specific_Exploratory","G1",3.34443318372665,-0.206336019046941,0.131178622982817,-0.182014459512899,-0.0647928539270433,-0.615141627023655,NA
"ATTGGACAGCAACGGT_NS_12","P3012","NS_12","mBrain","10","Exploratory_State_10","Patient_Specific_Exploratory","G1",0.0362713093942691,0.00340942286322418,-0.0912998921557662,0.115477396605911,-0.0634502699595748,0.258734620241839,NA
"ATTGGACAGCCCAACC_EBUS_19","P1019","EBUS_19","mLN","5","Exploratory_High_LungDiff_5","Patient_Specific_Exploratory","G1",11.3165144265623,0.0288474411377918,-0.0142948144581088,0.153600575255943,-0.15676292554494,0.189605384711565,NA
"ATTGGACAGTGAATTG_NS_04","P3004","NS_04","mBrain","8","Exploratory_State_8","Patient_Specific_Exploratory","G1",1.38685003476783,0.117081978810891,-0.00127321566849881,0.0147572887703197,-0.0900734688618773,-0.411902422694139,NA
"ATTGGTGCAAGCCCAC_NS_16","P3016","NS_16","mBrain","9","Exploratory_High_Stemness_9","Patient_Specific_Exploratory","G1",14.3992845076021,-0.085975583009607,-0.0613157205057104,0.200036608984796,-0.138527757046193,-0.462429439141275,NA
"ATTGGTGCATTAACCG_NS_04","P3004","NS_04","mBrain","8","Exploratory_State_8","Patient_Specific_Exploratory","G1",5.22567993313187,0.00722240343748207,-0.000612803525506495,0.247713655010047,-0.109986389591238,-0.538255371604826,NA
"ATTTCTGTCCGTACAA_EBUS_13","P1013","EBUS_13","mLN","1","Malignant_Differentiated_tS2","Core_Shared_State","S",7.84844384303112,0.13956724495424,0.31333180933619,0.672790428077067,0.310306465924038,-0.128829641981011,21.4887111317218
"CAACCAAAGAGGTAGA_EBUS_19","P1019","EBUS_19","mLN","5","Exploratory_High_LungDiff_5","Patient_Specific_Exploratory","S",13.5477641663146,-0.20784040416082,-0.172048297339169,-0.0333158680051155,-0.148022059927156,0.562442321068221,NA
"CAACCAAGTCATATCG_EBUS_28","P1028","EBUS_28","tL/B","0","Malignant_Hybrid_EMT_tS1","Core_Shared_State","G1",7.07357859531773,0.0157497379087508,0.207032189154438,-0.274602584822951,-0.0898565107637553,-0.204947570795823,26.3326017487749
"CAACTAGCACAGATTC_NS_17","P3017","NS_17","mBrain","7","Exploratory_State_7","Patient_Specific_Exploratory","G1",13.3452131035493,-0.19271915199548,0.0234769774940594,0.0613555453449334,-0.121069754286423,-0.433178415452994,NA
"CAACTAGGTCCCTACT_EBUS_19","P1019","EBUS_19","mLN","5","Exploratory_High_LungDiff_5","Patient_Specific_Exploratory","G1",14.1225132952531,-0.212699189070923,-0.0589571721843493,-0.143757922105863,-0.0882134539550652,0.667271744953012,NA
"CAAGAAAAGAGGTTGC_EBUS_49","P1049","EBUS_49","tL/B","4","Exploratory_High_EMT_4","Patient_Specific_Exploratory","G1",8.0555750473651,-0.0955339554061884,-0.00391259949242723,-0.199467413318745,-0.161943425388952,-0.569966707607065,NA
"CAAGATCGTGGTAACG_NS_03","P3003","NS_03","mBrain","6","Exploratory_Cycling_6","Patient_Specific_Exploratory","G2M",8.77831300604694,-0.190096074380178,-0.037545781508172,0.0704970584469227,0.528968878217442,-0.358790944790663,NA
"CAAGGCCCACATGACT_NS_06","P3006","NS_06","mBrain","0","Malignant_Hybrid_EMT_tS1","Core_Shared_State","G1",5.13172670646879,0.203137090669932,0.345835685976697,0.0943410922366564,-0.0555664763649861,-0.106058303427313,36.7503714197041
"CAAGTTGAGCGTAATA_EBUS_15","P1015","EBUS_15","mLN","0","Malignant_Hybrid_EMT_tS1","Core_Shared_State","G1",4.38100429243033,-0.0549960694685193,0.037016689597505,0.19472698365678,-0.131279874121974,-0.477892480178947,35.4051500541815
"CAAGTTGGTTCTCATT_NS_03","P3003","NS_03","mBrain","0","Malignant_Hybrid_EMT_tS1","Core_Shared_State","G2M",2.47167868177137,-0.00133514837182414,-0.109947149125366,0.23177714272201,-0.11839089104005,-0.520178965097164,35.6267789160207
"CAAGTTGTCATCGCTC_NS_12","P3012","NS_12","mBrain","10","Exploratory_State_10","Patient_Specific_Exploratory","G1",7.62166918616457,-0.0203872226168439,-0.0763829915862428,-0.172015258469387,-0.143130242707366,-0.24759100511226,NA
"CACAAACGTTACGCGC_EBUS_19","P1019","EBUS_19","mLN","5","Exploratory_High_LungDiff_5","Patient_Specific_Exploratory","S",12.2985132079103,-0.239036738326618,-0.0681511815887453,-0.170444655962661,0.0564329131424119,0.47361808190673,NA
"CACACAAGTCATTAGC_NS_02","P3002","NS_02","mBrain","0","Malignant_Hybrid_EMT_tS1","Core_Shared_State","G1",1.41783638168155,0.058079996787269,0.045122925935514,0.207521895401889,-0.105125086291107,-0.0455868370966372,26.5757580956756
"CACACAATCCCTAATT_NS_12","P3012","NS_12","mBrain","10","Exploratory_State_10","Patient_Specific_Exploratory","G1",8.5859851332164,0.00519348587192209,-0.0630753779647848,-0.100217268310414,-0.14373027691948,-0.0440175651144498,NA
"CACACCTGTGTAAGTA_NS_06","P3006","NS_06","mBrain","0","Malignant_Hybrid_EMT_tS1","Core_Shared_State","G1",16.3597801985925,0.106556653613585,0.188021101665614,-0.113694347246713,-0.125033790576009,0.303012698328181,26.3340288523895
"CACACTCGTCTCATCC_NS_16","P3016","NS_16","mBrain","0","Malignant_Hybrid_EMT_tS1","Core_Shared_State","G1",9.59900070463135,0.567560040109096,-0.209860064698841,-0.336931315243471,-0.0277347691849624,-0.560378895835974,38.5143362026147
"CACACTCGTGCAACGA_NS_12","P3012","NS_12","mBrain","1","Malignant_Differentiated_tS2","Core_Shared_State","S",15.774378585086,-0.128735897835833,-0.0626962914874707,-0.459881185877194,-0.033535904554581,-0.354606960884483,19.0427350756835
"CACACTCTCAAGATCC_BRONCHO_11","P1011","BRONCHO_11","mLN","1","Malignant_Differentiated_tS2","Core_Shared_State","G1",0.228702115494568,-0.150148458871124,-0.0700954237370583,-0.150271964279899,-0.0425852912195908,0.294653095582712,17.255806877707
"CACAGGCAGAGCCCAA_NS_03","P3003","NS_03","mBrain","0","Malignant_Hybrid_EMT_tS1","Core_Shared_State","G1",7.65645805592543,-0.112192686465735,0.136629402547855,-0.0916406243274717,0.0819174377530626,-0.476637716243512,33.1356675397395
"CACAGGCAGCTAACTC_EBUS_06","P1006","EBUS_06","tL/B","4","Exploratory_High_EMT_4","Patient_Specific_Exploratory","G1",0.957521174385902,-0.075937867357607,-0.15833799913481,-0.0603036395614156,-0.18565693227175,-0.407966666977734,NA
"CACAGGCCAGTATAAG_EBUS_10","P1010","EBUS_10","mLN","0","Malignant_Hybrid_EMT_tS1","Core_Shared_State","G1",4.01466544454629,0.0601061943047137,-0.153912485091708,0.160356388810363,-0.0524425114347581,-0.375517230650149,34.7430886114991
"CACAGGCCATGGATGG_EBUS_51","P1051","EBUS_51","mLN","1","Malignant_Differentiated_tS2","Core_Shared_State","G1",18.8167259786477,0.133877592024154,-0.126767439539805,0.224659170980631,0.118037890179666,0.0624053213620291,25.8937002908915
"CACATAGCATGCAATC_NS_13","P3013","NS_13","mBrain","5","Exploratory_High_LungDiff_5","Patient_Specific_Exploratory","G1",3.73933960201181,-0.0483100130400441,-0.143393190286352,-0.250714410418127,-0.123689015566604,1.6850059046702,NA
"CACATAGTCAAGGCTT_EBUS_10","P1010","EBUS_10","mLN","0","Malignant_Hybrid_EMT_tS1","Core_Shared_State","G2M",1.46012383328713,-0.127241131674713,-0.158863307629595,-0.286048395120173,-0.0188991558278868,-0.405793971889447,32.2006912476743
"CACATTTAGAAGGTTT_NS_19","P3019","NS_19","mBrain","1","Malignant_Differentiated_tS2","Core_Shared_State","G1",19.2726142368666,0.169410799935475,-0.0930001861847943,-0.316288599521084,-0.136132009289763,0.116955655633781,22.1972659514846
"CACATTTAGGATGGAA_NS_16","P3016","NS_16","mBrain","9","Exploratory_High_Stemness_9","Patient_Specific_Exploratory","G1",10.9089176829268,-0.173325551294585,0.0476707771844351,-0.218957032227109,-0.0316826896841275,-0.515654377141585,NA
"CACATTTTCGGCTTGG_NS_16","P3016","NS_16","mBrain","9","Exploratory_High_Stemness_9","Patient_Specific_Exploratory","G1",4.57425240750127,-0.190627248013802,0.0105747201686457,-0.407677925708295,-0.0820430968327493,-0.58167952096827,NA
"CACCACTCAATGTTGC_NS_13","P3013","NS_13","mBrain","5","Exploratory_High_LungDiff_5","Patient_Specific_Exploratory","G1",4.28229913730381,-0.0396798361564834,0.0131474226276012,-0.0189957292932341,-0.120964841806591,2.11503015876419,NA
"CACCAGGCACAGCCCA_EBUS_10","P1010","EBUS_10","mLN","2","Malignant_Cycling_tS3","Core_Shared_State","G2M",2.40754156043315,-0.0969349523438326,-0.0671508626393431,-0.262204214743256,0.226919355598735,0.0583818678504142,50.3571793903894
"CACCAGGTCAAAGACA_NS_19","P3019","NS_19","mBrain","1","Malignant_Differentiated_tS2","Core_Shared_State","G2M",3.33988212180747,0.102025087234601,-0.0479866218132627,0.120437481073551,0.492223994006461,-0.471745770647614,16.8431764268508
"CACCTTGAGCACCGCT_EBUS_06","P1006","EBUS_06","tL/B","4","Exploratory_High_EMT_4","Patient_Specific_Exploratory","S",0.821412090447623,-0.127819228639917,-0.204710336391904,0.165370385273455,-0.0505655748878094,-0.420046877293679,NA
"CACTCCACACATTAGC_EBUS_28","P1028","EBUS_28","tL/B","1","Malignant_Differentiated_tS2","Core_Shared_State","G1",7.0829450139795,-0.0996298890573119,0.370066091019578,0.0923642700763975,-0.0677239845009001,-0.308372018769396,18.7567722635151
"CAGAGAGGTACCGCTG_EBUS_15","P1015","EBUS_15","mLN","0","Malignant_Hybrid_EMT_tS1","Core_Shared_State","G1",17.4965508591496,0.0525160829708013,0.18386462234263,-0.0300424008993017,-0.152022055595967,-0.542566908538371,33.2927054099364
"CAGAGAGTCTCCCTGA_NS_17","P3017","NS_17","mBrain","7","Exploratory_State_7","Patient_Specific_Exploratory","G1",17.4789195369444,-0.091908249589355,-0.0455704524560775,0.17244516117644,-0.161554684335473,-0.339361732262945,NA
"CAGATCAAGGGAGTAA_EBUS_13","P1013","EBUS_13","mLN","1","Malignant_Differentiated_tS2","Core_Shared_State","G1",0.448430493273543,0.397318062821957,-0.0468590625837804,0.291223453748032,-0.0327156260112369,-0.358333421719989,17.846015277581
"CAGCAGCAGTTCGCAT_EBUS_28","P1028","EBUS_28","tL/B","0","Malignant_Hybrid_EMT_tS1","Core_Shared_State","G1",6.15973165525462,-0.16250873161472,0.269920457467582,-0.132863503258547,-0.0465224638989922,-0.0763451118200426,36.611046471248
"CAGCAGCCAGGAATGC_NS_19","P3019","NS_19","mBrain","1","Malignant_Differentiated_tS2","Core_Shared_State","G1",7.18730553827007,0.195918408447351,-0.0990877470554213,-0.0575937048376479,-0.076418556590781,-0.285163288858348,15.5662656303809
"CAGCAGCCATGCATGT_EBUS_06","P1006","EBUS_06","tL/B","4","Exploratory_High_EMT_4","Patient_Specific_Exploratory","G1",0.262180467555167,-0.211310032860152,-0.0759565925741903,-0.126909417185922,-0.168836501122992,-0.150377038975008,NA
"CAGCAGCGTTACGCGC_EBUS_10","P1010","EBUS_10","mLN","1","Malignant_Differentiated_tS2","Core_Shared_State","G2M",0,-0.115483086039999,-0.0628508907385818,-0.134972668911826,-0.0372812601604769,-0.394565683841609,16.9487319414871
"CAGCAGCTCAGGATCT_BRONCHO_11","P1011","BRONCHO_11","mLN","0","Malignant_Hybrid_EMT_tS1","Core_Shared_State","G1",0.362705355237892,-0.149573410587932,-0.087813577414074,0.0627405376222029,-0.0707000303566151,-0.499345647135665,30.8284153416236
"CAGCAGCTCGGTTAAC_NS_16","P3016","NS_16","mBrain","9","Exploratory_High_Stemness_9","Patient_Specific_Exploratory","G1",6.22562330288818,-0.193146071522269,0.126064407160901,-0.516083154324342,-0.0786141863098058,-0.55625787435716,NA
"CAGCATACATAAAGGT_EBUS_13","P1013","EBUS_13","mLN","4","Exploratory_High_EMT_4","Patient_Specific_Exploratory","S",13.2863150516909,0.471890902837047,-0.0122259933061909,0.495830578747347,-0.0258882939798068,-0.476164437675445,NA
"CAGCATATCACATAGC_NS_19","P3019","NS_19","mBrain","2","Malignant_Cycling_tS3","Core_Shared_State","G2M",9.54125950054289,0.0111422129549095,0.172756903424754,-0.207847453670875,0.486414588538711,-0.193068013250361,54.8429857186399
"CAGCGACTCACTTACT_NS_04","P3004","NS_04","mBrain","8","Exploratory_State_8","Patient_Specific_Exploratory","G2M",7.82041998551774,-0.0406320367432209,0.0637909225555182,0.37912174668823,0.109795757988836,0.238578424771706,NA
"CAGCTAAAGTACACCT_NS_03","P3003","NS_03","mBrain","1","Malignant_Differentiated_tS2","Core_Shared_State","G1",3.51382488479263,-0.121572302902709,-0.0972715559393535,-0.171121039691874,-0.124297718673335,-0.412562451831983,21.4223844540227
"CAGCTAAAGTATGACA_NS_12","P3012","NS_12","mBrain","10","Exploratory_State_10","Patient_Specific_Exploratory","G1",5.41871921182266,-0.0879983620674474,-0.123052532925953,-0.154438132947353,-0.132722424670714,0.119622409519038,NA
"CAGCTAAGTAAGGGCT_BRONCHO_11","P1011","BRONCHO_11","mLN","0","Malignant_Hybrid_EMT_tS1","Core_Shared_State","G2M",4.29695354916549,0.0518386681853615,-0.106062819031851,0.219364092086901,0.0134094085665984,-0.380193722337578,35.9660823087856
"CAGGTGCCATATGCTG_EBUS_49","P1049","EBUS_49","tL/B","6","Exploratory_Cycling_6","Patient_Specific_Exploratory","G2M",0.07097232079489,-0.105896265249268,-0.0677973228126225,-0.47350638679711,-0.0310367172147036,-0.397716253854941,NA
"CAGGTGCGTTGAACTC_EBUS_06","P1006","EBUS_06","tL/B","1","Malignant_Differentiated_tS2","Core_Shared_State","G1",2.38950772547611,-0.165055521272575,0.0274769869121581,-0.053971439857504,-0.12067821027736,-0.376214395478936,18.6960853117711
"CAGGTGCTCCACGCAG_NS_13","P3013","NS_13","mBrain","5","Exploratory_High_LungDiff_5","Patient_Specific_Exploratory","S",1.09999502264696,-0.168937385203593,-0.164784886856352,-0.166662221716862,0.158188618378963,2.18659847574152,NA
"CAGTAACAGACGACGT_NS_17","P3017","NS_17","mBrain","7","Exploratory_State_7","Patient_Specific_Exploratory","S",13.529974151057,-0.0581711935127931,-0.120502655519025,-0.126360415145609,0.0790119741076128,-0.45543775343921,NA
"CAGTAACAGCTTTGGT_EBUS_10","P1010","EBUS_10","mLN","6","Exploratory_Cycling_6","Patient_Specific_Exploratory","G2M",0.329712955779674,-0.150360993957672,0.050182015065342,-0.234592184441013,0.441960039837053,-0.332536291700128,NA
"CAGTAACGTTGACGTT_EBUS_28","P1028","EBUS_28","tL/B","0","Malignant_Hybrid_EMT_tS1","Core_Shared_State","G1",6.20549338758901,-0.142205253881509,-0.0579415749201095,-0.508545679771682,-0.0709811457317332,0.149235635668505,30.9169309720465
"CAGTAACTCGATCCCT_EBUS_28","P1028","EBUS_28","tL/B","0","Malignant_Hybrid_EMT_tS1","Core_Shared_State","G1",13.7268418785006,-0.179559766382999,0.0813134448837861,-0.0671994962031756,-0.135260532952435,0.114530568330546,29.6833491061294
"CAGTCCTGTCATTAGC_NS_17","P3017","NS_17","mBrain","7","Exploratory_State_7","Patient_Specific_Exploratory","S",9.64818243835884,0.115215104676887,0.0750861401982223,0.600079041370202,0.238908391719622,-0.361658629594122,NA
"CAGTCCTTCGTGACAT_NS_12","P3012","NS_12","mBrain","1","Malignant_Differentiated_tS2","Core_Shared_State","S",0.169779286926995,-0.1105151657308,-0.0458541668976034,0.0391885698742221,0.418011857868893,0.378135273073978,16.6287637368945
"CATATGGAGATGCGAC_EBUS_49","P1049","EBUS_49","tL/B","4","Exploratory_High_EMT_4","Patient_Specific_Exploratory","G1",7.2211998527788,-0.00527476249344935,-0.0526340603871645,0.26744583884282,-0.176773890969995,-0.444156503272473,NA
"CATATGGGTATGAATG_NS_13","P3013","NS_13","mBrain","0","Malignant_Hybrid_EMT_tS1","Core_Shared_State","G1",1.00891205649908,0.108557343551801,-0.115796130499882,-0.208858590216864,0.0824682266166585,1.18476887507902,28.7856474812267
"CATATTCAGAGAGCTC_EBUS_49","P1049","EBUS_49","tL/B","4","Exploratory_High_EMT_4","Patient_Specific_Exploratory","G1",3.8759448782157,0.178854148629649,0.0999339048878632,-0.183362737212863,-0.0731971314836506,-0.548716281368639,NA
"CATATTCAGCGTGAGT_EBUS_13","P1013","EBUS_13","mLN","1","Malignant_Differentiated_tS2","Core_Shared_State","S",0.678294573643411,0.156130526495328,0.291193061345221,0.375440529094901,-0.065226441155456,0.0241842868784875,20.4645726961451
"CATATTCAGTGGTAAT_NS_12","P3012","NS_12","mBrain","1","Malignant_Differentiated_tS2","Core_Shared_State","S",13.7130801687764,0.0885925984607663,0.23698521790545,0.399593595687607,-0.0486386460198386,0.00987787362381676,22.5175709191502
"CATATTCCAGCGATCC_EBUS_28","P1028","EBUS_28","tL/B","1","Malignant_Differentiated_tS2","Core_Shared_State","G1",6.47090810222947,-0.106922899994776,0.19554990569925,-0.107391848723724,-0.084512595637427,-0.0582067857913391,19.0742918262758
"CATATTCCAGGACGTA_EBUS_12","P1012","EBUS_12","mLN","0","Malignant_Hybrid_EMT_tS1","Core_Shared_State","S",7.73311121827189,0.117236890286805,-0.0904710501092427,-0.00124719173176424,0.067457834021731,-0.525382655013668,38.6661584007914
"CATATTCTCCCATTAT_NS_19","P3019","NS_19","mBrain","1","Malignant_Differentiated_tS2","Core_Shared_State","G2M",4.13306451612903,0.18441047761121,-0.0906738457339781,0.0101427499214376,-0.107075092896469,-0.522073176297536,22.0444427166894
"CATCAAGGTAGAGGAA_NS_16","P3016","NS_16","mBrain","9","Exploratory_High_Stemness_9","Patient_Specific_Exploratory","G1",4.94928101660907,-0.10270044836082,-0.0149062011097877,-0.0300196978186044,-0.143346204846032,-0.574398717415909,NA
"CATCAGAAGCACACAG_EBUS_10","P1010","EBUS_10","mLN","0","Malignant_Hybrid_EMT_tS1","Core_Shared_State","S",1.28883578012974,-0.200978959840099,0.0250772666341816,-0.218198269734809,-0.153235060318569,-0.488208919182859,31.9622004128951
"CATCAGATCGCTAGCG_NS_12","P3012","NS_12","mBrain","6","Exploratory_Cycling_6","Patient_Specific_Exploratory","G2M",4.81276931480245,-0.0892103824490523,0.0216227399023136,-0.202179191120476,-0.0191663474787707,-0.129297423136858,NA
"CATCCACCACATAACC_NS_03","P3003","NS_03","mBrain","2","Malignant_Cycling_tS3","Core_Shared_State","S",12.7599486521181,-0.20704563308563,-0.0794112456572207,-0.151335149429009,0.291446080137379,-0.46477128317621,47.1395976375343
"CATCCACGTGACGCCT_NS_03","P3003","NS_03","mBrain","1","Malignant_Differentiated_tS2","Core_Shared_State","G1",0.434027777777778,-0.0869666006817086,-0.0378436270797683,-0.0185883738575927,-0.0461406360110664,0.0118857629665315,18.3805924914747
"CATCGGGAGTCAATAG_NS_06","P3006","NS_06","mBrain","1","Malignant_Differentiated_tS2","Core_Shared_State","G2M",0.0819000819000819,-0.130498403103035,-0.0321085146419744,-0.0921256219155625,-0.0644122760579359,0.00539704516208556,17.6286941510161
"CATGACATCGAATGCT_NS_13","P3013","NS_13","mBrain","1","Malignant_Differentiated_tS2","Core_Shared_State","G1",7.96829370045891,-0.128429668194428,-0.125165427634201,-0.0310662028962446,0.173058910625802,1.97224977470746,22.9050592240105
"CATGCCTTCATAAAGG_NS_07","P3007","NS_07","mBrain","3","Exploratory_State_3","Patient_Specific_Exploratory","G1",8.96717373899119,-0.176273615218549,0.198486984607867,-0.263722488877757,-0.106564371529022,0.13476771212274,NA
"CATGCCTTCCAAACTG_NS_13","P3013","NS_13","mBrain","5","Exploratory_High_LungDiff_5","Patient_Specific_Exploratory","G1",6.06365580576173,0.0345374202735332,-0.133088127295251,-0.0819419441256982,-0.115479835500157,2.0381646429336,NA
"CATTATCAGTGTTAGA_EBUS_06","P1006","EBUS_06","tL/B","6","Exploratory_Cycling_6","Patient_Specific_Exploratory","G2M",0.045004500450045,-0.106610186167564,-0.100802495030014,-0.449729490008545,-0.0566567557454749,-0.394473635929469,NA
"CATTATCGTAAACACA_NS_19","P3019","NS_19","mBrain","1","Malignant_Differentiated_tS2","Core_Shared_State","G1",2.12345679012346,-0.161915925091096,0.198849814273513,-0.0646317229933444,-0.168215887329207,-0.111096897048882,22.6687691286849
"CCAATCCAGGCCCTCA_EBUS_51","P1051","EBUS_51","mLN","3","Exploratory_State_3","Patient_Specific_Exploratory","G1",4.37201907790143,-0.0774453257970075,-0.127999888942531,-0.0922550297440141,-0.11420440925025,0.420691511669226,NA
"CCAATCCCACCTTGTC_NS_03","P3003","NS_03","mBrain","0","Malignant_Hybrid_EMT_tS1","Core_Shared_State","G1",12.7122755943717,-0.060286414603081,-0.145786329312152,0.198825694822097,-0.0229799875234342,-0.0442012208238639,33.5632815459513
"CCAATCCGTTCTCATT_NS_04","P3004","NS_04","mBrain","2","Malignant_Cycling_tS3","Core_Shared_State","G2M",4.73050931267513,-0.0445039570730766,0.0592299102207977,0.275262554920939,0.343985235363351,0.421848200281216,59.9316961992999
"CCACCTAAGATACACA_EBUS_15","P1015","EBUS_15","mLN","0","Malignant_Hybrid_EMT_tS1","Core_Shared_State","G1",11.9966316802502,-0.0988625375184313,0.0485560325673203,-0.0135858971963684,-0.0898680471754804,-0.553868567415968,35.1475199437059
"CCACCTACAATCGAAA_NS_03","P3003","NS_03","mBrain","2","Malignant_Cycling_tS3","Core_Shared_State","G2M",7.04973590205477,-0.165093077908345,0.14907791780124,-0.0483480408385213,0.0755781120731125,-0.370012001048738,53.483157045949
"CCACTACAGTCATCCA_EBUS_10","P1010","EBUS_10","mLN","0","Malignant_Hybrid_EMT_tS1","Core_Shared_State","S",11.8439342376456,-0.0593112262994841,-0.11686604643791,0.0731463730194031,-0.053922640617295,-0.272018312765313,38.7414076143086
"CCAGCGAGTCTAAAGA_NS_03","P3003","NS_03","mBrain","0","Malignant_Hybrid_EMT_tS1","Core_Shared_State","G1",12.3943295617115,-0.187966488143901,0.0650790454578071,-0.0412426594009315,0.12615520440523,-0.517529532867075,36.0701651590105
"CCAGCGATCGGAAATA_NS_17","P3017","NS_17","mBrain","7","Exploratory_State_7","Patient_Specific_Exploratory","G1",13.1810035842294,0.0980365160165873,-0.142464206532603,0.255649075738754,-0.149404416210827,-0.445937703676245,NA
"CCATGTCAGACGCAAC_EBUS_12","P1012","EBUS_12","mLN","1","Malignant_Differentiated_tS2","Core_Shared_State","G1",0.0793335977786593,0.213247536096533,-0.092516637830774,-0.0308631175494585,-0.0390915021092934,-0.194866307220102,17.5694191389245
"CCATGTCTCCTTGGTC_NS_16","P3016","NS_16","mBrain","9","Exploratory_High_Stemness_9","Patient_Specific_Exploratory","G1",6.21484555094514,-0.131927585219162,0.218222542578756,0.0105546216578624,-0.0263376572707218,-0.566133061831377,NA
"CCCAGTTAGATGTGGC_EBUS_06","P1006","EBUS_06","tL/B","1","Malignant_Differentiated_tS2","Core_Shared_State","G1",1.93939393939394,-0.11021355405832,0.18637388504883,-0.000835622693535765,-0.0834250990530155,0.0172484631273362,22.0276194880658
"CCCATACAGACTAAGT_NS_03","P3003","NS_03","mBrain","0","Malignant_Hybrid_EMT_tS1","Core_Shared_State","G1",12.7606684159646,-0.154609225248679,0.145996058893941,-0.181015866720103,-0.0903589705680761,-0.336527018330492,27.8423388133223
"CCCTCCTAGTCCGTAT_NS_03","P3003","NS_03","mBrain","1","Malignant_Differentiated_tS2","Core_Shared_State","G1",19.8946515397083,-0.117961874046695,-0.112420238042123,0.202645466824164,-0.114178575627507,-0.348274141638286,23.3695705592266
"CCCTCCTGTCAACATC_NS_02","P3002","NS_02","mBrain","1","Malignant_Differentiated_tS2","Core_Shared_State","G1",0.260756192959583,0.123981412582597,-0.0963646549927661,-0.218797419691077,-0.0956597789300695,-0.55530610186378,14.5912146490666
"CCGGGATAGCTGTTCA_EBUS_12","P1012","EBUS_12","mLN","2","Malignant_Cycling_tS3","Core_Shared_State","G2M",10.3895343161183,0.13134757256452,-0.0322878969255295,0.253162158882229,0.425284329226043,-0.130344876367947,64.2769213936845
"CCGGTAGAGGGCTTCC_NS_04","P3004","NS_04","mBrain","8","Exploratory_State_8","Patient_Specific_Exploratory","G1",7.92721630580436,0.0274196130624783,0.0660479233181814,0.273742383142681,-0.0200872815031903,-0.161210095270838,NA
"CCGGTAGCAAGGTTTC_NS_03","P3003","NS_03","mBrain","2","Malignant_Cycling_tS3","Core_Shared_State","G2M",15.2979503189901,-0.197745287208309,-0.108241887056868,0.0556369757028733,0.509604968094298,-0.48566680917642,66.2063476909847
"CCGGTAGGTATATGAG_NS_19","P3019","NS_19","mBrain","1","Malignant_Differentiated_tS2","Core_Shared_State","G2M",9.71978984238179,0.406386003166321,-0.11225977415892,0.637035294596725,-0.0819689814534571,-0.250581502925874,17.3912536421355
"CCGTACTAGCTGTCTA_NS_02","P3002","NS_02","mBrain","3","Exploratory_State_3","Patient_Specific_Exploratory","G1",12.7583479486915,0.0291094893803575,-0.0756490874691908,-0.123710739689659,-0.0571204913944778,-0.498327629476985,NA
"CCGTACTAGGCTAGAC_EBUS_13","P1013","EBUS_13","mLN","4","Exploratory_High_EMT_4","Patient_Specific_Exploratory","S",9.99911606116857,0.506286814865335,0.0957993047959964,0.533024392885449,-0.00104045142391285,-0.515102515152235,NA
"CCGTACTTCATACGGT_NS_19","P3019","NS_19","mBrain","1","Malignant_Differentiated_tS2","Core_Shared_State","G1",4.54935622317597,0.138664096748049,-0.0709841677717931,-0.0698926179791554,-0.0597171064584714,-0.404954279355956,21.5843717234182
"CCGTTCAAGTGCCAGA_EBUS_13","P1013","EBUS_13","mLN","4","Exploratory_High_EMT_4","Patient_Specific_Exploratory","G1",1.93160465990229,0.798859548660547,0.401699569001984,0.849337969587123,-0.120002269789992,-0.509059442634702,NA
"CCGTTCAGTGCAACGA_EBUS_49","P1049","EBUS_49","tL/B","4","Exploratory_High_EMT_4","Patient_Specific_Exploratory","G1",6.21047083626142,-0.0268955317449374,0.127781561560217,0.0287832706084903,-0.170374888235601,-0.507089071739966,NA
"CCTAAAGAGAGTTGGC_NS_19","P3019","NS_19","mBrain","0","Malignant_Hybrid_EMT_tS1","Core_Shared_State","G1",13.8739150296939,0.0783620939099533,-0.0780672268399429,-0.00037409939709887,0.00368333026953072,-0.305299263210639,30.7715452133525
"CCTAAAGAGTGGGATC_NS_02","P3002","NS_02","mBrain","1","Malignant_Differentiated_tS2","Core_Shared_State","G2M",0.226757369614512,0.156522762810672,0.0210230543998655,0.0928964213187153,-0.120362669083953,-0.512008111448996,NA
"CCTAAAGCACCACCAG_NS_07","P3007","NS_07","mBrain","3","Exploratory_State_3","Patient_Specific_Exploratory","G2M",3.44588022787272,0.0328482517522269,-0.111583619899979,-0.283160050882187,-0.0860998166248195,-0.205945128096861,NA
"CCTACACCATATGGTC_EBUS_28","P1028","EBUS_28","tL/B","0","Malignant_Hybrid_EMT_tS1","Core_Shared_State","S",5.88721908175927,-0.178403837567377,0.0161573084008627,-0.42934730465012,0.0452883045249999,-0.246176861166224,28.9950963289384
"CCTACACTCTGGAGCC_EBUS_12","P1012","EBUS_12","mLN","0","Malignant_Hybrid_EMT_tS1","Core_Shared_State","G1",3.39151423598568,0.197619813357693,-0.10005276750852,0.368094721999513,-0.0504153992967512,-0.425179246453519,38.2624786100243
"CCTACACTCTTGGGTA_EBUS_51","P1051","EBUS_51","mLN","3","Exploratory_State_3","Patient_Specific_Exploratory","G1",3.28861719590196,0.172034682088757,0.0111210896359177,0.378050930940013,-0.0376271185490821,-0.0267566860734791,NA
"CCTACCATCTGTTGAG_BRONCHO_58","P1058","BRONCHO_58","tL/B","0","Malignant_Hybrid_EMT_tS1","Core_Shared_State","S",0.0783699059561128,-0.0755444591656999,0.35866025869689,-0.159486944800875,0.28475055669173,0.317365353503962,39.4792981984653
"CCTAGCTAGTTTGCGT_NS_17","P3017","NS_17","mBrain","1","Malignant_Differentiated_tS2","Core_Shared_State","G1",3.23450134770889,0.176447534209643,-0.0619492733305362,-0.071640790743522,-0.0511807258535527,-0.446527168500314,18.2019930415135
"CCTATTAAGTGTCTCA_BRONCHO_58","P1058","BRONCHO_58","tL/B","0","Malignant_Hybrid_EMT_tS1","Core_Shared_State","G1",5.17127071823204,0.0621655807783685,0.0593509357579821,0.173234026455094,-0.102863882909184,0.375344332938519,34.2268925820334
"CCTATTACAGTATAAG_NS_03","P3003","NS_03","mBrain","0","Malignant_Hybrid_EMT_tS1","Core_Shared_State","S",17.0834749672219,-0.139167887966362,0.0435578315708949,-0.0826615599719099,-0.0463046841679478,-0.327947924781268,30.0744245633723
"CCTATTAGTAAATGTG_EBUS_12","P1012","EBUS_12","mLN","0","Malignant_Hybrid_EMT_tS1","Core_Shared_State","G1",9.97531581240017,0.0565574537100214,-0.0930078168618117,0.562344863645273,-0.0415282581178009,-0.46241541950046,28.5297942317488
"CCTATTAGTCGTGGCT_NS_02","P3002","NS_02","mBrain","3","Exploratory_State_3","Patient_Specific_Exploratory","G1",11.8360037097445,0.0460693434508608,0.0917967549563724,-0.000233245197698628,-0.101114883536017,-0.494613486710273,NA
"CCTATTATCCATGAAC_EBUS_06","P1006","EBUS_06","tL/B","4","Exploratory_High_EMT_4","Patient_Specific_Exploratory","G1",1.68,-0.0075363574025489,-0.0573861499986945,-0.166994935569203,-0.013849111666629,-0.208273054353221,NA
"CCTCAGTGTTGAGTTC_EBUS_15","P1015","EBUS_15","mLN","6","Exploratory_Cycling_6","Patient_Specific_Exploratory","S",0.360598065083553,-0.1016646677064,0.0144105692586724,-0.429250276737928,0.335203893284593,-0.579976660006326,NA
"CCTCTGAAGAGGTACC_NS_03","P3003","NS_03","mBrain","0","Malignant_Hybrid_EMT_tS1","Core_Shared_State","G1",11.6104261302185,-0.153366745036134,-0.0484832253652742,0.101487276350519,-0.0199676069983459,-0.439930689140032,35.2305040906699
"CCTCTGATCTATCCTA_EBUS_28","P1028","EBUS_28","tL/B","0","Malignant_Hybrid_EMT_tS1","Core_Shared_State","G1",6.27058177826564,-0.147463538059145,0.391049241276295,-0.279286060219769,0.24041302763316,-0.226377098315051,34.0305503533107
"CCTTCGAAGCAATATG_NS_19","P3019","NS_19","mBrain","6","Exploratory_Cycling_6","Patient_Specific_Exploratory","G2M",7.19707618779871,-0.0339525349525786,0.0520457374891762,-0.15877106362257,0.276830700315389,-0.49043391559203,NA
"CCTTCGATCGAGCCCA_EBUS_13","P1013","EBUS_13","mLN","1","Malignant_Differentiated_tS2","Core_Shared_State","S",9.2,0.224852817048918,0.228873862233763,0.167458076333167,0.184658355074175,-0.113177839606057,22.390935143941
"CCTTCGATCTTAACCT_EBUS_06","P1006","EBUS_06","tL/B","4","Exploratory_High_EMT_4","Patient_Specific_Exploratory","S",0.402670340150472,-0.0660482035813347,0.111553662986263,-0.277992603237276,-0.157427524109919,-0.537003729726125,NA
"CCTTTCTAGACGCTTT_EBUS_49","P1049","EBUS_49","tL/B","4","Exploratory_High_EMT_4","Patient_Specific_Exploratory","S",11.0297546870628,0.0359251315235362,-0.106682462434865,0.00578921336124716,-0.00824393393480269,-0.516248752242437,NA
"CCTTTCTGTACCGCTG_EBUS_19","P1019","EBUS_19","mLN","0","Malignant_Hybrid_EMT_tS1","Core_Shared_State","G1",1.09072200308695,0.241934477467449,-0.0182346083734997,0.099717598900146,-0.0706843170719136,0.00617974694745393,30.2489515966909
"CCTTTCTGTTGAGTTC_NS_07","P3007","NS_07","mBrain","1","Malignant_Differentiated_tS2","Core_Shared_State","G1",3.33858267716535,-0.114482674038631,-0.0902846833705595,-0.00174692135898175,-0.0948494650827188,-0.322154254194859,21.9053805837037
"CCTTTCTTCAAACCGT_EBUS_51","P1051","EBUS_51","mLN","1","Malignant_Differentiated_tS2","Core_Shared_State","G1",9.98104864181933,0.00992956239058848,0.0572932242316782,0.124989913827895,-0.110815447455009,0.657181582335756,20.9420670283028
"CCTTTCTTCGCCAGCA_EBUS_15","P1015","EBUS_15","mLN","0","Malignant_Hybrid_EMT_tS1","Core_Shared_State","G2M",4.47906336353395,0.0904706559589663,0.025340934889908,0.222564912251595,0.417519196697217,-0.601999613440139,40.2483997021204
"CGAACATCACACCGCA_EBUS_51","P1051","EBUS_51","mLN","3","Exploratory_State_3","Patient_Specific_Exploratory","G1",4.7692121310019,-0.0361647582295301,-0.00593340812789189,0.251707849989645,0.00797598129446411,-0.068344212802366,NA
"CGACCTTAGCACAGGT_NS_12","P3012","NS_12","mBrain","1","Malignant_Differentiated_tS2","Core_Shared_State","G1",1.41369047619048,0.113168281631941,-0.0599123981456054,0.302875174488943,-0.0303481119793124,-0.402799705877569,19.5365884585553
"CGACCTTAGTTTAGGA_EBUS_12","P1012","EBUS_12","mLN","0","Malignant_Hybrid_EMT_tS1","Core_Shared_State","G1",6.79581584199298,0.286160773137158,-0.0934495071486423,0.338843060402617,-0.160750889431239,-0.501823680036214,35.2740814278031
"CGACTTCAGCTGCGAA_NS_02","P3002","NS_02","mBrain","1","Malignant_Differentiated_tS2","Core_Shared_State","G2M",11.9419989642672,-0.0613545364312039,-0.00363022567496216,-0.0227131702207329,-0.0213722613448264,-0.502815032953789,NA
"CGACTTCAGTGGAGAA_BRONCHO_11","P1011","BRONCHO_11","mLN","0","Malignant_Hybrid_EMT_tS1","Core_Shared_State","G1",3.63321799307958,0.0954476782806044,-0.100682741024916,0.252702998042543,-0.189909335080919,-0.455562100930715,36.3051085974714
"CGACTTCCAACTGGCC_NS_17","P3017","NS_17","mBrain","7","Exploratory_State_7","Patient_Specific_Exploratory","G1",15.4030327214685,0.074212969096884,0.0759954014940744,0.367273627677054,-0.0322956565092727,-0.400745345450899,NA
"CGACTTCTCCGAACGC_NS_16","P3016","NS_16","mBrain","9","Exploratory_High_Stemness_9","Patient_Specific_Exploratory","G1",5.71867203991556,-0.15467630131197,-0.012728480714567,-0.482235906423954,-0.0693676232725055,-0.576629201401058,NA
"CGAGAAGAGCTTTGGT_NS_17","P3017","NS_17","mBrain","7","Exploratory_State_7","Patient_Specific_Exploratory","G1",1.70132325141777,-0.0983703062723991,-0.0434788294875438,-0.0359555194507925,-0.0286191928595077,-0.361194727181137,NA
"CGAGAAGCATCACAAC_NS_07","P3007","NS_07","mBrain","3","Exploratory_State_3","Patient_Specific_Exploratory","G2M",10.0902643455835,-0.117554870521938,0.0675654425517493,-0.228794627190807,-0.150973586970512,-0.572718376976606,NA
"CGAGAAGGTTTAAGCC_NS_12","P3012","NS_12","mBrain","10","Exploratory_State_10","Patient_Specific_Exploratory","G1",5.99446736684171,0.120175078358915,-0.0482574054713095,0.038413406773724,-0.122866152387199,0.276437888756755,NA
"CGAGAAGTCCGTTGTC_NS_19","P3019","NS_19","mBrain","2","Malignant_Cycling_tS3","Core_Shared_State","G2M",13.5033610122578,0.126370870740533,-0.166629759285102,-0.0364182557838211,0.267038964790019,-0.34201609663897,58.8775802695347
"CGAGCACAGACCTAGG_EBUS_28","P1028","EBUS_28","tL/B","1","Malignant_Differentiated_tS2","Core_Shared_State","G1",11.0051357300073,-0.103635031280451,0.23103672306953,-0.414241023277586,-0.0486965760227001,-0.298543150256834,19.9889660750492
"CGAGCACAGGGTTTCT_BRONCHO_11","P1011","BRONCHO_11","mLN","0","Malignant_Hybrid_EMT_tS1","Core_Shared_State","G1",4.36555891238671,-0.0256519646777595,0.0134214916330142,0.205390522730425,0.117414833709066,-0.347698182140443,34.7170982424515
"CGAGCACCAAGTACCT_EBUS_51","P1051","EBUS_51","mLN","1","Malignant_Differentiated_tS2","Core_Shared_State","S",0.385208012326656,0.196860767925837,0.232039981674053,0.877682171279702,-0.0263878183002582,1.02061724858909,18.0817967774626
"CGAGCACGTATAATGG_EBUS_15","P1015","EBUS_15","mLN","2","Malignant_Cycling_tS3","Core_Shared_State","G2M",5.77630907283523,-0.104983771694413,-0.0252821091443571,-0.0335257695276215,0.475746778285323,-0.456649644290919,50.6627390733225
"CGAGCACGTCAAACTC_EBUS_49","P1049","EBUS_49","tL/B","4","Exploratory_High_EMT_4","Patient_Specific_Exploratory","G1",2.29731372310684,-0.00888754738940506,-0.105640037376074,-0.0867687781127576,-0.16141568838786,-0.00983884791468081,NA
"CGAGCACTCAGCATGT_NS_04","P3004","NS_04","mBrain","8","Exploratory_State_8","Patient_Specific_Exploratory","G1",4.04820766378245,0.0514795837057563,0.063839400815999,0.119667517113746,-0.143646138454018,-0.0246519628071487,NA
"CGAGCCACAACAACCT_NS_12","P3012","NS_12","mBrain","0","Malignant_Hybrid_EMT_tS1","Core_Shared_State","G1",4.22682569575225,-0.0431293726639434,-0.152331050393942,0.033721184283561,0.0389813523707986,-0.409986549342194,27.1083343097077
"CGAGCCAGTGGCTCCA_NS_04","P3004","NS_04","mBrain","8","Exploratory_State_8","Patient_Specific_Exploratory","G1",6.40176600441501,0.139890644067175,0.0370325032258783,0.211274030960449,0.0563111144187206,-0.197696192887764,NA
"CGAGCCAGTGTGCGTC_EBUS_13","P1013","EBUS_13","mLN","4","Exploratory_High_EMT_4","Patient_Specific_Exploratory","G1",3.39943342776204,0.381281244815591,0.219515387510139,0.857017317292758,-0.133868520543461,-0.514036205283678,NA
"CGATCGGTCAGCGACC_NS_12","P3012","NS_12","mBrain","1","Malignant_Differentiated_tS2","Core_Shared_State","G1",0.138121546961326,0.05807092658037,-0.0815496048308307,0.134039274635304,-0.0929440230065546,0.387883433211483,17.3430431405136
"CGATCGGTCTACTTAC_NS_17","P3017","NS_17","mBrain","7","Exploratory_State_7","Patient_Specific_Exploratory","G1",11.8003547497044,-0.0821542271798205,-0.0555214046158341,-0.0226099226562417,-0.142168788661208,-0.461420185256526,NA
"CGATGTACACAGATTC_EBUS_49","P1049","EBUS_49","tL/B","1","Malignant_Differentiated_tS2","Core_Shared_State","G1",0.098135426889107,-0.0887684505357906,-0.0444393182951124,-0.361659960864858,-0.0351857740730235,-0.290460052260573,19.6589492107531
"CGATTGAAGTACATGA_NS_07","P3007","NS_07","mBrain","3","Exploratory_State_3","Patient_Specific_Exploratory","G1",5.83902809415338,0.0118056249066325,0.0823632759368301,0.181001719484188,-0.0117156681073291,-0.554805929475827,NA
"CGATTGACATTCCTGC_NS_19","P3019","NS_19","mBrain","6","Exploratory_Cycling_6","Patient_Specific_Exploratory","G2M",1.05030403537866,-0.149565086194848,-0.131956089960354,-0.309012099578169,-0.0749775447044792,-0.213578854353206,NA
"CGATTGAGTAATAGCA_NS_03","P3003","NS_03","mBrain","1","Malignant_Differentiated_tS2","Core_Shared_State","G1",0.591465990705534,-0.161301284609936,0.102250937046829,-0.0598636860174401,-0.115037142378618,-0.385416857472859,22.6266466629782
"CGCCAAGAGACTAGAT_NS_12","P3012","NS_12","mBrain","10","Exploratory_State_10","Patient_Specific_Exploratory","G1",5.97430346650173,0.0762269334244449,-0.101687995590445,0.0143941906476673,-0.0551298390704163,0.272860761237459,NA
"CGCCAAGAGCTAAGAT_NS_13","P3013","NS_13","mBrain","5","Exploratory_High_LungDiff_5","Patient_Specific_Exploratory","G1",3.79188712522046,0.0443930508601706,-0.146856393046235,0.578015975241046,-0.142612880785515,2.66293577307388,NA
"CGCCAAGAGGCTAGCA_NS_04","P3004","NS_04","mBrain","8","Exploratory_State_8","Patient_Specific_Exploratory","G1",5.41753537154043,-0.0136374430725332,0.0304187721568588,0.171587619214796,-0.137957745396623,-0.0142766490433702,NA
"CGCCAAGGTTAAAGAC_EBUS_10","P1010","EBUS_10","mLN","2","Malignant_Cycling_tS3","Core_Shared_State","G2M",5.6713712287971,-0.0301937254033321,-0.0891420182799618,-0.306204279967464,0.35919456055758,-0.587991682433712,63.923585931801
"CGCGTTTAGCGCTTAT_NS_07","P3007","NS_07","mBrain","3","Exploratory_State_3","Patient_Specific_Exploratory","S",9.33930225378203,0.256558317594076,-0.00205857572839382,0.234642435461287,0.0675313618586675,-0.299139396764809,NA
"CGCGTTTTCGGCGCTA_EBUS_19","P1019","EBUS_19","mLN","5","Exploratory_High_LungDiff_5","Patient_Specific_Exploratory","G1",12.463924963925,0.0769104013905048,-0.183713302111979,0.0837135575806179,-0.220389782525658,0.263106712435989,NA
"CGCTATCAGCAGGCTA_NS_13","P3013","NS_13","mBrain","1","Malignant_Differentiated_tS2","Core_Shared_State","G1",13.100724160632,-0.10298798342879,-0.0853002804728743,0.0503047786168998,-0.0918612644535451,2.31305719703903,20.3605449371586
"CGCTATCAGTTAGGTA_EBUS_28","P1028","EBUS_28","tL/B","0","Malignant_Hybrid_EMT_tS1","Core_Shared_State","G1",5.05668852102728,-0.0892868491375999,-0.0922387627979888,-0.120120777004192,-0.138626920207838,0.189503173068081,36.9103805356709
"CGCTATCGTAAGAGAG_EBUS_06","P1006","EBUS_06","tL/B","4","Exploratory_High_EMT_4","Patient_Specific_Exploratory","G1",0.810095030378564,-0.190598652165218,-0.167499595798134,-0.10179483014105,-0.130555853844936,-0.185007108566758,NA
"CGCTGGAAGTACGTAA_NS_04","P3004","NS_04","mBrain","8","Exploratory_State_8","Patient_Specific_Exploratory","G1",2.14217201321539,0.10239356984194,-0.168979419897436,0.242055572803922,-0.172623590035275,-0.342169790174417,NA
"CGCTGGAGTAGCGCAA_EBUS_13","P1013","EBUS_13","mLN","6","Exploratory_Cycling_6","Patient_Specific_Exploratory","G2M",0.279916025192442,0.414041377256715,-0.0762949966563719,0.321810160848823,-0.0350854143245271,-0.0062495141888475,NA
"CGCTGGAGTCGTTGTA_NS_04","P3004","NS_04","mBrain","8","Exploratory_State_8","Patient_Specific_Exploratory","G1",10.3102599572427,0.112525930758096,0.0144148163612061,0.514408943301814,-0.0987280725148371,-0.413207356616997,NA
"CGCTTCATCCGTCAAA_EBUS_10","P1010","EBUS_10","mLN","2","Malignant_Cycling_tS3","Core_Shared_State","G2M",6.48236415633937,-0.0822660768007549,-0.023834577763585,-0.37895896065063,0.464778729669535,-0.487362171214171,61.2934069477198
"CGCTTCATCTTTACGT_BRONCHO_58","P1058","BRONCHO_58","tL/B","0","Malignant_Hybrid_EMT_tS1","Core_Shared_State","G1",1.34119794958219,0.134454129894372,0.0236975463658764,0.315886045820379,-0.0822233744746526,0.0695443365242978,36.51633362529
"CGGACACAGTGTTGAA_NS_16","P3016","NS_16","mBrain","9","Exploratory_High_Stemness_9","Patient_Specific_Exploratory","G1",2.31267345050879,-0.118068144229586,0.242539829473224,-0.1474140075798,-0.140996806322356,-0.571037087801452,NA
"CGGACACGTCGAGATG_EBUS_28","P1028","EBUS_28","tL/B","1","Malignant_Differentiated_tS2","Core_Shared_State","S",10.5911330049261,-0.135074805854656,-0.0863540199659933,-0.244398283174882,-0.0857199497160653,0.0947231861367668,22.5715113983952
"CGGACACTCCTTTACA_NS_19","P3019","NS_19","mBrain","0","Malignant_Hybrid_EMT_tS1","Core_Shared_State","G1",1.45476772616137,0.145375420013959,-0.175980132714451,0.0500367834979486,0.00602082134572163,-0.629070489844039,28.5159618958005
"CGGACGTCACCGAAAG_EBUS_10","P1010","EBUS_10","mLN","2","Malignant_Cycling_tS3","Core_Shared_State","G2M",4.39294471248912,-0.0518183040881561,-0.118747205785568,-0.218727764895883,-0.0408380439591794,-0.140985337827974,45.4710010741324
"CGGACTGAGTGTCTCA_NS_07","P3007","NS_07","mBrain","3","Exploratory_State_3","Patient_Specific_Exploratory","G1",6.04709055077274,-0.121546711110976,0.179523612585505,-0.0330393224276835,-0.0439618818673961,-0.546986510470018,NA
"CGGACTGTCCGAATGT_BRONCHO_11","P1011","BRONCHO_11","mLN","2","Malignant_Cycling_tS3","Core_Shared_State","G2M",8.14227850092414,-0.110560032887996,0.175311499310514,-0.0174152044939614,0.338148759169714,0.115302100670658,51.9191530032952
"CGGACTGTCGATCCCT_NS_06","P3006","NS_06","mBrain","0","Malignant_Hybrid_EMT_tS1","Core_Shared_State","G1",10.4654136299706,0.29286401238289,0.129409610097422,0.30611026930982,-0.0638097929177271,0.356889444840929,35.5620205081765
"CGGAGCTAGCGTAATA_EBUS_12","P1012","EBUS_12","mLN","0","Malignant_Hybrid_EMT_tS1","Core_Shared_State","G1",18.0051260145237,0.250761879150513,-0.0764457619306477,0.470620371050117,-0.0869614777533749,0.114280911393049,34.2283308918107
"CGGAGCTCAGATCGGA_BRONCHO_58","P1058","BRONCHO_58","tL/B","0","Malignant_Hybrid_EMT_tS1","Core_Shared_State","G1",3.22214570461401,0.00828251659293849,0.0894048962344144,0.155269726396598,-0.105895215022872,0.326537808472975,37.1936620403823
"CGGAGCTGTTATCGGT_NS_03","P3003","NS_03","mBrain","0","Malignant_Hybrid_EMT_tS1","Core_Shared_State","G1",8.68700265251989,-0.0205337708167799,0.154828783534353,-0.210339157825278,-0.122161293766994,-0.214792430759335,37.6721934285853
"CGGAGTCGTTAAGAAC_NS_03","P3003","NS_03","mBrain","0","Malignant_Hybrid_EMT_tS1","Core_Shared_State","G1",2.05894013479582,-0.120355935040503,0.00153362066450444,-0.0842107965403485,-0.0516889368810788,-0.503485239201645,34.3423770778742
"CGGCTAGAGCGATGAC_BRONCHO_58","P1058","BRONCHO_58","tL/B","2","Malignant_Cycling_tS3","Core_Shared_State","G2M",3.92588455599724,0.113368203727212,0.249240925374912,0.13442137416986,0.256785537802585,0.265253255078155,59.1107356006608
"CGGCTAGAGTTACGGG_EBUS_10","P1010","EBUS_10","mLN","0","Malignant_Hybrid_EMT_tS1","Core_Shared_State","G1",3.66498701136115,0.0418039648974466,-0.115438844695262,-0.24313620271649,-0.0953576764692051,-0.453456394560522,36.0931336947386
"CGGCTAGCATGACATC_EBUS_13","P1013","EBUS_13","mLN","2","Malignant_Cycling_tS3","Core_Shared_State","S",7.70376992996573,0.377633190877373,0.243343926431993,0.592276567723895,0.457104510619922,-0.433881178055313,47.6343546122463
"CGGTTAAAGCACCGTC_EBUS_28","P1028","EBUS_28","tL/B","1","Malignant_Differentiated_tS2","Core_Shared_State","G1",8.18965517241379,-0.134799635243148,0.346665869393747,-0.16655156221334,-0.101160578837924,-0.121308482381494,23.6609294233034
"CGGTTAACAAAGTGCG_EBUS_13","P1013","EBUS_13","mLN","6","Exploratory_Cycling_6","Patient_Specific_Exploratory","G2M",0.09000900090009,0.399450553425483,0.260049336213946,-0.0925815349730254,0.536119580173724,-0.341057067375789,NA
"CGGTTAAGTCTAGAGG_EBUS_19","P1019","EBUS_19","mLN","5","Exploratory_High_LungDiff_5","Patient_Specific_Exploratory","G1",8.80923094945235,-0.164330774583238,-0.0832164976987059,-0.205608357131297,-0.201110809285733,0.992466545027066,NA
"CGGTTAAGTTCCCTTG_NS_02","P3002","NS_02","mBrain","0","Malignant_Hybrid_EMT_tS1","Core_Shared_State","G1",13.860824157112,0.306818844495121,0.112716198271862,0.0894198396155995,-0.110354352058178,-0.482422201358929,26.2544063604301
"CGTAGCGCAGGTGCCT_EBUS_28","P1028","EBUS_28","tL/B","6","Exploratory_Cycling_6","Patient_Specific_Exploratory","G2M",9.77043158861341,-0.00108601251469356,0.186057754521855,-0.229838657980757,0.106232845703424,-0.307295011480249,NA
"CGTAGCGTCCAAACAC_BRONCHO_11","P1011","BRONCHO_11","mLN","6","Exploratory_Cycling_6","Patient_Specific_Exploratory","G2M",14.4701086956522,0.116367541316763,-0.06757787591263,0.382727424091603,-0.0626002214497128,0.327510457909126,NA
"CGTAGCGTCGTTTAGG_EBUS_19","P1019","EBUS_19","mLN","5","Exploratory_High_LungDiff_5","Patient_Specific_Exploratory","G1",15.9819921215532,-0.165789860245916,-0.121615458991409,-0.54074730941015,-0.103459056792057,0.293825047411293,NA
"CGTAGGCCAGTATGCT_BRONCHO_11","P1011","BRONCHO_11","mLN","0","Malignant_Hybrid_EMT_tS1","Core_Shared_State","G1",5.55349870418364,0.157078765642797,-0.0747051458432564,0.195743341225482,-0.16731041637889,-0.529220298514647,35.5763228053989
"CGTAGGCGTAGGAGTC_EBUS_06","P1006","EBUS_06","tL/B","4","Exploratory_High_EMT_4","Patient_Specific_Exploratory","S",2.3263354137959,-0.195835251503802,0.170070602384095,0.281022483980233,0.310367310934436,-0.378530404205772,NA
"CGTCACTAGAGACTTA_EBUS_13","P1013","EBUS_13","mLN","4","Exploratory_High_EMT_4","Patient_Specific_Exploratory","S",5.66723940435281,0.616540026871514,0.52441195712735,1.16666152122476,0.138937792893839,-0.563505079931473,NA
"CGTCACTCACTGTGTA_EBUS_19","P1019","EBUS_19","mLN","5","Exploratory_High_LungDiff_5","Patient_Specific_Exploratory","G1",16.4851633529823,-0.123541316054767,0.0483376159542159,-0.10920265664604,-0.176503250303132,0.0231894546014619,NA
"CGTCACTGTAATCGTC_NS_16","P3016","NS_16","mBrain","9","Exploratory_High_Stemness_9","Patient_Specific_Exploratory","S",15.7671721677074,-0.15298890457589,0.107816020780222,-0.331627179395249,0.190452812832265,-0.465555204079924,NA
"CGTCCATGTTCGTTGA_NS_02","P3002","NS_02","mBrain","3","Exploratory_State_3","Patient_Specific_Exploratory","G1",9.11094783247612,0.0143483134344128,0.0145883757998158,-0.245798977828489,-0.0859779683573711,-0.568397678520343,NA
"CGTCTACTCACTATTC_NS_02","P3002","NS_02","mBrain","3","Exploratory_State_3","Patient_Specific_Exploratory","G1",11.2439053395172,0.0240275277657245,0.124351506977795,-0.10839907642338,-0.0985021398878872,-0.440848376205577,NA
"CGTGAGCGTTGTACAC_NS_13","P3013","NS_13","mBrain","1","Malignant_Differentiated_tS2","Core_Shared_State","S",15.378421900161,0.0421477328881109,-0.118584759591635,0.186410913017753,0.154191170693078,1.89672647786372,23.6955912371988
"CGTGTAAAGCTAACAA_EBUS_51","P1051","EBUS_51","mLN","3","Exploratory_State_3","Patient_Specific_Exploratory","G1",5.04419677171407,0.0378244943389116,0.0211026527458212,0.179197757693527,-0.144934306317869,0.2759956767453,NA
"CGTGTAAGTACCCAAT_NS_19","P3019","NS_19","mBrain","1","Malignant_Differentiated_tS2","Core_Shared_State","G2M",5.38137576041179,-0.0244791568925751,0.0180378067884413,-0.279219575353941,0.111610210668181,-0.441442775009429,21.0231611618916
"CGTGTAATCATATCGG_NS_02","P3002","NS_02","mBrain","3","Exploratory_State_3","Patient_Specific_Exploratory","G1",7.4020260725673,0.0634992199605173,0.0470884929789386,-0.0820618214090557,-0.0549215292260522,-0.581237603540648,NA
"CGTGTCTGTTCGTTGA_EBUS_49","P1049","EBUS_49","tL/B","1","Malignant_Differentiated_tS2","Core_Shared_State","G1",0.0170502983802217,-0.137340969680996,-0.095137854920407,-0.563597970623673,-0.0619716132412172,0.113973984030524,17.5680191511034
"CGTTAGAAGCCACCTG_EBUS_49","P1049","EBUS_49","tL/B","1","Malignant_Differentiated_tS2","Core_Shared_State","G1",0.0304136253041363,0.0704823782607092,0.0237891835449917,-0.0579995871894251,-0.0909267033837069,-0.489671692602726,16.8634227862605
"CGTTAGAAGCCAGAAC_NS_16","P3016","NS_16","mBrain","0","Malignant_Hybrid_EMT_tS1","Core_Shared_State","G1",3.59464462525292,0.746150980243125,0.0610489918411998,-0.363338567079253,-0.0883222263771516,-0.54273678950657,37.634906184825
"CGTTAGAGTCAATGTC_EBUS_13","P1013","EBUS_13","mLN","4","Exploratory_High_EMT_4","Patient_Specific_Exploratory","S",3.89911208338695,0.699482212197387,0.230146667066802,0.986687881135359,0.119261918793855,-0.494931755312531,NA
"CGTTCTGGTGCTGTAT_BRONCHO_11","P1011","BRONCHO_11","mLN","1","Malignant_Differentiated_tS2","Core_Shared_State","S",0.251607492311993,0.12936343645983,-0.0716826679823789,0.205000429884832,-0.0688988060659869,-0.476288429229962,21.0412920046315
"CGTTCTGTCCGTAGGC_EBUS_51","P1051","EBUS_51","mLN","3","Exploratory_State_3","Patient_Specific_Exploratory","G1",5.96425751812244,0.119531829025438,-0.0703983323355282,0.208871103669222,-0.134666593373696,-0.161132047271941,NA
"CGTTGGGAGTTCCACA_EBUS_15","P1015","EBUS_15","mLN","6","Exploratory_Cycling_6","Patient_Specific_Exploratory","G2M",0.564971751412429,-0.0936704775520858,-0.0564507999051174,-0.438608949840618,0.876263034693798,-0.383118383264285,NA
"CGTTGGGGTGTTCTTT_NS_06","P3006","NS_06","mBrain","1","Malignant_Differentiated_tS2","Core_Shared_State","G2M",16.2945081472541,-0.122064070614706,0.23146070129553,-0.0186224606467398,-0.0436176408829796,-0.330834191855066,22.5675177127776
"CTAACTTGTATGAAAC_NS_16","P3016","NS_16","mBrain","1","Malignant_Differentiated_tS2","Core_Shared_State","G1",1.63704396632367,-0.131901524306106,-0.133824595785671,-0.109584574576346,-0.142558472115669,-0.335404834195598,22.616308896584
"CTAAGACGTTTCCACC_NS_19","P3019","NS_19","mBrain","0","Malignant_Hybrid_EMT_tS1","Core_Shared_State","G1",11.3811988896391,0.14885556922658,-0.0463148775605212,-0.0965935431323289,0.0553873781083433,-0.320214946646814,35.5522686785439
"CTAATGGCAATGACCT_EBUS_51","P1051","EBUS_51","mLN","3","Exploratory_State_3","Patient_Specific_Exploratory","G1",11.0011813349084,0.0310450885445608,0.212320373683808,0.331763779749956,-0.104262262648267,-0.0655586439936208,NA
"CTAATGGGTTCTGTTT_NS_04","P3004","NS_04","mBrain","8","Exploratory_State_8","Patient_Specific_Exploratory","G1",4.49116820553994,0.130510857241755,-0.0802587174615299,0.26001731492175,-0.0678342878769065,0.118110562683709,NA
"CTAATGGTCCGCGGTA_EBUS_06","P1006","EBUS_06","tL/B","4","Exploratory_High_EMT_4","Patient_Specific_Exploratory","G1",0.764065755962028,-0.173667074718003,-0.165003216020569,-0.0132959399269825,-0.162113846030739,-0.125514809170545,NA
"CTACACCTCCAGAGGA_EBUS_13","P1013","EBUS_13","mLN","4","Exploratory_High_EMT_4","Patient_Specific_Exploratory","G2M",1.12793504498574,0.396339232714172,0.060449255319174,0.274469611725434,0.0755390042130496,-0.508672646229619,NA
"CTACCCAAGACACGAC_NS_07","P3007","NS_07","mBrain","0","Malignant_Hybrid_EMT_tS1","Core_Shared_State","G1",7.28858663512714,0.0706250192327417,0.151625205641576,0.264162018282006,-0.069270280410887,-0.45835622874477,27.0595571465813
"CTACCCAAGGTAGCCA_NS_07","P3007","NS_07","mBrain","3","Exploratory_State_3","Patient_Specific_Exploratory","G1",6.67537367580903,-0.1952188658452,-0.144338682125502,-0.160023751331497,-0.126905383854847,-0.173460750641298,NA
"CTACCCAGTAAGTGTA_EBUS_49","P1049","EBUS_49","tL/B","2","Malignant_Cycling_tS3","Core_Shared_State","S",13.7318716455407,-0.116838172371051,-0.113730084005076,-0.0461110158359289,0.357767898375545,-0.552173666209783,47.9918449501665
"CTACGTCAGAGTAAGG_NS_19","P3019","NS_19","mBrain","0","Malignant_Hybrid_EMT_tS1","Core_Shared_State","G1",16.4404761904762,-0.0318580325543891,-0.123307604977286,-0.251194438296741,-0.133547682048428,-0.510323804582862,31.0613583182758
"CTACGTCAGGTTCCTA_EBUS_15","P1015","EBUS_15","mLN","0","Malignant_Hybrid_EMT_tS1","Core_Shared_State","S",3.55225954856951,-0.0581021982558115,-0.0268225921997345,-0.0142764460488707,0.149727342619314,-0.536424303207206,42.5738751956522
"CTACGTCTCCTAGGGC_EBUS_06","P1006","EBUS_06","tL/B","2","Malignant_Cycling_tS3","Core_Shared_State","S",0.162008910490077,-0.178868503816397,-0.111300145504832,-0.614197726417421,0.329576071027177,-0.229937704758371,47.8079106413453
"CTCATTACAAATACAG_EBUS_12","P1012","EBUS_12","mLN","2","Malignant_Cycling_tS3","Core_Shared_State","G2M",6.55071699936316,0.0914954221181339,-0.169917892346347,0.241596808220109,0.338688537591675,-0.454004211807301,49.6976723790268
"CTCATTATCTCTTATG_EBUS_06","P1006","EBUS_06","tL/B","4","Exploratory_High_EMT_4","Patient_Specific_Exploratory","G2M",0.802675585284281,-0.0992379278700371,-0.099814620834749,-0.357988892638712,-0.151483619901254,-0.300752304144529,NA
"CTCCTAGAGCACGCCT_BRONCHO_11","P1011","BRONCHO_11","mLN","0","Malignant_Hybrid_EMT_tS1","Core_Shared_State","S",1.45620517278852,-0.0499428770956596,-0.0513494736594321,0.228939389242562,0.0827231618631095,-0.399116200886418,33.2327511010005
"CTCCTAGGTCGCATAT_NS_07","P3007","NS_07","mBrain","3","Exploratory_State_3","Patient_Specific_Exploratory","G1",4.82486988324659,-0.0317012540419796,-0.0600396696313533,-0.128268596306788,-0.135650732872242,-0.482726272899378,NA
"CTCGAAACAATGGACG_NS_13","P3013","NS_13","mBrain","1","Malignant_Differentiated_tS2","Core_Shared_State","G1",7.83869506116901,-0.140606530470814,-0.140207332589329,0.0620314195534568,-0.136340079588113,1.69170663061689,23.6164212587709
"CTCGAAACACGAAATA_NS_19","P3019","NS_19","mBrain","2","Malignant_Cycling_tS3","Core_Shared_State","G2M",10.9695682944091,0.0771019782082932,-0.164029712798246,-0.03124169199622,0.311718640900058,-0.364088520832046,49.3793912941142
"CTCGAAACATTCGACA_NS_06","P3006","NS_06","mBrain","1","Malignant_Differentiated_tS2","Core_Shared_State","G1",14.1955069823922,-0.012105122115642,0.222042972821183,0.0244920976565589,-0.0937041158447325,-0.381865340401848,23.8620406410739
"CTCGAGGCATCCGCGA_NS_17","P3017","NS_17","mBrain","7","Exploratory_State_7","Patient_Specific_Exploratory","G2M",19.3481787346999,-0.00225109321211342,0.170298299022966,0.571426176384646,0.0359978505865397,-0.479633303410366,NA
"CTCGAGGGTCCAACTA_BRONCHO_11","P1011","BRONCHO_11","mLN","6","Exploratory_Cycling_6","Patient_Specific_Exploratory","G2M",0.640751815463477,0.128712667239357,0.182516738085035,0.140348743751347,0.384560086749247,-0.0416148353531679,NA
"CTCGTACAGCGTAATA_BRONCHO_58","P1058","BRONCHO_58","tL/B","0","Malignant_Hybrid_EMT_tS1","Core_Shared_State","G1",2.03720611732481,0.0482324641948959,0.0342459898631383,0.137229976520863,-0.108016870277747,0.675795410083879,29.8968334002335
"CTCGTCAAGTTTAGGA_NS_02","P3002","NS_02","mBrain","3","Exploratory_State_3","Patient_Specific_Exploratory","G1",7.03853148442828,0.0787973185318402,-0.0398983652821135,0.0786823874187975,-0.0850331398684563,-0.52456071248986,NA
"CTCGTCAGTAGCGCTC_NS_04","P3004","NS_04","mBrain","1","Malignant_Differentiated_tS2","Core_Shared_State","S",0.560420315236427,0.152918536169662,-0.0898244472317045,-0.0942560026923853,0.246602705413237,-0.231045258536735,16.5999581512573
"CTCGTCAGTTGTCGCG_NS_03","P3003","NS_03","mBrain","0","Malignant_Hybrid_EMT_tS1","Core_Shared_State","G1",3.59527876999534,-0.119088092985947,-0.0426157501120957,-0.172998473787976,-0.113838969842037,-0.580694282243706,33.3151813153437
"CTCTAATAGTGGTAAT_NS_07","P3007","NS_07","mBrain","3","Exploratory_State_3","Patient_Specific_Exploratory","S",5.54629320884739,0.034703285235835,-0.170001054550898,0.143031104276793,-0.139509055031617,-0.501651514845319,NA
"CTCTAATGTGTGAAAT_NS_03","P3003","NS_03","mBrain","0","Malignant_Hybrid_EMT_tS1","Core_Shared_State","G1",8.27259475218659,0.103050352332417,-0.0690494001120517,0.0809988048938672,-0.0364808814068143,-0.539454450319093,25.8665570498219
"CTCTAATTCGTAGATC_NS_02","P3002","NS_02","mBrain","1","Malignant_Differentiated_tS2","Core_Shared_State","G1",0.192554557124519,0.100837404245723,-0.0592472590224228,-0.160600532653307,-0.0122193590880916,-0.404497858103756,17.7269632925838
"CTCTACGCATTATCTC_EBUS_10","P1010","EBUS_10","mLN","0","Malignant_Hybrid_EMT_tS1","Core_Shared_State","G1",1.5372487189594,0.114205055340308,-0.000507214642886528,0.000321722217085041,-0.0665833007193582,-0.547116436616289,35.324078328189
"CTCTACGTCCTCCTAG_EBUS_15","P1015","EBUS_15","mLN","6","Exploratory_Cycling_6","Patient_Specific_Exploratory","S",0.462487153134635,-0.136946501708377,-0.102142585434172,-0.226444222596726,-0.0971307351025657,-0.44264095629747,NA
"CTCTGGTAGAGACTAT_NS_04","P3004","NS_04","mBrain","8","Exploratory_State_8","Patient_Specific_Exploratory","G1",5.09843513377082,-0.162480241703081,-0.106980630753332,0.0145941775098393,-0.0334816276715532,0.0611131363289902,NA
"CTCTGGTCAATCGAAA_EBUS_15","P1015","EBUS_15","mLN","1","Malignant_Differentiated_tS2","Core_Shared_State","G2M",0.210775918851271,-0.0848147904535339,0.206187053054968,-0.276377481117184,-0.0830289391997483,-0.305423671469677,16.0597430678634
"CTCTGGTTCGAACGGA_BRONCHO_58","P1058","BRONCHO_58","tL/B","0","Malignant_Hybrid_EMT_tS1","Core_Shared_State","G1",1.58902130733117,0.0587712083945683,-0.0642359884483631,0.279731455900737,-0.101566620598649,0.256904764119557,34.0305503533107
"CTGAAGTAGATTACCC_EBUS_19","P1019","EBUS_19","mLN","5","Exploratory_High_LungDiff_5","Patient_Specific_Exploratory","G1",5.55471008978846,-0.0642451416417028,-0.194345409282118,0.0254164859546745,-0.0809913567763354,0.798945600101588,NA
"CTGAAGTAGTACGCGA_NS_19","P3019","NS_19","mBrain","0","Malignant_Hybrid_EMT_tS1","Core_Shared_State","S",13.809201623816,0.0577345843418662,-0.139687810288541,-0.123700241288188,0.100567863999234,-0.425075027742605,40.191260150141
"CTGAAGTGTACGACCC_NS_07","P3007","NS_07","mBrain","6","Exploratory_Cycling_6","Patient_Specific_Exploratory","G2M",13.0841121495327,0.0710369995851898,0.14687961541658,0.298265954749305,0.283740530203867,0.0758407529116075,NA
"CTGATAGAGCGAAGGG_EBUS_49","P1049","EBUS_49","tL/B","4","Exploratory_High_EMT_4","Patient_Specific_Exploratory","G1",16.0512434061794,0.0187270295992989,-0.025872242646261,0.0154406955612606,-0.153481761150905,-0.550851642553408,NA
"CTGATCCTCCTCAACC_NS_03","P3003","NS_03","mBrain","0","Malignant_Hybrid_EMT_tS1","Core_Shared_State","G1",14.0057317185911,-0.100305401928815,-0.000858991252744939,-0.0299371513869794,-0.0912916829902816,0.0249727794746742,33.7215439762949
"CTGCCTAAGATAGCAT_BRONCHO_58","P1058","BRONCHO_58","tL/B","2","Malignant_Cycling_tS3","Core_Shared_State","S",4.68998793727382,-0.0245436708231936,-0.0395086214666817,0.0906376837915713,0.608215325448588,0.186606030021886,52.3935108627765
"CTGCCTACACTGTCGG_EBUS_28","P1028","EBUS_28","tL/B","0","Malignant_Hybrid_EMT_tS1","Core_Shared_State","G1",7.32258976533786,-0.0256203613238525,0.228131870956432,-0.289213392219827,-0.100444867438169,-0.0563206138975155,27.261868029361
"CTGCCTAGTGTGGTTT_EBUS_06","P1006","EBUS_06","tL/B","6","Exploratory_Cycling_6","Patient_Specific_Exploratory","G2M",0.219619326500732,-0.130735238001052,0.236074648804977,-0.100082023089881,-0.0658785968628938,-0.353955071996459,NA
"CTGCGGACACTTCGAA_NS_06","P3006","NS_06","mBrain","1","Malignant_Differentiated_tS2","Core_Shared_State","G2M",0.209059233449477,0.204120756141105,-0.0574014055123727,0.0250215709051305,-0.03796671911457,0.0795169984168367,16.0684681430634
"CTGCGGATCAACACAC_EBUS_51","P1051","EBUS_51","mLN","3","Exploratory_State_3","Patient_Specific_Exploratory","G1",8.00194280857264,0.10060135378871,0.143245562435446,0.200066280719112,-0.168725287985265,-0.11065459305338,NA
"CTGCTGTAGCTGTTCA_NS_03","P3003","NS_03","mBrain","0","Malignant_Hybrid_EMT_tS1","Core_Shared_State","G1",12.3683892048893,-0.106604459444615,0.0875972050116974,-0.303530096471354,0.195914577972275,-0.539308543076226,27.9612386206552
"CTGCTGTTCCCAACGG_EBUS_19","P1019","EBUS_19","mLN","0","Malignant_Hybrid_EMT_tS1","Core_Shared_State","G1",16.1585548820741,0.129436066047593,-0.0470295195469797,-0.10880998269509,0.0164411371260134,-0.0109816827876107,33.7336232280061
"CTGGTCTAGGCTAGGT_EBUS_06","P1006","EBUS_06","tL/B","1","Malignant_Differentiated_tS2","Core_Shared_State","G1",3.84097035040431,0.120670569966348,-0.0742186141916744,-0.00313371211883073,-0.099815298415299,0.140678415328946,20.9420670283028
"CTGGTCTCAACTGCTA_NS_16","P3016","NS_16","mBrain","0","Malignant_Hybrid_EMT_tS1","Core_Shared_State","G1",1.52134248194691,-0.052054881553595,-0.0547110720311895,-0.476834956198816,-0.0655503204512704,-0.639186955325677,35.6045758218574
"CTGGTCTCAGGCAGTA_BRONCHO_58","P1058","BRONCHO_58","tL/B","0","Malignant_Hybrid_EMT_tS1","Core_Shared_State","G1",2.03313692316668,0.0456970131128519,-0.0844283149404427,0.217323194423635,-0.0341324716057322,-0.0840859523559192,37.7386147164534
"CTGGTCTGTGCAGACA_EBUS_15","P1015","EBUS_15","mLN","2","Malignant_Cycling_tS3","Core_Shared_State","S",8.31063910801348,0.121880863513933,-0.118188994759809,0.312453837204392,0.504399211965223,-0.600688328770185,47.7150864297831
"CTGGTCTTCCGCATCT_EBUS_28","P1028","EBUS_28","tL/B","1","Malignant_Differentiated_tS2","Core_Shared_State","G1",3.30280321953927,0.0153400554321265,0.0945599926075897,0.0799952129289576,-0.129811990801733,-0.142079595430303,22.9592117285974
"CTGGTCTTCGGTCTAA_NS_07","P3007","NS_07","mBrain","3","Exploratory_State_3","Patient_Specific_Exploratory","G1",10.2204017944217,0.0645864075549805,-0.124654026853275,-0.117615521004263,-0.13360049661452,0.172489018635315,NA
"CTGTGCTGTGCAGACA_NS_19","P3019","NS_19","mBrain","0","Malignant_Hybrid_EMT_tS1","Core_Shared_State","G2M",1.1316204433726,-0.049359097306443,-0.0718320371696527,-0.0231770726669175,0.123350699602796,-0.624405018073869,26.0692515428281
"CTGTGCTTCTGCAGTA_EBUS_19","P1019","EBUS_19","mLN","0","Malignant_Hybrid_EMT_tS1","Core_Shared_State","G1",11.4838519826381,0.298198076713922,0.122061341178005,-0.0385120860882319,-0.168652202411249,-0.188701431729981,34.4918603585882
"CTGTTTACAATAAGCA_NS_02","P3002","NS_02","mBrain","3","Exploratory_State_3","Patient_Specific_Exploratory","G1",12.7312120036218,0.0607487746211002,0.210901666763191,0.0386330480008842,-0.115624423839307,-0.544089054568173,NA
"CTGTTTACATGAACCT_EBUS_10","P1010","EBUS_10","mLN","0","Malignant_Hybrid_EMT_tS1","Core_Shared_State","G2M",0.121691512017037,0.147677244632693,-0.157480405460801,-0.34662678623088,-0.151785926896544,-0.318568400077494,36.8069840876953
"CTGTTTAGTACCGGCT_NS_13","P3013","NS_13","mBrain","5","Exploratory_High_LungDiff_5","Patient_Specific_Exploratory","G1",1.39954853273138,-0.109472953822371,-0.134989755461753,-0.137281955219894,-0.112985504836105,1.98945381489245,NA
"CTGTTTAGTTTGACAC_EBUS_49","P1049","EBUS_49","tL/B","1","Malignant_Differentiated_tS2","Core_Shared_State","S",0.133958472873409,0.126881409682518,-0.0519711615045566,-0.0731342201191021,-0.0497792838007212,-0.350742197314707,18.6735152582134
"CTGTTTATCAAAGTAG_NS_03","P3003","NS_03","mBrain","0","Malignant_Hybrid_EMT_tS1","Core_Shared_State","G1",5.60998735777497,-0.0563662958148868,-0.148538559633255,0.0404857951831522,0.0277891553210547,0.0534310235669243,37.634906184825
"CTTAACTAGATAGTCA_NS_19","P3019","NS_19","mBrain","2","Malignant_Cycling_tS3","Core_Shared_State","G2M",16.4194915254237,0.003514806640212,-0.0399878848952543,0.150313181390003,0.21818535335359,-0.510946078829196,67.9715428477265
"CTTAACTAGGAGTTGC_EBUS_13","P1013","EBUS_13","mLN","1","Malignant_Differentiated_tS2","Core_Shared_State","S",6.73185711976725,0.257723118059825,0.208686458605646,0.395153807143301,0.01389835762901,-0.578529031844475,19.4023535610462
"CTTAACTCATCCGTGG_NS_12","P3012","NS_12","mBrain","1","Malignant_Differentiated_tS2","Core_Shared_State","S",0.258564964447317,-0.139354402875816,-0.0700202604075244,-0.185572773556555,-0.0421237639157323,-0.123656274255551,16.4267414358107
"CTTAACTTCCAGGGCT_BRONCHO_11","P1011","BRONCHO_11","mLN","2","Malignant_Cycling_tS3","Core_Shared_State","G2M",9.95532439821298,-0.0685751118864154,0.0641722303947047,-0.0288729842688609,0.368670464977766,-0.428563313815171,58.7298177207533
"CTTACCGAGCATCATC_NS_07","P3007","NS_07","mBrain","0","Malignant_Hybrid_EMT_tS1","Core_Shared_State","G1",3.18616294947656,-0.0232042079790423,-0.138692954885768,0.119250024766965,-0.110835920765144,-0.217473319595374,26.1965747935191
"CTTACCGCAGACAAAT_EBUS_10","P1010","EBUS_10","mLN","0","Malignant_Hybrid_EMT_tS1","Core_Shared_State","G1",14.495254529767,0.00874039257608403,-0.0942369702865996,-0.155592640260101,-0.070241901549921,0.210171649020476,27.4015882696023
"CTTACCGGTCTAAAGA_EBUS_10","P1010","EBUS_10","mLN","0","Malignant_Hybrid_EMT_tS1","Core_Shared_State","G1",7.51442429257752,-0.109517766558718,-0.101103325771242,-0.284360898695815,-0.125834978554499,-0.414081509606218,31.1209931831912
"CTTACCGTCGGTCTAA_NS_17","P3017","NS_17","mBrain","7","Exploratory_State_7","Patient_Specific_Exploratory","G1",13.467571004663,-0.104648484230292,0.0505662179089863,0.0900854723605965,-0.121758174601533,-0.373982724993247,NA
"CTTACCGTCTGGGCCA_NS_06","P3006","NS_06","mBrain","0","Malignant_Hybrid_EMT_tS1","Core_Shared_State","G1",4.40303306761587,0.103388281844504,0.290714503917346,-0.0673102674093332,-0.087524295637203,0.718383589274381,36.1567793999796
"CTTAGGAAGAAACCGC_NS_04","P3004","NS_04","mBrain","8","Exploratory_State_8","Patient_Specific_Exploratory","G1",7.08113531182239,0.0288141931530178,0.121475324080408,0.384590900720294,-0.141023266014603,-0.470066188644666,NA
"CTTAGGAAGATCCTGT_NS_12","P3012","NS_12","mBrain","0","Malignant_Hybrid_EMT_tS1","Core_Shared_State","G1",8.66375121477162,0.0786205613989928,0.0680266004696713,0.0853468348597975,-0.0884540439166532,-0.447499900222213,36.3051085974714
"CTTAGGAAGGTGATAT_EBUS_06","P1006","EBUS_06","tL/B","4","Exploratory_High_EMT_4","Patient_Specific_Exploratory","G1",4.26426426426426,-0.0286342558416054,-0.154978190583122,0.0936926709621151,-0.160744065894549,-0.132081689313518,NA
"CTTAGGACACATCCGG_NS_13","P3013","NS_13","mBrain","5","Exploratory_High_LungDiff_5","Patient_Specific_Exploratory","G1",0.681369912139143,-0.195295092406371,-0.134558208027061,-0.214023472719438,-0.0928663713821838,1.90745246135327,NA
"CTTAGGATCTGTTTGT_NS_04","P3004","NS_04","mBrain","8","Exploratory_State_8","Patient_Specific_Exploratory","G1",4.4950102032259,-0.00729452467579034,-0.180120934711113,0.159569321410367,-0.157213009231255,-0.563575622552489,NA
"CTTCTCTCAAACGCGA_EBUS_51","P1051","EBUS_51","mLN","3","Exploratory_State_3","Patient_Specific_Exploratory","G1",5.10176390773406,0.113587626817333,0.0322635016495359,0.311662697916235,-0.0139373657058034,0.0470955289066691,NA
"CTTCTCTCACCCAGTG_NS_13","P3013","NS_13","mBrain","0","Malignant_Hybrid_EMT_tS1","Core_Shared_State","G1",1.29579982126899,0.0554111088785294,0.118923054617333,0.231337569683739,-0.106274502890038,2.06630991289392,24.9410871550264
"CTTCTCTTCGCGTAGC_NS_04","P3004","NS_04","mBrain","8","Exploratory_State_8","Patient_Specific_Exploratory","S",9.85928418476598,-0.0222037558462311,-0.0864934210768095,0.181420504883463,0.0261166007229452,-0.194668288849253,NA
"CTTGGCTCAGGCGATA_EBUS_28","P1028","EBUS_28","tL/B","1","Malignant_Differentiated_tS2","Core_Shared_State","G1",7.63783510369246,-0.13029848220138,-0.0704885511682497,-0.217126134578185,-0.0537270792943778,-0.117081297573966,18.0168184391436
"CTTTGCGAGGTGATAT_EBUS_28","P1028","EBUS_28","tL/B","0","Malignant_Hybrid_EMT_tS1","Core_Shared_State","G1",7.34015576888245,-0.0215084123423543,-0.062839362309043,-0.118372529968036,-0.0199204390515224,-0.036469181784911,35.4477841236447
"CTTTGCGCAGAGCCAA_EBUS_15","P1015","EBUS_15","mLN","0","Malignant_Hybrid_EMT_tS1","Core_Shared_State","G1",7.05535714285714,-0.0617034894892301,0.119933268419417,0.0364938882082676,-0.154217958790111,-0.434580535724462,37.634906184825
"CTTTGCGGTCTCTTTA_EBUS_06","P1006","EBUS_06","tL/B","4","Exploratory_High_EMT_4","Patient_Specific_Exploratory","G2M",1.81354210539355,-0.0628806619262059,-0.0917128374519322,0.0892191668789216,0.193490774251224,-0.417245659493324,NA
"GAAACTCAGATGTGTA_NS_06","P3006","NS_06","mBrain","1","Malignant_Differentiated_tS2","Core_Shared_State","S",0.194174757281553,0.110205407403903,-0.0390587126194071,-0.100023571824835,-0.0531422173210117,0.232590986281142,18.6935569426992
"GAAACTCTCATCGCTC_BRONCHO_58","P1058","BRONCHO_58","tL/B","0","Malignant_Hybrid_EMT_tS1","Core_Shared_State","S",2.5429394219891,0.0213772017024352,0.086704037026617,-0.0642326864149851,0.0704943166833498,0.17545761588932,42.0996189590442
"GAAACTCTCCTTGCCA_EBUS_28","P1028","EBUS_28","tL/B","1","Malignant_Differentiated_tS2","Core_Shared_State","G1",11.8952346307748,-0.145496407682576,-0.0990700154421681,-0.493545352839881,-0.0686031378361855,-0.407080647781484,17.2692026894193
"GAACATCTCGAACTGT_NS_12","P3012","NS_12","mBrain","1","Malignant_Differentiated_tS2","Core_Shared_State","S",1.26801152737752,0.276419144088235,-0.0890010672549732,0.0413951091045638,-0.0478763598089182,0.576470654900263,18.4906174194897
"GAACCTACACCCAGTG_EBUS_12","P1012","EBUS_12","mLN","0","Malignant_Hybrid_EMT_tS1","Core_Shared_State","G1",7.52386388862462,0.185018574394384,-0.06223778580697,0.240420244366039,-0.0692706549232447,0.0757464931426023,36.1696311644582
"GAACGGACAAGCCGCT_EBUS_13","P1013","EBUS_13","mLN","4","Exploratory_High_EMT_4","Patient_Specific_Exploratory","S",4.6940486169321,0.329197855641737,-0.131237985122286,0.0448683445195616,0.197005555622263,-0.212962892334378,NA
"GAACGGAGTCTGATCA_NS_03","P3003","NS_03","mBrain","0","Malignant_Hybrid_EMT_tS1","Core_Shared_State","G1",15.5315368670418,-0.0530790951413737,0.135276046133834,-0.018859992563354,-0.0968903256146539,-0.500425940338165,27.204638464523
"GAAGCAGAGCCAGTAG_EBUS_12","P1012","EBUS_12","mLN","1","Malignant_Differentiated_tS2","Core_Shared_State","S",0.0737540828152987,0.102152506939978,-0.105573104288824,-0.126649839418769,-0.0848735843678453,-0.44098589937619,15.9469436580598
"GAAGCAGGTCTCAACA_EBUS_15","P1015","EBUS_15","mLN","0","Malignant_Hybrid_EMT_tS1","Core_Shared_State","G1",2.16747898046029,-0.131203279496822,0.0749068695940272,-0.0510058316651409,-0.166641953220746,-0.580559455145552,35.7828453589348
"GAAGCAGGTGATGATA_NS_02","P3002","NS_02","mBrain","3","Exploratory_State_3","Patient_Specific_Exploratory","G1",16.2911245107373,0.0455828036258583,0.105470609121071,0.0982062108072006,-0.0949380889541891,-0.490580071896437,NA
"GAAGCAGTCGAGAACG_BRONCHO_58","P1058","BRONCHO_58","tL/B","1","Malignant_Differentiated_tS2","Core_Shared_State","G1",0.0583090379008746,0.168067414323916,-0.0503438513015333,0.385073107435828,-0.0129705369269362,0.244157391696258,15.5891332422569
"GAATAAGAGCGTTGCC_EBUS_19","P1019","EBUS_19","mLN","5","Exploratory_High_LungDiff_5","Patient_Specific_Exploratory","S",12.2283230382064,-0.210271686688432,-0.102034624034327,-0.235858382704435,-0.0398937119431757,1.11785003255574,NA
"GAATAAGTCATGGTCA_BRONCHO_11","P1011","BRONCHO_11","mLN","6","Exploratory_Cycling_6","Patient_Specific_Exploratory","G2M",0.0623830318153462,0.0898062334132161,-0.0605052737212487,0.154568806411426,-0.0643703028207477,-0.398503908215394,NA
"GAATAAGTCCGCAGTG_EBUS_13","P1013","EBUS_13","mLN","1","Malignant_Differentiated_tS2","Core_Shared_State","S",0.153767298821117,0.336350927223062,0.563661773234797,0.491971702810897,-0.0879639488874909,-0.275022594756774,23.8620406410739
"GAATGAAAGTGTCCAT_EBUS_12","P1012","EBUS_12","mLN","0","Malignant_Hybrid_EMT_tS1","Core_Shared_State","S",8.50579668487113,0.175090808785794,-0.163124127699712,0.312106900535037,0.182628135404056,-0.53462232743757,43.0854924295332
"GACACGCAGAAGGACA_EBUS_51","P1051","EBUS_51","mLN","1","Malignant_Differentiated_tS2","Core_Shared_State","G1",0.631578947368421,0.0120991850995548,-0.0961613173110564,0.170069264729393,-0.0907330528585143,0.120542808269947,18.8012143182133
"GACACGCCATTCCTCG_NS_06","P3006","NS_06","mBrain","0","Malignant_Hybrid_EMT_tS1","Core_Shared_State","G1",4.5124668754517,0.0586966332742572,0.283238258056953,-0.0377052370990602,-0.0107350017391218,0.287098475480708,36.2437657578097
"GACAGAGCATCTCGCT_NS_06","P3006","NS_06","mBrain","0","Malignant_Hybrid_EMT_tS1","Core_Shared_State","G1",0.364196666199748,-0.193015197421399,-0.120873793131863,-0.114055316421804,-0.124563702065021,0.105567027626748,33.2955577625442
"GACAGAGCATTAGCCA_BRONCHO_11","P1011","BRONCHO_11","mLN","1","Malignant_Differentiated_tS2","Core_Shared_State","G1",2.64783759929391,0.165405105662997,-0.0299350832580878,-0.404806654500298,-0.0371551981902553,-0.326059059178892,17.9990329587925
"GACAGAGTCCCACTTG_NS_13","P3013","NS_13","mBrain","5","Exploratory_High_LungDiff_5","Patient_Specific_Exploratory","G1",0.42957042957043,-0.18653187526621,-0.121397666584656,-0.0719041364198336,-0.10720522991904,2.20816054084418,NA
"GACAGAGTCCTTGACC_NS_03","P3003","NS_03","mBrain","0","Malignant_Hybrid_EMT_tS1","Core_Shared_State","G1",0.447293872073953,0.0380963049771275,-0.081890717270026,0.208222032528359,-0.0372606779811557,-0.464544087285014,26.1468892721376
"GACCAATGTCAATGTC_EBUS_51","P1051","EBUS_51","mLN","3","Exploratory_State_3","Patient_Specific_Exploratory","G1",4.63522304832714,0.00136214920290578,-0.154106903933511,0.1456859765424,-0.138390518899984,0.343885574506817,NA
"GACCAATTCCTCGCAT_EBUS_12","P1012","EBUS_12","mLN","0","Malignant_Hybrid_EMT_tS1","Core_Shared_State","G1",11.0498662282822,0.185912766570868,0.0708599760104106,0.2021215792206,0.00714521546410232,-0.173032050036739,37.1936620403823
"GACCTGGCAATTCCTT_NS_13","P3013","NS_13","mBrain","0","Malignant_Hybrid_EMT_tS1","Core_Shared_State","G1",5.14705882352941,0.30631204738675,-0.162457272101556,0.685364065487179,-0.136862691348158,1.35235831480651,28.297443969713
"GACCTGGGTCTCACCT_EBUS_19","P1019","EBUS_19","mLN","0","Malignant_Hybrid_EMT_tS1","Core_Shared_State","G1",18.8881064949871,0.316177098549174,-0.137527567885377,0.0330060103215417,-0.0777436293675637,-0.0427521150517017,37.634906184825
"GACGCGTCAGATGGCA_EBUS_19","P1019","EBUS_19","mLN","0","Malignant_Hybrid_EMT_tS1","Core_Shared_State","G1",6.23904543616017,0.432306486617882,0.0197753832040898,0.198333524401901,-0.0651817433546096,-0.140679986179403,35.0636050740259
"GACGCGTGTTAGGGTG_NS_06","P3006","NS_06","mBrain","1","Malignant_Differentiated_tS2","Core_Shared_State","G1",0.107874865156419,0.0646378817961184,-0.060303866557011,0.39321245954032,-0.0842047892777775,0.693874841810151,16.6450577237135
"GACGCGTTCGGTGTCG_BRONCHO_11","P1011","BRONCHO_11","mLN","0","Malignant_Hybrid_EMT_tS1","Core_Shared_State","G1",1.75646440712888,0.0185930908911981,0.0699662029936874,0.220135249053257,-0.14659759373241,-0.448880685111403,35.4051500541815
"GACGTGCGTGTCGCTG_EBUS_13","P1013","EBUS_13","mLN","4","Exploratory_High_EMT_4","Patient_Specific_Exploratory","S",2.36944660950896,0.392745749927193,0.313925254381664,0.786646650171977,0.135074306839323,-0.348239947943064,NA
"GACGTGCTCAGTGTTG_EBUS_19","P1019","EBUS_19","mLN","5","Exploratory_High_LungDiff_5","Patient_Specific_Exploratory","S",8.27408460718095,-0.224519455953777,-0.206932011596304,-0.276149484609387,0.236952745339341,0.910398248064579,NA
"GACGTGCTCTCTTATG_EBUS_28","P1028","EBUS_28","tL/B","0","Malignant_Hybrid_EMT_tS1","Core_Shared_State","S",7.31128577784369,-0.0652924048251035,-0.168016598009891,-0.13988846029166,0.336067051679599,-0.538547306289234,37.4763134829998
"GACGTTAGTCTAGTCA_NS_06","P3006","NS_06","mBrain","1","Malignant_Differentiated_tS2","Core_Shared_State","G1",0.19047619047619,0.431203928702681,-0.0597453462371461,0.343484122461359,0.40643843525939,0.383733178086874,20.2717004471299
"GACGTTATCATGTCTT_NS_17","P3017","NS_17","mBrain","7","Exploratory_State_7","Patient_Specific_Exploratory","G1",5.44812645430474,-0.00785006272424266,-0.125501498705722,0.233050598016742,-0.11368916890132,-0.551823707719228,NA
"GACTGCGCAAACAACA_NS_19","P3019","NS_19","mBrain","0","Malignant_Hybrid_EMT_tS1","Core_Shared_State","S",16.7994687915007,0.0900863979072825,-0.173111298322883,0.027125013898582,0.540116412620385,-0.259161572392656,31.1379042545836
"GACTGCGTCGAATGCT_NS_07","P3007","NS_07","mBrain","1","Malignant_Differentiated_tS2","Core_Shared_State","S",8.7528750319448,0.0285565259174012,-0.102038568022866,0.214120381089016,-0.1222735495841,-0.0160382966369859,22.9444072595175
"GACTGCGTCGTAGGAG_EBUS_19","P1019","EBUS_19","mLN","5","Exploratory_High_LungDiff_5","Patient_Specific_Exploratory","S",14.1748794296498,-0.184377558742939,-0.040847737734788,-0.284585719091464,0.00116851553594402,1.14127178022192,NA
"GAGGTGAGTCTTCGTC_NS_03","P3003","NS_03","mBrain","2","Malignant_Cycling_tS3","Core_Shared_State","S",5.65948153071883,-0.130418481017382,-0.0283650118102611,-0.052423299822285,0.478839658822631,-0.541682038747288,49.3192991218599
"GAGGTGATCGGTGTTA_EBUS_19","P1019","EBUS_19","mLN","0","Malignant_Hybrid_EMT_tS1","Core_Shared_State","G1",13.5256460918359,0.364562858613988,-0.100256825709116,0.0735517697330049,-0.160526310058304,0.28432962530519,36.3051085974714
"GAGTCCGCAGCCTTTC_EBUS_12","P1012","EBUS_12","mLN","0","Malignant_Hybrid_EMT_tS1","Core_Shared_State","G1",8.89676971706114,-0.0471638701335492,-0.1079084754586,-0.0156509117227346,-0.045232040816866,-0.34735435148487,32.9406843868533
"GATCAGTCACCGGAAA_EBUS_28","P1028","EBUS_28","tL/B","0","Malignant_Hybrid_EMT_tS1","Core_Shared_State","G1",5.24290524290524,-0.154256684326003,-0.141925613182416,-0.233959098358254,-0.126441749285766,-0.482564294159934,27.1609839308626
"GATCAGTTCTGCGGCA_NS_04","P3004","NS_04","mBrain","8","Exploratory_State_8","Patient_Specific_Exploratory","G1",6.17290659131663,-0.0569198495204827,0.0178183012966392,0.215554238272284,-0.155932206512198,-0.389640529728658,NA
"GATCGATAGGACAGCT_EBUS_06","P1006","EBUS_06","tL/B","4","Exploratory_High_EMT_4","Patient_Specific_Exploratory","G1",1.47898946299353,-0.125586590488297,-0.217954536275517,-0.0199311364307099,-0.126737470492955,-0.546220543446314,NA
"GATCGTAGTAGAGCTG_EBUS_49","P1049","EBUS_49","tL/B","6","Exploratory_Cycling_6","Patient_Specific_Exploratory","S",0.0769467528470299,-0.0465854932639575,0.0522338426974426,-0.221730033884043,0.559957024664695,-0.476889554013191,NA
"GATCGTATCCTTTCTC_EBUS_13","P1013","EBUS_13","mLN","4","Exploratory_High_EMT_4","Patient_Specific_Exploratory","S",7.97078629911342,0.587179854046006,0.348986135426769,0.874152192728734,-0.112749588310602,-0.533646529571473,NA
"GATCGTATCGGCTACG_EBUS_19","P1019","EBUS_19","mLN","0","Malignant_Hybrid_EMT_tS1","Core_Shared_State","G1",13.7820512820513,0.103424546532663,0.00505580643770731,-0.325850364075234,-0.0417344400149347,-0.0941033595864241,34.552537163581
"GATCTAGTCGGTCCGA_EBUS_51","P1051","EBUS_51","mLN","0","Malignant_Hybrid_EMT_tS1","Core_Shared_State","G1",5.09331813648668,0.165741022972835,0.0137428697773217,0.341083825406452,-0.135831749056219,-0.37799139230665,26.8254017569839
"GATGAAAAGCTGCAAG_EBUS_19","P1019","EBUS_19","mLN","0","Malignant_Hybrid_EMT_tS1","Core_Shared_State","G1",12.107927883428,0.210532021695162,-0.148582846927064,-0.127180863043681,-0.159367093675413,-0.451535039213037,37.6160882898298
"GATGAAAGTCCCTTGT_EBUS_10","P1010","EBUS_10","mLN","1","Malignant_Differentiated_tS2","Core_Shared_State","G2M",0.074019245003701,0.129123004772197,-0.0659190856637747,0.341869861720765,-0.0315671102414188,0.0661579085188775,17.5510988153493
"GATGCTACAAACTGCT_EBUS_10","P1010","EBUS_10","mLN","6","Exploratory_Cycling_6","Patient_Specific_Exploratory","G2M",0.0519210799584631,0.295374991432676,-0.0696229067260048,0.705277978044844,-0.0543572410480744,-0.411281314614796,NA
"GATGCTATCAGGTTCA_NS_02","P3002","NS_02","mBrain","3","Exploratory_State_3","Patient_Specific_Exploratory","G1",7.22977346278317,0.0167244419998896,-0.0128974391646539,-0.0845800400099944,-0.127005314028492,-0.552306906443772,NA
"GATTCAGGTATATCCG_EBUS_19","P1019","EBUS_19","mLN","5","Exploratory_High_LungDiff_5","Patient_Specific_Exploratory","G1",9.31660786619626,-0.225197470258331,-0.121014094318848,-0.295037835397545,-0.0828196145850646,0.488505476221912,NA
"GCAAACTTCCTTGCCA_EBUS_10","P1010","EBUS_10","mLN","2","Malignant_Cycling_tS3","Core_Shared_State","G1",2.06250894298972,-0.120990760826071,-0.172572158605785,-0.241744523798389,-0.00534757900423674,-0.302352999669203,47.1898513935571
"GCACATAAGGAGCGAG_NS_16","P3016","NS_16","mBrain","9","Exploratory_High_Stemness_9","Patient_Specific_Exploratory","G1",13.530898231105,-0.141970353633845,-0.103410213505321,-0.11704015798567,-0.0977982584566094,-0.441597796562119,NA
"GCAGCCAAGTATTGGA_NS_07","P3007","NS_07","mBrain","1","Malignant_Differentiated_tS2","Core_Shared_State","G1",8.32196452933151,-0.0344134939003736,0.0569065811397318,-0.380712552722103,-0.100705739941665,-0.285523816443331,19.3314808191549
"GCATACATCGAGGTAG_NS_19","P3019","NS_19","mBrain","1","Malignant_Differentiated_tS2","Core_Shared_State","S",2.99606231809622,-0.0359833769301247,-0.178138436867198,-0.137195137891394,0.248877008537085,-0.41927266556113,21.4223844540227
"GCATACATCTGCAGTA_EBUS_51","P1051","EBUS_51","mLN","0","Malignant_Hybrid_EMT_tS1","Core_Shared_State","G1",3.55229212145267,-0.0675135591699905,0.122717203016577,-0.114654589587015,-0.118182173144624,0.476110496597125,24.3877521930449
"GCATGCGAGAGATGAG_NS_12","P3012","NS_12","mBrain","0","Malignant_Hybrid_EMT_tS1","Core_Shared_State","G1",0.443458980044346,0.0125773069882886,0.190749736013894,0.283083050085117,-0.0895945019292218,-0.48213542352291,26.7379196345411
"GCATGCGGTTGGGACA_NS_12","P3012","NS_12","mBrain","2","Malignant_Cycling_tS3","Core_Shared_State","G2M",2.5170525506773,0.120010109767051,-0.0572769853803566,0.135321598773957,0.0792810756317149,0.429686423252986,48.0381279461675
"GCATGTACAAGCCCAC_NS_16","P3016","NS_16","mBrain","9","Exploratory_High_Stemness_9","Patient_Specific_Exploratory","G1",3.93307468477207,-0.116071209827456,0.0585740474649826,-0.352199853231863,-0.157036802604234,-0.603726250651201,NA
"GCATGTAGTCACTTCC_BRONCHO_58","P1058","BRONCHO_58","tL/B","0","Malignant_Hybrid_EMT_tS1","Core_Shared_State","G1",3.71289922130685,0.100042166766463,-0.0677254746208725,0.193570834245643,-0.11995291201438,0.38591045132691,35.517057382266
"GCATGTAGTGTGCCTG_EBUS_06","P1006","EBUS_06","tL/B","4","Exploratory_High_EMT_4","Patient_Specific_Exploratory","G2M",2.97532656023222,-0.128398083335404,-0.0663491973670713,-0.0311936000335136,0.195438760430937,-0.388478007850658,NA
"GCCAAATCAAGCCGCT_NS_04","P3004","NS_04","mBrain","8","Exploratory_State_8","Patient_Specific_Exploratory","G1",4.05405405405405,0.0267617490627778,-0.108691854113491,0.187534395294003,-0.151283878543027,-0.350378163412254,NA
"GCGACCAGTTTGTTGG_NS_17","P3017","NS_17","mBrain","7","Exploratory_State_7","Patient_Specific_Exploratory","G1",18.515018284916,0.0378672247094148,-0.105748433613275,0.297428356612482,-0.16830725980436,-0.237074297329519,NA
"GCGAGAAAGGCTCTTA_NS_04","P3004","NS_04","mBrain","1","Malignant_Differentiated_tS2","Core_Shared_State","G1",2.08197787898504,0.156037716586478,-0.0689480619180414,0.631558787973093,0.307936330941518,-0.445843891036781,15.8132221919479
"GCGAGAACAATAGCGG_BRONCHO_11","P1011","BRONCHO_11","mLN","0","Malignant_Hybrid_EMT_tS1","Core_Shared_State","G1",7.04316083315439,0.128118872381449,-0.0526296294264311,0.152899080600564,-0.154567322747006,-0.278266344562415,34.1571510507775
"GCGAGAATCTTGACGA_EBUS_13","P1013","EBUS_13","mLN","4","Exploratory_High_EMT_4","Patient_Specific_Exploratory","G1",0.704817329453605,0.774693695059718,0.145656869152465,0.734335390602447,-0.137777277972336,-0.50679067588001,NA
"GCGCAGTAGCACAGGT_EBUS_06","P1006","EBUS_06","tL/B","1","Malignant_Differentiated_tS2","Core_Shared_State","S",0,-0.0893284189591809,0.231060276953824,-0.0679874164970157,-0.0739578339018703,-0.352037805357508,16.0970164725812
"GCGCCAACACTATCTT_EBUS_51","P1051","EBUS_51","mLN","3","Exploratory_State_3","Patient_Specific_Exploratory","G1",3.10429019881409,-0.00105600719143203,-0.0376181795726947,0.381803604527045,-0.116127243081388,0.582081934941283,NA
"GCGCCAATCAAAGTAG_EBUS_49","P1049","EBUS_49","tL/B","1","Malignant_Differentiated_tS2","Core_Shared_State","S",0.10872519706442,-0.0898323637078365,-0.119173400524965,-0.311587166386568,0.0534083173079924,-0.455847012676804,21.6450298541024
"GCGGGTTAGAAGGTGA_NS_17","P3017","NS_17","mBrain","1","Malignant_Differentiated_tS2","Core_Shared_State","G2M",0.305498981670061,0.270560326307891,-0.10522903366598,0.395973222984189,-0.100394946628466,-0.430670793055741,17.4326412844391
"GCGGGTTAGATGTTAG_BRONCHO_58","P1058","BRONCHO_58","tL/B","1","Malignant_Differentiated_tS2","Core_Shared_State","G2M",0.163800163800164,0.234682899361657,-0.0525867153939051,0.041225412470912,-0.0541004104281503,0.00880775350046448,18.2487386129255
"GCGGGTTCAAGCCGTC_NS_19","P3019","NS_19","mBrain","6","Exploratory_Cycling_6","Patient_Specific_Exploratory","G2M",1.56133828996283,-0.12308208732613,-0.0785176390559362,-0.182019920738278,0.464917826419968,-0.0925858045957762,NA
"GCGGGTTCAAGCCTAT_NS_07","P3007","NS_07","mBrain","1","Malignant_Differentiated_tS2","Core_Shared_State","S",0.333778371161549,-0.0987444681808328,-0.0827578404176763,-0.117059695282536,-0.0497083468806359,-0.39553322870592,16.0735916596715
"GCTCTGTCAGCATGAG_EBUS_13","P1013","EBUS_13","mLN","4","Exploratory_High_EMT_4","Patient_Specific_Exploratory","S",4.55521106606249,0.608562459405405,0.544558186220854,1.26575776204185,-0.0583309315827782,-0.532870251240614,NA
"GCTCTGTCATTCACTT_NS_19","P3019","NS_19","mBrain","6","Exploratory_Cycling_6","Patient_Specific_Exploratory","G2M",8.73480414227825,0.0585660036608557,-0.0970342880898397,0.28459209495387,-0.0901121020368555,-0.472712180027339,NA
"GCTCTGTGTTTCCACC_EBUS_15","P1015","EBUS_15","mLN","2","Malignant_Cycling_tS3","Core_Shared_State","G2M",3.23240295615986,-0.128092570424147,0.0852590736324381,-0.145707598114536,0.178987904190514,-0.552717019314098,56.3666273985684
"GCTGCAGGTGCACCAC_EBUS_15","P1015","EBUS_15","mLN","0","Malignant_Hybrid_EMT_tS1","Core_Shared_State","G1",5.71260372915511,-0.100445896593222,-0.0214553263639377,-0.101623393750246,-0.161398803539355,-0.590021737993119,35.8567942850146
"GCTGCTTCACGACTCG_EBUS_49","P1049","EBUS_49","tL/B","2","Malignant_Cycling_tS3","Core_Shared_State","G2M",10.0634733190641,-0.109845025258666,-0.145582621203569,-0.0750640578309291,0.430590534119368,-0.500238311712543,58.104919872587
"GCTGCTTCATACCATG_NS_17","P3017","NS_17","mBrain","1","Malignant_Differentiated_tS2","Core_Shared_State","G1",4.2094206996849,0.0533840031407216,-0.153714534898412,0.369168507347293,-0.140038732317236,-0.540735915409404,22.879017033198
"GCTGGGTAGGCCCGTT_NS_12","P3012","NS_12","mBrain","10","Exploratory_State_10","Patient_Specific_Exploratory","G1",1.49338771103847,0.133829855508587,-0.151686804862376,0.058134411387006,-0.0112925436511805,-0.203649313492847,NA
"GCTTCCAAGGGCTTGA_EBUS_15","P1015","EBUS_15","mLN","0","Malignant_Hybrid_EMT_tS1","Core_Shared_State","S",7.1985719275098,-0.0643747029143025,-0.0515318848137088,-0.0709381030531812,0.168379566964841,0.597351366000082,30.8817170854107
"GCTTCCAGTTATCGGT_NS_04","P3004","NS_04","mBrain","8","Exploratory_State_8","Patient_Specific_Exploratory","G1",6.95376942259735,0.160200364590629,0.0157080818134595,0.242148415073255,-0.0914898213114283,-0.210283089299967,NA
"GCTTGAAAGGCTATCT_EBUS_19","P1019","EBUS_19","mLN","2","Malignant_Cycling_tS3","Core_Shared_State","G2M",9.38772374587078,-0.180429111124155,-0.20145472521941,-0.210761099767363,0.755341498053143,0.15612255750864,57.678377693275
"GCTTGAACAGACGTAG_BRONCHO_58","P1058","BRONCHO_58","tL/B","0","Malignant_Hybrid_EMT_tS1","Core_Shared_State","G1",7.69025367156208,0.100708492335806,-0.0126292410881915,0.455703295716576,-0.0902005189419426,0.375469602793218,35.273092824427
"GCTTGAATCTTGCCGT_EBUS_49","P1049","EBUS_49","tL/B","4","Exploratory_High_EMT_4","Patient_Specific_Exploratory","G1",13.8103014520899,-0.050348297052091,0.000248242985254249,-0.116216839735895,-0.0577480025741907,-0.489352502182038,NA
"GGAAAGCCAGTGAGTG_NS_04","P3004","NS_04","mBrain","8","Exploratory_State_8","Patient_Specific_Exploratory","G1",6.29443549151578,0.0351445997403802,0.0346348229036272,0.36342713103085,-0.137471068788071,-0.0841525116912512,NA
"GGAACTTAGGCAAAGA_EBUS_15","P1015","EBUS_15","mLN","6","Exploratory_Cycling_6","Patient_Specific_Exploratory","G2M",1.83968462549277,0.114410409289737,0.243803949381135,0.461112110005184,0.59321573277087,-0.145977669152719,NA
"GGAACTTCATGGTCAT_EBUS_49","P1049","EBUS_49","tL/B","4","Exploratory_High_EMT_4","Patient_Specific_Exploratory","G1",9.81050763673237,-0.0758489188026069,-0.076163005238435,0.0263600823385921,-0.02878305596806,-0.549796496637012,NA
"GGAACTTTCAGGTAAA_NS_06","P3006","NS_06","mBrain","0","Malignant_Hybrid_EMT_tS1","Core_Shared_State","G1",4.34059524560187,-0.0902995719166937,0.306800595224021,-0.404649355346324,-0.038413998630801,0.00273118574249331,34.9440779840845
"GGACAAGAGATGTCGG_NS_19","P3019","NS_19","mBrain","2","Malignant_Cycling_tS3","Core_Shared_State","G2M",15.7540453074434,-0.0382680707489765,-0.085743094056832,-0.00571036249469237,0.279225408845104,-0.149898727243523,55.6907250011026
"GGACAAGTCAACCAAC_NS_16","P3016","NS_16","mBrain","9","Exploratory_High_Stemness_9","Patient_Specific_Exploratory","G1",8.31376232973227,-0.143542514085645,0.113064817218633,-0.120922587112541,-0.147337226859639,-0.418261013160306,NA
"GGACAAGTCTGCTTGC_EBUS_06","P1006","EBUS_06","tL/B","1","Malignant_Differentiated_tS2","Core_Shared_State","G2M",0.114678899082569,-0.140546315525513,-0.0804132976105216,-0.520559618872685,-0.0779336539762386,-0.465196370008375,16.4712830284137
"GGACAGAAGATAGGAG_NS_07","P3007","NS_07","mBrain","3","Exploratory_State_3","Patient_Specific_Exploratory","G1",12.1719886184003,0.0599146436500942,-0.157826812337739,-0.127066610862993,-0.0428278110169413,-0.000748245534276881,NA
"GGACATTAGTCACGCC_EBUS_28","P1028","EBUS_28","tL/B","0","Malignant_Hybrid_EMT_tS1","Core_Shared_State","G1",3.74279563919172,-0.121957465394313,-0.131810235569837,-0.370169584778539,-0.0190025808507027,0.0946320667559624,36.5219056260491
"GGACGTCTCTGGTATG_BRONCHO_58","P1058","BRONCHO_58","tL/B","1","Malignant_Differentiated_tS2","Core_Shared_State","G1",5.53861788617886,-0.107359040773173,0.511431730750876,-0.416773450428402,-0.0599407487589968,-0.352609190462504,22.295235457068
"GGAGCAAAGATGCCAG_BRONCHO_58","P1058","BRONCHO_58","tL/B","0","Malignant_Hybrid_EMT_tS1","Core_Shared_State","G1",5.67136285221392,0.107572439135971,-0.0314748938280181,0.2493850860418,-0.133021780080079,0.367414765233523,35.4051500541815
"GGATGTTCAGTGGGAT_NS_03","P3003","NS_03","mBrain","0","Malignant_Hybrid_EMT_tS1","Core_Shared_State","G1",10.4038975326104,-0.170267176815091,-0.118079156235369,0.167080578034865,-0.108236346561989,-0.507005393141733,34.6708627347193
"GGATGTTTCATGTAGC_EBUS_15","P1015","EBUS_15","mLN","1","Malignant_Differentiated_tS2","Core_Shared_State","S",6.46672914714152,-0.112890298136186,-0.0520094485477542,-0.398136356736818,-0.0380344184546834,-0.329233097784783,20.2447973294742
"GGATTACCACTTCTGC_EBUS_12","P1012","EBUS_12","mLN","0","Malignant_Hybrid_EMT_tS1","Core_Shared_State","G1",18.9689358889623,-0.0596671773943976,-0.135196120465484,0.0304870046321504,-0.151842919637483,-0.22261662937524,31.8022111388179
"GGATTACGTAGGCTGA_NS_04","P3004","NS_04","mBrain","8","Exploratory_State_8","Patient_Specific_Exploratory","G1",9.37514221999727,-0.148219348045539,0.0831729751582069,-0.0784182735137122,-0.00776774277564002,0.373066897593275,NA
"GGCAATTAGCAGATCG_EBUS_12","P1012","EBUS_12","mLN","0","Malignant_Hybrid_EMT_tS1","Core_Shared_State","G2M",8.12839311400863,0.171707570613853,-0.144984871510764,0.115237967348796,0.0990157166485867,-0.000281604817211289,39.3913249604496
"GGCAATTAGGACGAAA_NS_17","P3017","NS_17","mBrain","7","Exploratory_State_7","Patient_Specific_Exploratory","G1",1.39565341955552,-0.200827796025164,-0.111371246895124,-0.100428695238326,-0.133796307391921,-0.481606499517658,NA
"GGCAATTCATGCCTAA_NS_16","P3016","NS_16","mBrain","9","Exploratory_High_Stemness_9","Patient_Specific_Exploratory","G1",2.29166666666667,-0.185231518539033,0.136587606270742,-0.162126188255313,-0.12111560096754,-0.565468577756218,NA
"GGCCGATTCTCTGCTG_BRONCHO_11","P1011","BRONCHO_11","mLN","2","Malignant_Cycling_tS3","Core_Shared_State","S",7.6641411233678,-0.0993253289794073,-0.119416961483066,-0.0918179184525106,0.585568639858822,-0.358364149628365,49.3649512464702
"GGCGACTGTACAGTTC_BRONCHO_11","P1011","BRONCHO_11","mLN","0","Malignant_Hybrid_EMT_tS1","Core_Shared_State","G1",7.85106511375294,0.172400513409437,0.111357777046102,0.321863931983795,-0.156326149166939,-0.41400830826001,36.8473306775308
"GGCGTGTAGCGATGAC_NS_13","P3013","NS_13","mBrain","5","Exploratory_High_LungDiff_5","Patient_Specific_Exploratory","G1",1.1059500110595,0.00304250821220955,-0.147332779355179,-0.441133187945148,-0.107178584185107,1.21830040198963,NA
"GGCGTGTCAATAACGA_NS_19","P3019","NS_19","mBrain","2","Malignant_Cycling_tS3","Core_Shared_State","G2M",9.81029521475008,0.127916622028757,0.0863211685359978,0.0512682259491014,0.276343246568755,-0.460971953781481,57.7861966433356
"GGCGTGTTCTCCGGTT_BRONCHO_11","P1011","BRONCHO_11","mLN","2","Malignant_Cycling_tS3","Core_Shared_State","G2M",9.85659618878281,0.060626227957305,-0.0844016209626569,0.134516329913685,0.446092337446637,-0.121379543853927,59.919137223036
"GGCTCGATCTTAGCCC_NS_19","P3019","NS_19","mBrain","6","Exploratory_Cycling_6","Patient_Specific_Exploratory","G2M",0.631199278629396,0.0644611566400008,-0.116991423131473,-0.242933900298778,-0.14226550725958,-0.373608641913099,NA
"GGCTGGTCATCTCGCT_NS_02","P3002","NS_02","mBrain","3","Exploratory_State_3","Patient_Specific_Exploratory","G1",7.6549139041818,0.172555275169535,-0.0953270688090725,0.07411763616945,-0.103185459353237,-0.514362116194715,NA
"GGCTGGTGTGTGGCTC_EBUS_13","P1013","EBUS_13","mLN","4","Exploratory_High_EMT_4","Patient_Specific_Exploratory","G1",0.619524405506884,0.586993211122141,0.0781935683933452,0.76712340066674,-0.162465684565791,-0.438915872932435,NA
"GGGAATGGTAACGCGA_EBUS_19","P1019","EBUS_19","mLN","0","Malignant_Hybrid_EMT_tS1","Core_Shared_State","G1",13.9080411150121,0.115475342993631,0.0409746750097371,-0.0622605542472752,-0.128065536015514,-0.173726006544469,36.3647165779484
"GGGAGATAGAGCTGCA_NS_04","P3004","NS_04","mBrain","8","Exploratory_State_8","Patient_Specific_Exploratory","G1",11.8415366146459,-0.0648857320898686,-0.160298896659321,-0.080750816956457,-0.135273462535611,-0.301003426114082,NA
"GGGATGAAGCGCCTTG_EBUS_51","P1051","EBUS_51","mLN","3","Exploratory_State_3","Patient_Specific_Exploratory","G1",5.08041237113402,-0.0355226278189388,0.156107425790575,-0.0598627691496884,-0.143695792440779,-0.0251433670907514,NA
"GGGATGAAGTGAACAT_NS_03","P3003","NS_03","mBrain","2","Malignant_Cycling_tS3","Core_Shared_State","G2M",5.7476724301729,-0.176110533926935,0.0566950766760035,-0.227355242564297,0.317427541510823,-0.381634153326074,54.2907654136681
"GGGATGATCATTGCGA_NS_17","P3017","NS_17","mBrain","7","Exploratory_State_7","Patient_Specific_Exploratory","G1",18.4967138361414,-0.06270435776295,-0.140819382527924,0.13360051651505,-0.145192809971744,-0.498082021766927,NA
"GGGCACTAGAATGTGT_NS_02","P3002","NS_02","mBrain","3","Exploratory_State_3","Patient_Specific_Exploratory","G1",18.0792079207921,0.0469617550136202,-0.00663356187884719,-0.137383701172385,-0.00105218681974431,-0.519432721936129,NA
"GGGCACTTCAGATAAG_NS_04","P3004","NS_04","mBrain","8","Exploratory_State_8","Patient_Specific_Exploratory","G1",11.9505962521295,-0.0713733659231531,-0.069718120235061,-0.126936222733108,-0.137981528007666,-0.0459038045016078,NA
"GGGCACTTCTTCTGGC_NS_13","P3013","NS_13","mBrain","1","Malignant_Differentiated_tS2","Core_Shared_State","G1",6.09348914858097,-0.075206303790173,-0.0813348504815664,-0.194206765462781,-0.105626231256805,1.20535190747185,18.43618715768
"GGGCATCGTGCCTGCA_EBUS_19","P1019","EBUS_19","mLN","0","Malignant_Hybrid_EMT_tS1","Core_Shared_State","G1",11.0822587034021,0.420030707328329,-0.071897107584829,0.317952204302751,-0.158732094009274,-0.142094568955362,34.9500449761833
"GGGTCTGCACCAGGTC_EBUS_19","P1019","EBUS_19","mLN","5","Exploratory_High_LungDiff_5","Patient_Specific_Exploratory","G1",12.8666546697859,-0.163151582333075,-0.18355698228163,-0.000565991404295474,-0.164172580589164,0.9059644882012,NA
"GGGTCTGTCGTGGTCG_NS_04","P3004","NS_04","mBrain","8","Exploratory_State_8","Patient_Specific_Exploratory","G1",14.0218588494451,0.0855834706810225,-0.0479094546572981,0.273190538735586,-0.110586706173627,0.59581520874474,NA
"GGGTTGCAGTTGTAGA_EBUS_28","P1028","EBUS_28","tL/B","2","Malignant_Cycling_tS3","Core_Shared_State","S",5.11444921316166,-0.139835202560875,0.0247604614852315,-0.126417285834365,0.283708541869107,-0.217871663111957,48.0670189781889
"GGTATTGCATGACATC_EBUS_10","P1010","EBUS_10","mLN","2","Malignant_Cycling_tS3","Core_Shared_State","G2M",5.88456901748041,-0.119730964570622,-0.143587460052816,-0.282679859392046,0.309351842315758,-0.476881968221898,52.8262089072557
"GGTATTGGTGAGCGAT_EBUS_51","P1051","EBUS_51","mLN","3","Exploratory_State_3","Patient_Specific_Exploratory","G1",3.24243162081,0.0777607716599484,0.0232571167676408,0.366323760457452,-0.110930767728996,0.390113627699379,NA
"GGTGCGTAGATCGGGT_NS_17","P3017","NS_17","mBrain","7","Exploratory_State_7","Patient_Specific_Exploratory","G1",13.927268707859,-0.0354528724820316,-0.120311214854648,-0.0188384941864458,-0.130533476023212,-0.39680768266683,NA
"GGTGCGTAGTCTCGGC_NS_17","P3017","NS_17","mBrain","1","Malignant_Differentiated_tS2","Core_Shared_State","S",18.1694453895883,0.128070539198554,-0.0699445397724617,-0.133523904937588,0.239196795813871,-0.383351171066581,16.4159296176868
"GGTGTTACATCGACGC_EBUS_49","P1049","EBUS_49","tL/B","1","Malignant_Differentiated_tS2","Core_Shared_State","S",0,-0.0959079351349379,-0.0548600492056808,-0.425788135267183,-0.0265809964241262,-0.309948718517146,18.8088029941014
"GTAACGTTCAACTCTT_EBUS_10","P1010","EBUS_10","mLN","2","Malignant_Cycling_tS3","Core_Shared_State","G2M",3.72514184193937,-0.000623518976201359,-0.0378852833238995,-0.170760853133967,0.237540216363404,-0.53090869752804,52.5053671047944
"GTACGTAAGCGTTTAC_EBUS_19","P1019","EBUS_19","mLN","0","Malignant_Hybrid_EMT_tS1","Core_Shared_State","S",17.4106134738427,0.0749062106835225,-0.126254495770635,-0.250040931376937,-0.108804456386418,-0.0894542891117053,36.5151162098799
"GTACGTACAAGAAAGG_NS_13","P3013","NS_13","mBrain","2","Malignant_Cycling_tS3","Core_Shared_State","S",16.2403474903475,-0.176294834506687,-0.159961891690184,0.245549827883943,0.854341992583274,2.06817349794675,56.0812231178427
"GTACGTATCTTCTGGC_EBUS_06","P1006","EBUS_06","tL/B","1","Malignant_Differentiated_tS2","Core_Shared_State","G1",3.25638911788953,-0.126311563061301,-0.0864162702828298,0.230166295454995,-0.0779014493783225,-0.110828446786468,18.6258691517016
"GTACTCCAGCTAGTGG_NS_16","P3016","NS_16","mBrain","9","Exploratory_High_Stemness_9","Patient_Specific_Exploratory","G1",3.75647668393782,-0.198535705900196,0.120190605149646,-0.0879179570911119,-0.142446595942665,-0.509037205614956,NA
"GTACTCCGTCCGTCAG_BRONCHO_58","P1058","BRONCHO_58","tL/B","0","Malignant_Hybrid_EMT_tS1","Core_Shared_State","G1",5.46533620296093,0.110767230319213,0.0203035284559242,0.288141326364008,-0.12267929677674,0.424639993366578,33.7583439861311
"GTACTCCGTGTGCCTG_EBUS_19","P1019","EBUS_19","mLN","2","Malignant_Cycling_tS3","Core_Shared_State","G2M",14.5429694173928,-0.158820431655785,-0.0247365000560905,-0.0183934072827222,0.300915215259686,0.905036607169514,56.6356445640528
"GTACTTTCAAGTCTGT_EBUS_10","P1010","EBUS_10","mLN","0","Malignant_Hybrid_EMT_tS1","Core_Shared_State","G1",6.53427710053742,-0.00373019120195048,-0.0879036576727723,-0.295157785395439,-0.110623937392072,-0.14764979829929,35.9288167799335
"GTACTTTTCCCGACTT_EBUS_28","P1028","EBUS_28","tL/B","0","Malignant_Hybrid_EMT_tS1","Core_Shared_State","G1",2.68938083708059,0.0518115285547147,0.0903705375173172,-0.223954363924336,-0.0938539035761278,-0.0138232570899282,38.0390680424796
"GTACTTTTCTAACGGT_NS_16","P3016","NS_16","mBrain","9","Exploratory_High_Stemness_9","Patient_Specific_Exploratory","G1",1.23431392717548,-0.173212415106833,-0.0391333845981934,-0.606292660992364,-0.113382606054066,-0.553798554292718,NA
"GTAGGCCAGACGACGT_EBUS_06","P1006","EBUS_06","tL/B","6","Exploratory_Cycling_6","Patient_Specific_Exploratory","G2M",0.140805406927626,-0.14846015203908,-0.10269719679409,-0.302549724431791,-0.0979342779361036,-0.433731930864844,NA
"GTAGGCCCACCGTTGG_NS_12","P3012","NS_12","mBrain","1","Malignant_Differentiated_tS2","Core_Shared_State","G1",0.698412698412698,-0.106989693585229,-0.0762089646875638,-0.0991974133596111,-0.031683642274643,0.672064833940343,17.4593078240277
"GTAGGCCGTCACTTCC_EBUS_51","P1051","EBUS_51","mLN","3","Exploratory_State_3","Patient_Specific_Exploratory","S",3.09181382365435,0.0234413063549311,0.0626727733627557,0.0885231179941836,-0.0470483566878251,0.0836547868753881,NA
"GTAGGCCGTGACTCAT_EBUS_49","P1049","EBUS_49","tL/B","6","Exploratory_Cycling_6","Patient_Specific_Exploratory","G2M",0.0438644588222393,-0.175697028561932,-0.013265702724937,-0.509208145051555,0.535055117875282,-0.353493192669387,NA
"GTAGGCCTCTCTTATG_NS_19","P3019","NS_19","mBrain","1","Malignant_Differentiated_tS2","Core_Shared_State","S",8.09294871794872,-0.101665147149029,-0.0624857179732462,-0.10017668693273,-0.0178751875213095,0.0208395738390306,19.0611201750165
"GTAGTCAAGGGCTTCC_EBUS_28","P1028","EBUS_28","tL/B","0","Malignant_Hybrid_EMT_tS1","Core_Shared_State","G1",17.6499150279194,-0.12207287122926,0.0685635417893032,-0.142338299295391,-0.06727772929698,0.130197191926777,36.9068845481416
"GTATCTTTCTTGCCGT_NS_12","P3012","NS_12","mBrain","10","Exploratory_State_10","Patient_Specific_Exploratory","G1",0.495049504950495,-0.00814614420516996,-0.0851383029250977,-0.174969287228486,-0.169397941264135,-0.0192959391511012,NA
"GTATTCTGTACTCTCC_NS_07","P3007","NS_07","mBrain","2","Malignant_Cycling_tS3","Core_Shared_State","G2M",3.35607854059323,0.046571298815093,-0.0274653723967543,0.283850736618395,0.58580777194196,-0.406527495897018,58.8711046854514
"GTCAAGTGTAAGCACG_EBUS_06","P1006","EBUS_06","tL/B","4","Exploratory_High_EMT_4","Patient_Specific_Exploratory","G1",3.55782721988374,-0.217561333252371,-0.238853624795002,0.0121603738084625,-0.232325439813036,-0.118468933580638,NA
"GTCAAGTGTTCGTGAT_NS_12","P3012","NS_12","mBrain","10","Exploratory_State_10","Patient_Specific_Exploratory","G1",11.7157794676806,0.203048917641066,-0.144010636812932,0.045468745592839,-0.121484662209971,0.110343574616419,NA
"GTCAAGTGTTTGTTGG_EBUS_15","P1015","EBUS_15","mLN","0","Malignant_Hybrid_EMT_tS1","Core_Shared_State","G2M",6.65495942836381,0.139853368005194,0.207895546129858,0.185195222486891,-0.040019797752333,-0.542551212606203,37.5669369933592
"GTCACAACAGTATCTG_NS_13","P3013","NS_13","mBrain","1","Malignant_Differentiated_tS2","Core_Shared_State","G1",4.01146131805158,-0.130952290904509,-0.117054869343903,0.0476025730168157,-0.131757158125195,2.10181594296714,22.2209270113099
"GTCACAATCCTTTCGG_NS_16","P3016","NS_16","mBrain","9","Exploratory_High_Stemness_9","Patient_Specific_Exploratory","G1",8.36778056789647,-0.173985652508617,0.0827144569528149,0.110557864397102,-0.164425713423112,-0.589209963973778,NA
"GTCACGGCACTTAACG_EBUS_51","P1051","EBUS_51","mLN","1","Malignant_Differentiated_tS2","Core_Shared_State","G1",13.964464186563,-0.00287726791721812,-0.0999759535660042,0.132339286341714,-0.139513898686554,0.901064788582113,21.4223844540227
"GTCCTCAAGAAGGACA_NS_13","P3013","NS_13","mBrain","5","Exploratory_High_LungDiff_5","Patient_Specific_Exploratory","G1",2.2508398656215,-0.184598968747578,-0.150095414932043,-0.145520809903071,-0.097204545626024,1.98026224980721,NA
"GTCCTCAAGTACGTTC_NS_06","P3006","NS_06","mBrain","0","Malignant_Hybrid_EMT_tS1","Core_Shared_State","G1",3.51322325144315,0.375986007066763,-0.0821681146912162,0.219371458606622,-0.0728854379088995,-0.378983609397256,29.891431932475
"GTCCTCATCCAAGTAC_NS_04","P3004","NS_04","mBrain","1","Malignant_Differentiated_tS2","Core_Shared_State","S",0.651465798045603,0.137382413352185,-0.0814592520026684,0.299405334899712,0.391832057374881,0.458981828512274,18.5710131933726
"GTCCTCATCCAAGTAC_NS_12","P3012","NS_12","mBrain","10","Exploratory_State_10","Patient_Specific_Exploratory","G1",0.399680255795364,-0.0361698432861131,-0.190658250769054,0.0375908804317938,-0.15985641603301,-0.0852725497893754,NA
"GTCGGGTGTGAGGGTT_BRONCHO_58","P1058","BRONCHO_58","tL/B","0","Malignant_Hybrid_EMT_tS1","Core_Shared_State","G1",16.5888841747985,-0.0496769886393744,0.0773376935154672,0.150933309395374,-0.0861540063555981,0.702637074471777,35.6309403794919
"GTCGTAAAGAATTCCC_EBUS_28","P1028","EBUS_28","tL/B","0","Malignant_Hybrid_EMT_tS1","Core_Shared_State","S",5.31716417910448,-0.178462736908471,0.126047533522897,-0.502776364843876,0.237929994327777,-0.421771971190833,34.9500449761833
"GTCGTAATCAAGGCTT_EBUS_49","P1049","EBUS_49","tL/B","1","Malignant_Differentiated_tS2","Core_Shared_State","G1",0.39549741405537,-0.172827207030791,-0.138492880694544,-0.26039593790935,-0.144496705799338,-0.415742419567401,23.0954056337046
"GTCTTCGAGCAGACTG_BRONCHO_58","P1058","BRONCHO_58","tL/B","0","Malignant_Hybrid_EMT_tS1","Core_Shared_State","G1",11.8167821401078,0.110119196450293,-0.104454969607629,0.57542578979913,-0.0749042172798813,-0.00683056435433266,35.6886513980694
"GTCTTCGAGTGGGATC_NS_12","P3012","NS_12","mBrain","1","Malignant_Differentiated_tS2","Core_Shared_State","G1",15.6885235455299,-0.00999963255184011,-0.123866324990949,-0.280031242977671,-0.193127449337909,-0.485792330017175,22.7903078076964
"GTGAAGGAGAATGTTG_EBUS_10","P1010","EBUS_10","mLN","6","Exploratory_Cycling_6","Patient_Specific_Exploratory","G2M",0.241545893719807,0.0819355377827872,-0.0708768104229597,-0.0426697181454512,0.336203261254817,-0.387168882661434,NA
"GTGCAGCGTTTGACTG_EBUS_28","P1028","EBUS_28","tL/B","0","Malignant_Hybrid_EMT_tS1","Core_Shared_State","G1",10.9398496240602,-0.155549484470092,0.151019534538805,-0.119196348482177,-0.131652369345075,-0.325531089850604,34.6317021711997
"GTGCAGCTCTGAAAGA_NS_16","P3016","NS_16","mBrain","1","Malignant_Differentiated_tS2","Core_Shared_State","G1",11.9969040247678,-0.14927898375384,0.182390463572655,-0.155206772373406,-0.103313336484736,-0.435660350945232,20.0922858029215
"GTGCATAAGTAGTGCG_NS_07","P3007","NS_07","mBrain","1","Malignant_Differentiated_tS2","Core_Shared_State","G1",11.7625503847563,-0.114195806068727,-0.0955694556586579,-0.205571110365743,-0.0688594461170043,-0.365883690261231,20.9420670283028
"GTGCATACATCACCCT_EBUS_28","P1028","EBUS_28","tL/B","0","Malignant_Hybrid_EMT_tS1","Core_Shared_State","G1",6.66158148995678,-0.178035385638126,0.115197620751987,-0.104487700915577,-0.128945259656179,-0.411132484384966,35.6525088749442
"GTGCATAGTGTCTGAT_NS_17","P3017","NS_17","mBrain","7","Exploratory_State_7","Patient_Specific_Exploratory","G1",3.02074078612788,-0.0924863769396813,-0.124237653030057,0.122422706571611,-0.0272422074180555,-0.56732376222403,NA
"GTGCGGTTCAACGAAA_EBUS_28","P1028","EBUS_28","tL/B","0","Malignant_Hybrid_EMT_tS1","Core_Shared_State","G1",11.6572352465643,-0.174840667876332,0.00536150969434096,-0.436930091095978,-0.116335586278842,-0.521236074294394,35.0025556080387
"GTGCTTCAGTGTTAGA_NS_03","P3003","NS_03","mBrain","0","Malignant_Hybrid_EMT_tS1","Core_Shared_State","G1",8.88062409288824,0.00284743927312062,0.0695699315340083,-0.00537422356759931,-0.111449049634587,-0.364691892333553,28.6146175695901
"GTGCTTCTCAGCAACT_NS_17","P3017","NS_17","mBrain","7","Exploratory_State_7","Patient_Specific_Exploratory","G2M",13.9608196352173,0.131883502982141,0.143240001738125,0.443536847106293,-0.0520901125447316,-0.285816362912048,NA
"GTGGGTCAGCGTTTAC_EBUS_15","P1015","EBUS_15","mLN","6","Exploratory_Cycling_6","Patient_Specific_Exploratory","G2M",1.5379113018598,-0.153521441979852,-0.0645105614493395,-0.519552447520806,0.259736015583984,-0.463939254882674,NA
"GTGTGCGCAGCCTGTG_NS_16","P3016","NS_16","mBrain","0","Malignant_Hybrid_EMT_tS1","Core_Shared_State","G1",1.02957999673149,0.180321322822811,-0.128861901497984,-0.41982486446409,-0.133691727472837,-0.574667635768091,36.0354248643394
"GTGTGCGGTGCCTTGG_NS_02","P3002","NS_02","mBrain","3","Exploratory_State_3","Patient_Specific_Exploratory","G1",5.23006783462323,0.0239314468481487,-0.00239364384615026,-0.0254040260897516,-0.0864963756261637,-0.607496491879634,NA
"GTGTTAGAGAACTGTA_EBUS_13","P1013","EBUS_13","mLN","2","Malignant_Cycling_tS3","Core_Shared_State","G2M",5.74458831008063,0.277812936327661,0.31874415823749,0.603072297826077,0.67332910418603,-0.456562241083978,52.445752009182
"GTGTTAGCAGTCAGCC_NS_03","P3003","NS_03","mBrain","1","Malignant_Differentiated_tS2","Core_Shared_State","S",6.90463313502794,-0.135027087598755,-0.121371650427666,-0.287793760374025,-0.077124558847698,-0.0640279822896451,19.2111473194881
"GTTAAGCAGATGTTAG_BRONCHO_11","P1011","BRONCHO_11","mLN","0","Malignant_Hybrid_EMT_tS1","Core_Shared_State","G1",8.14869888475836,0.0576887892457981,-0.170329838169707,-0.0301803532160143,-0.0709336659410675,-0.320988992611188,36.0360993690529
"GTTAAGCCAATGAAAC_NS_12","P3012","NS_12","mBrain","10","Exploratory_State_10","Patient_Specific_Exploratory","G1",4.61158742530527,0.0647263178936895,0.108764700629937,0.0842557950770678,-0.0804258248746086,0.859804980176164,NA
"GTTAAGCCAGGGATTG_EBUS_28","P1028","EBUS_28","tL/B","0","Malignant_Hybrid_EMT_tS1","Core_Shared_State","G1",8.721251149954,-0.151760177266878,-0.117506648689239,-0.545680959820505,-0.114378896798967,-0.473976922463092,32.01136728076
"GTTAAGCGTCAGAATA_NS_13","P3013","NS_13","mBrain","1","Malignant_Differentiated_tS2","Core_Shared_State","G1",6.4,-0.110391512510216,-0.116911520240974,0.05952274476535,0.300647263346037,1.65471802745584,21.6643453387238
"GTTAAGCTCCAACCAA_EBUS_12","P1012","EBUS_12","mLN","2","Malignant_Cycling_tS3","Core_Shared_State","S",6.80242384269756,0.0516759653471197,-0.132445162280729,0.1226818837942,0.305355487318856,-0.524594424358165,45.9037008443531
"GTTAAGCTCTATCCTA_EBUS_15","P1015","EBUS_15","mLN","0","Malignant_Hybrid_EMT_tS1","Core_Shared_State","G1",4.61420429636124,-0.0426996613908888,-0.0658182038080349,0.0209738267617862,-0.17597514878075,-0.0730972471300469,28.5189852910839
"GTTACAGAGAGCAATT_EBUS_12","P1012","EBUS_12","mLN","0","Malignant_Hybrid_EMT_tS1","Core_Shared_State","G1",0.630999273394776,0.203438281055775,-0.151365190847787,0.389303729329331,-0.124996476263711,-0.604603647053075,35.4051500541815
"GTTACAGAGATCTGCT_EBUS_28","P1028","EBUS_28","tL/B","2","Malignant_Cycling_tS3","Core_Shared_State","G2M",6.83330840562369,-0.142424617657641,0.0243607219772376,-0.237007152739139,0.205924700871631,-0.0832531119873279,56.0114626957985
"GTTACAGCAGTCGTGC_NS_12","P3012","NS_12","mBrain","10","Exploratory_State_10","Patient_Specific_Exploratory","G1",4.80201244300699,-0.0582203989596878,-0.126715472329741,-0.248415042836999,-0.056606738379432,0.0735530026033958,NA
"GTTACAGGTCATCGGC_NS_13","P3013","NS_13","mBrain","1","Malignant_Differentiated_tS2","Core_Shared_State","G1",0.27124773960217,-0.0988343156253309,-0.0445846210389811,-0.435235864613435,-0.0328194089390953,1.9242419100252,14.9672714634501
"GTTACAGGTGCCTTGG_EBUS_06","P1006","EBUS_06","tL/B","4","Exploratory_High_EMT_4","Patient_Specific_Exploratory","S",0.597167718819314,-0.171877206570376,-0.138827904426499,-0.026580476594862,-0.126036597579537,-0.32966369853779,NA
"GTTCATTAGCAGACTG_NS_17","P3017","NS_17","mBrain","7","Exploratory_State_7","Patient_Specific_Exploratory","G1",0.52790346907994,0.118229969122469,-0.0860292215045478,0.4511715573656,-0.0569557081359937,0.171577252405083,NA
"GTTCGGGGTTTGTTTC_NS_02","P3002","NS_02","mBrain","1","Malignant_Differentiated_tS2","Core_Shared_State","G1",8.41503267973856,-0.0876186816223923,0.22209412536856,-0.34952498159512,-0.10038118245052,-0.295887287719582,22.6806419785266
"GTTCTCGAGACGCAAC_EBUS_28","P1028","EBUS_28","tL/B","0","Malignant_Hybrid_EMT_tS1","Core_Shared_State","G1",7.84833021122666,-0.000652802690645382,0.00823114344625334,0.0441223990984341,-0.0337636209877591,0.0287399173171509,32.2386713351105
"GTTCTCGAGGCGTACA_EBUS_51","P1051","EBUS_51","mLN","3","Exploratory_State_3","Patient_Specific_Exploratory","G1",6.75754060324826,-0.109534712787603,0.238695477351985,-0.169270090786141,-0.138255694472822,-0.378963871847683,NA
"GTTCTCGCAGGGCATA_EBUS_51","P1051","EBUS_51","mLN","3","Exploratory_State_3","Patient_Specific_Exploratory","G1",5.69725454232819,0.0728326967859475,0.0087292185566189,0.0553750150272533,-0.062658229969906,-0.0898125536237732,NA
"GTTCTCGGTAAGCACG_NS_04","P3004","NS_04","mBrain","1","Malignant_Differentiated_tS2","Core_Shared_State","G1",1.93105737840978,-0.0681522709148028,-0.0860650231989673,0.0296651923002175,-0.0636994977895797,-0.216979690540853,NA
"GTTCTCGGTAGCGCTC_EBUS_19","P1019","EBUS_19","mLN","5","Exploratory_High_LungDiff_5","Patient_Specific_Exploratory","G1",16.0991833508957,0.0178141520949147,-0.109401586667744,0.0351876854371322,-0.128116894003578,0.183543368249472,NA
"GTTCTCGGTTTGTTGG_NS_04","P3004","NS_04","mBrain","8","Exploratory_State_8","Patient_Specific_Exploratory","G1",10.5664419381261,0.131959448833391,-0.0296642727812572,0.349280829657136,-0.145365115240013,-0.432064147943776,NA
"GTTCTCGTCGTGGGAA_EBUS_51","P1051","EBUS_51","mLN","0","Malignant_Hybrid_EMT_tS1","Core_Shared_State","G1",2.94906838528475,0.0779368962913709,0.070717939967029,0.407737778587055,-0.0510802621092656,0.587271225339364,35.546806966367
"GTTTCTAAGTCTCGGC_EBUS_12","P1012","EBUS_12","mLN","2","Malignant_Cycling_tS3","Core_Shared_State","G2M",4.66208787285994,0.1996660466529,-0.113107300415482,0.234765908338186,0.365771941858902,-0.608161270766056,53.2589313114938
"GTTTCTAGTATCACCA_NS_12","P3012","NS_12","mBrain","10","Exploratory_State_10","Patient_Specific_Exploratory","G1",6.02098108747045,0.0383649804141512,-0.137800977942395,-0.0535399888811345,-0.140203490628853,0.571608669491746,NA
"GTTTCTAGTCATACTG_NS_16","P3016","NS_16","mBrain","9","Exploratory_High_Stemness_9","Patient_Specific_Exploratory","G1",10.6841611996251,-0.16848089378444,0.375690402520381,-0.160673145048838,-0.132289161316812,-0.46676585104817,NA
"TAAGAGACAACAACCT_NS_17","P3017","NS_17","mBrain","7","Exploratory_State_7","Patient_Specific_Exploratory","G1",0.297136682874122,0.0933010243420604,-0.128862853859685,0.244766570812881,-0.0964379139137921,-0.516585446603267,NA
"TAAGCGTCAAGTAGTA_EBUS_06","P1006","EBUS_06","tL/B","1","Malignant_Differentiated_tS2","Core_Shared_State","S",1.55884645362432,-0.0984570595537365,-0.0632924623732987,-0.305091357393316,-0.121889872267814,-0.296092844145724,22.7081891773088
"TAAGCGTGTCGGATCC_NS_02","P3002","NS_02","mBrain","1","Malignant_Differentiated_tS2","Core_Shared_State","G2M",1.30808011990734,-0.0441274941927469,-0.0727091873540945,-0.0578029200534357,-0.109897141493213,-0.554210235127646,NA
"TAAGTGCAGCTTTGGT_NS_03","P3003","NS_03","mBrain","2","Malignant_Cycling_tS3","Core_Shared_State","S",8.94960468993707,-0.168350275811016,-0.0101153478515732,-0.257977509961674,0.367881418314363,-0.385538711288417,44.6056603239369
"TAAGTGCTCCAAACTG_EBUS_10","P1010","EBUS_10","mLN","0","Malignant_Hybrid_EMT_tS1","Core_Shared_State","G1",6.75296756706234,-0.113988450129883,-0.0768322947732956,-0.257241273143539,-0.129749152985296,-0.349678718828555,44.2756166718822
"TACACGAAGTGCGTGA_EBUS_12","P1012","EBUS_12","mLN","0","Malignant_Hybrid_EMT_tS1","Core_Shared_State","G1",9.32430855409033,0.287419408268739,-0.140949844736321,0.358051997255365,0.0160106958514442,-0.486012039978682,36.7503714197041
"TACACGAGTTGGACCC_BRONCHO_11","P1011","BRONCHO_11","mLN","2","Malignant_Cycling_tS3","Core_Shared_State","G2M",5.32841280631899,0.082903000502937,0.257543595251195,0.138681462050552,0.544012866545776,-0.324548367461025,67.9321129505044
"TACAGTGAGACTGTAA_EBUS_06","P1006","EBUS_06","tL/B","2","Malignant_Cycling_tS3","Core_Shared_State","S",0,-0.182317203927208,0.599619250934603,0.61582027269084,0.607875766361579,-0.495134055634999,48.8266782427222
"TACAGTGCACTAGTAC_NS_02","P3002","NS_02","mBrain","3","Exploratory_State_3","Patient_Specific_Exploratory","G1",8.57713855125643,0.0194573020130804,0.210529049396012,0.105785994621694,-0.0721303066459812,-0.568262003137373,NA
"TACAGTGGTGAGTATA_NS_17","P3017","NS_17","mBrain","1","Malignant_Differentiated_tS2","Core_Shared_State","S",0.3487358326068,-0.102357662602634,-0.0813058935405397,-0.464384987160935,-0.0752533672606024,0.0157889448009762,17.5844582619998
"TACCTATAGACAGAGA_NS_02","P3002","NS_02","mBrain","3","Exploratory_State_3","Patient_Specific_Exploratory","G1",10.9872877114544,0.0453297921529496,0.0573713954933279,-0.131100920447783,-0.111054741991116,-0.493694452813901,NA
"TACCTTACACTTAACG_NS_06","P3006","NS_06","mBrain","0","Malignant_Hybrid_EMT_tS1","Core_Shared_State","G1",10.7145101489348,0.124041775474843,0.256449463636254,0.269865967734139,-0.199922458671446,0.0905671640473409,35.5733071563407
"TACCTTACAGCCAGAA_EBUS_06","P1006","EBUS_06","tL/B","1","Malignant_Differentiated_tS2","Core_Shared_State","G2M",4.01267159450898,-0.109696520533196,-0.0932451522267981,0.061478329702044,-0.0868920730249244,-0.30142864984234,22.6445886257111
"TACGGATAGCTAGGCA_EBUS_10","P1010","EBUS_10","mLN","0","Malignant_Hybrid_EMT_tS1","Core_Shared_State","G1",2.9212660852595,0.00182011712127073,0.0271272604673163,-0.10947192685831,-0.0888418236358333,0.142491253510568,36.7503714197041
"TACGGATGTAGAGGAA_NS_17","P3017","NS_17","mBrain","7","Exploratory_State_7","Patient_Specific_Exploratory","G1",14.9505412607838,-0.102452988156887,-0.00102768240306972,-0.0276789137397073,-0.129337709636896,-0.443956679609163,NA
"TACGGGCGTTCTGAAC_BRONCHO_58","P1058","BRONCHO_58","tL/B","1","Malignant_Differentiated_tS2","Core_Shared_State","S",0.628366247755835,-0.0976363108466747,-0.0243718628619771,-0.0113658635734623,-0.0327271118566432,0.00147392488332748,18.5710131933726
"TACGGGCTCTGGAGCC_EBUS_19","P1019","EBUS_19","mLN","0","Malignant_Hybrid_EMT_tS1","Core_Shared_State","G1",9.69392154045121,0.120763450376323,0.0968732223033631,-0.0726730980496313,0.00733813382257475,-0.0485620798850958,35.6290188177204
"TACGGTACACATTTCT_NS_02","P3002","NS_02","mBrain","3","Exploratory_State_3","Patient_Specific_Exploratory","G1",8.26033765598238,-0.0353301575297076,-0.0692412829556568,-0.207945843533861,-0.0546789329705574,-0.542341739158797,NA
"TACGGTACACGTCTCT_EBUS_12","P1012","EBUS_12","mLN","0","Malignant_Hybrid_EMT_tS1","Core_Shared_State","G1",4.79780765140567,0.269312929134185,-0.0466475274785082,0.297605394330028,-0.11531511102658,-0.367986680114502,33.6065947624888
"TACGGTAGTTCGAATC_EBUS_19","P1019","EBUS_19","mLN","5","Exploratory_High_LungDiff_5","Patient_Specific_Exploratory","S",9.95151482681953,-0.203992498191063,-0.132929394481745,-0.166189024401301,0.535591464599998,0.861225702738899,NA
"TACTCGCAGACAGAGA_EBUS_10","P1010","EBUS_10","mLN","0","Malignant_Hybrid_EMT_tS1","Core_Shared_State","G1",2.38905479547191,-0.0824652421990884,-0.134552122986206,0.0331274669844258,-0.0658022220229167,-0.547779250490457,36.6553746589337
"TACTCGCAGGACATTA_EBUS_06","P1006","EBUS_06","tL/B","6","Exploratory_Cycling_6","Patient_Specific_Exploratory","G2M",0.243605359317905,-0.132293132663341,-0.0748874416807603,-0.0236987303211022,-0.0609767890032307,-0.44407735042063,NA
"TACTCGCAGTACCGGA_BRONCHO_11","P1011","BRONCHO_11","mLN","0","Malignant_Hybrid_EMT_tS1","Core_Shared_State","G1",3.57861775889063,0.0382121539530439,-0.0058451712873161,0.211201515836823,-0.0692494509446576,-0.417646728022077,31.9215518728794
"TACTCGCTCTACTCAT_NS_13","P3013","NS_13","mBrain","0","Malignant_Hybrid_EMT_tS1","Core_Shared_State","G1",1.29039497307002,-0.077827499161084,-0.130027741056071,-0.0505580505692741,-0.102923670821952,1.11246069649372,29.4922335336076
"TACTTACAGGCTAGCA_EBUS_19","P1019","EBUS_19","mLN","5","Exploratory_High_LungDiff_5","Patient_Specific_Exploratory","G1",13.9374689066626,-0.143910465178037,-0.153946724431436,0.0471585687241503,-0.202099886497262,1.53894776780868,NA
"TACTTACTCTGGTATG_EBUS_19","P1019","EBUS_19","mLN","5","Exploratory_High_LungDiff_5","Patient_Specific_Exploratory","G1",13.9128931904597,-0.139144319407432,-0.157530358268009,-0.0506332845541897,-0.146849942103396,1.13904688041132,NA
"TACTTGTGTGCCTTGG_EBUS_19","P1019","EBUS_19","mLN","5","Exploratory_High_LungDiff_5","Patient_Specific_Exploratory","S",11.1704608080037,-0.123104399154118,-0.100034941074371,0.0166297185403724,0.282215627923825,0.473714996896191,NA
"TACTTGTTCAGGTAAA_NS_13","P3013","NS_13","mBrain","1","Malignant_Differentiated_tS2","Core_Shared_State","G1",6.76968359087564,-0.0843413346164221,-0.0852852682310076,0.13525704180385,-0.101825069695897,1.22498187353011,19.2687555780348
"TAGACCAAGGCTCATT_EBUS_19","P1019","EBUS_19","mLN","5","Exploratory_High_LungDiff_5","Patient_Specific_Exploratory","S",8.74434782608696,-0.102499895570237,-0.100037990000491,-0.0294774750246816,-0.0694963192436015,0.948802743536521,NA
"TAGAGCTAGGTAAACT_NS_04","P3004","NS_04","mBrain","8","Exploratory_State_8","Patient_Specific_Exploratory","G1",8.17073170731707,-0.0640152406305917,0.0716909864949888,0.347507982255317,0.0781970220813635,-0.402854105703781,NA
"TAGAGCTTCCGCATAA_EBUS_12","P1012","EBUS_12","mLN","0","Malignant_Hybrid_EMT_tS1","Core_Shared_State","G1",4.0732101202225,0.13394859475705,0.00352143863620885,0.273389912058283,-0.0592731100240622,-0.533459854025914,37.1936620403823
"TAGCCGGAGCGTCAAG_BRONCHO_58","P1058","BRONCHO_58","tL/B","0","Malignant_Hybrid_EMT_tS1","Core_Shared_State","G1",3.03382494389227,0.0442808406588465,0.0652661160847897,0.108654109587565,-0.118306074385926,0.3478185204877,36.8149324340462
"TAGGCATTCAGTCCCT_NS_07","P3007","NS_07","mBrain","3","Exploratory_State_3","Patient_Specific_Exploratory","G1",13.0769230769231,0.0209960319747392,-0.0251031912904823,-0.318935274605643,-0.122196985914561,0.35909301326995,NA
"TAGTGGTCAAAGGAAG_EBUS_13","P1013","EBUS_13","mLN","1","Malignant_Differentiated_tS2","Core_Shared_State","S",0.522193211488251,0.168168115068584,-0.0886382611315164,-0.033764696967339,-0.0918890466010129,-0.439970134706599,19.1788173825997
"TAGTGGTCATTTGCTT_NS_07","P3007","NS_07","mBrain","1","Malignant_Differentiated_tS2","Core_Shared_State","S",13.1367292225201,0.0285510027912684,-0.0789764501608127,0.0734971167206287,0.159728412821288,0.323201815417353,23.1642353311494
"TAGTTGGGTAAGTTCC_NS_03","P3003","NS_03","mBrain","0","Malignant_Hybrid_EMT_tS1","Core_Shared_State","G1",14.0314569536424,-0.150378900255082,-0.0880156796914518,-0.151159839054442,-0.0831026195565577,-0.257539466189291,32.8493455472822
"TATCAGGCAGTCCTTC_NS_04","P3004","NS_04","mBrain","8","Exploratory_State_8","Patient_Specific_Exploratory","S",6.39786592032186,0.066123688376545,-0.0610987315810025,0.202915157269283,0.196213593360635,0.214849865050478,NA
"TATCAGGGTCACTGGC_EBUS_12","P1012","EBUS_12","mLN","0","Malignant_Hybrid_EMT_tS1","Core_Shared_State","G1",4.28423845888954,0.150070606019846,-0.0171185468275717,0.248289288378174,-0.0958262443626771,-0.592557864358748,35.7925804665298
"TATCTCAAGTGGACGT_EBUS_49","P1049","EBUS_49","tL/B","1","Malignant_Differentiated_tS2","Core_Shared_State","S",0.0216122757726389,-0.14141148242965,-0.080015515649352,-0.549565201767212,-0.0629408935116684,-0.425348247917251,17.098387425699
"TATCTCACATTGTGCA_NS_06","P3006","NS_06","mBrain","0","Malignant_Hybrid_EMT_tS1","Core_Shared_State","G1",2.77103440108947,0.0977557685836107,0.0862551956208151,0.0498641090644898,-0.0666099008945435,0.207274596575779,36.3540122169272
"TATCTCAGTCTTCGTC_NS_03","P3003","NS_03","mBrain","0","Malignant_Hybrid_EMT_tS1","Core_Shared_State","G1",4.359271348847,-0.188386191738349,-0.0890509034951337,-0.170213218700754,-0.0442450585672183,-0.471731829929007,30.7816095360847
"TATTACCGTAGCTAAA_NS_07","P3007","NS_07","mBrain","3","Exploratory_State_3","Patient_Specific_Exploratory","G1",6.77474402730375,-0.196743563657945,-0.0178363192204831,-0.499802345815078,-0.0054299704934625,-0.122632746064855,NA
"TATTACCTCTTGAGGT_NS_12","P3012","NS_12","mBrain","1","Malignant_Differentiated_tS2","Core_Shared_State","G1",0.264900662251656,-0.123048213752853,-0.0755066467663701,0.371786861676655,-0.0438245308133359,-0.377339508007091,17.6009144997512
"TCAACGAAGCTATGCT_NS_19","P3019","NS_19","mBrain","2","Malignant_Cycling_tS3","Core_Shared_State","G2M",5.38858530661809,-0.0421076150737476,-0.160717955354562,-0.210699642373654,0.450995412232699,-0.642852020830726,55.1504766700084
"TCAACGACAAAGGTGC_BRONCHO_58","P1058","BRONCHO_58","tL/B","1","Malignant_Differentiated_tS2","Core_Shared_State","S",0,-0.137308731843168,-0.0583824158866188,0.150980065728516,-0.0519039537279507,0.497415537484583,18.7342787851185
"TCAACGACATATACCG_BRONCHO_11","P1011","BRONCHO_11","mLN","0","Malignant_Hybrid_EMT_tS1","Core_Shared_State","G1",7.73080094395951,0.212554669911468,-0.100651415698661,0.195866642495282,-0.0983465422065468,0.185813482754838,32.8246914832115
"TCAACGAGTACAAGTA_NS_13","P3013","NS_13","mBrain","5","Exploratory_High_LungDiff_5","Patient_Specific_Exploratory","G1",0.519125683060109,-0.183062468069297,-0.135402321744654,-0.341556257455901,-0.103030455843886,2.40122301992276,NA
"TCAACGATCTATCGCC_NS_13","P3013","NS_13","mBrain","5","Exploratory_High_LungDiff_5","Patient_Specific_Exploratory","G1",2.57350655809038,-0.13987964738616,-0.129930656899394,-0.147282796304247,0.0270903710721151,2.31396039321258,NA
"TCAATCTAGCAGGCTA_NS_19","P3019","NS_19","mBrain","0","Malignant_Hybrid_EMT_tS1","Core_Shared_State","G1",1.8956250361209,0.017141762605739,-0.0707034352141597,0.0694876112410505,-0.140352321758702,-0.142556123349814,34.8451736736949
"TCACAAGAGCCCAGCT_EBUS_12","P1012","EBUS_12","mLN","2","Malignant_Cycling_tS3","Core_Shared_State","G2M",13.2978656819178,0.108042569790781,-0.122231598204002,0.176454835025269,0.299243796037781,-0.533323986843668,63.18938614579
"TCACAAGGTAATTGGA_BRONCHO_11","P1011","BRONCHO_11","mLN","0","Malignant_Hybrid_EMT_tS1","Core_Shared_State","G1",7.32501677786112,-0.0162120911059711,0.00408124269034291,-0.0187356083870467,-0.0939405506558749,-0.193111258286712,37.1936620403823
"TCACAAGTCACAATGC_NS_02","P3002","NS_02","mBrain","1","Malignant_Differentiated_tS2","Core_Shared_State","G1",0.337319840539712,-0.164995035965703,-0.135138343518012,-0.49960336694894,-0.0779019018128566,-0.544844971327159,21.7964949922256
"TCACGAACATCCTTGC_EBUS_19","P1019","EBUS_19","mLN","0","Malignant_Hybrid_EMT_tS1","Core_Shared_State","G1",12.4592310583557,0.285420228342244,-0.054876331525719,0.0345551081611516,-0.04449749674116,-0.295133037042712,36.3051085974714
"TCAGATGTCATGCATG_EBUS_13","P1013","EBUS_13","mLN","4","Exploratory_High_EMT_4","Patient_Specific_Exploratory","S",4.10012858268696,0.437533283612021,0.240035130771013,0.452354977892946,0.547405695621854,-0.577505284760845,NA
"TCAGCAAAGCCCAACC_NS_17","P3017","NS_17","mBrain","7","Exploratory_State_7","Patient_Specific_Exploratory","S",0.138449367088608,-0.015334484446066,0.0831277197140919,0.0746019759277123,-0.0868853956765233,-0.274177612573357,NA
"TCAGCTCCACATGGGA_EBUS_51","P1051","EBUS_51","mLN","1","Malignant_Differentiated_tS2","Core_Shared_State","G1",15.5576831019627,-0.11891964171896,0.15642926971085,0.168099963656886,-0.0713662790912775,0.878488585266938,21.241710998645
"TCAGCTCTCACGACTA_EBUS_06","P1006","EBUS_06","tL/B","4","Exploratory_High_EMT_4","Patient_Specific_Exploratory","G1",1.44029958231312,0.0467373122757057,-0.0335923518461798,0.162439991470049,-0.214507704154261,-0.489954684532784,NA
"TCAGGATAGGGAGTAA_NS_07","P3007","NS_07","mBrain","0","Malignant_Hybrid_EMT_tS1","Core_Shared_State","G1",14.1091294366943,-0.0544581589025279,0.316452665526362,-0.11621623592408,-0.112815734415693,-0.102826462164584,25.1203871288229
"TCAGGATGTCACCTAA_EBUS_19","P1019","EBUS_19","mLN","1","Malignant_Differentiated_tS2","Core_Shared_State","G1",9.78366921239444,0.19531642872181,-0.187472126405747,0.0626984181864663,-0.131100320397608,0.442187826174316,NA
"TCAGGATTCGATGAGG_NS_16","P3016","NS_16","mBrain","9","Exploratory_High_Stemness_9","Patient_Specific_Exploratory","G1",0.630866287121095,-0.195972846260627,0.071582445363034,0.208728868272932,-0.160463410750919,-0.534231769958252,NA
"TCAGGTAAGACTGTAA_EBUS_15","P1015","EBUS_15","mLN","6","Exploratory_Cycling_6","Patient_Specific_Exploratory","G2M",0.169707254985151,-0.156403579987656,-0.0618709634669237,-0.510707198649557,-0.0630260751565797,-0.429054094710118,NA
"TCAGGTAAGTTAGGTA_NS_16","P3016","NS_16","mBrain","9","Exploratory_High_Stemness_9","Patient_Specific_Exploratory","G1",0.136753553520368,-0.189123759773643,-0.0113750470430313,-0.333510332207705,-0.103540544956681,-0.623928519344624,NA
"TCAGGTACAACTGCTA_NS_17","P3017","NS_17","mBrain","7","Exploratory_State_7","Patient_Specific_Exploratory","G1",12.1358342705801,-0.00618576842183516,0.0345566218965542,0.358722433954257,-0.143561315052754,-0.343720785707546,NA
"TCAGGTATCATCTGCC_NS_13","P3013","NS_13","mBrain","1","Malignant_Differentiated_tS2","Core_Shared_State","S",8.51169736187158,-0.110412479176315,-0.120646358218042,-0.00493379618724005,0.250981185238945,2.20411167856452,21.7335704610353
"TCATTACCATGAAGTA_NS_03","P3003","NS_03","mBrain","0","Malignant_Hybrid_EMT_tS1","Core_Shared_State","S",9.3672859555671,-0.0773282524868245,0.00960975477178951,-0.240665194772076,0.102548745142484,-0.446156483971011,35.5794060070477
"TCCACACTCCCTAACC_NS_02","P3002","NS_02","mBrain","3","Exploratory_State_3","Patient_Specific_Exploratory","G1",14.4081671963787,-0.0507812250554944,0.0218712119635652,-0.231560761934305,-0.121700529352754,-0.502726405045964,NA
"TCCACACTCGTAGGTT_NS_13","P3013","NS_13","mBrain","1","Malignant_Differentiated_tS2","Core_Shared_State","S",7.34757686294945,-0.0984188770265878,-0.08118818749541,0.0877276915983522,-0.0841416467818119,1.81131556864319,21.0663533960822
"TCCCGATGTACTTAGC_NS_02","P3002","NS_02","mBrain","3","Exploratory_State_3","Patient_Specific_Exploratory","G1",4.46934641616026,0.0373268877436807,0.00406543770247486,-0.0203002214928802,-0.100772684889957,-0.537764666994626,NA
"TCGAGGCCAGTATGCT_NS_03","P3003","NS_03","mBrain","0","Malignant_Hybrid_EMT_tS1","Core_Shared_State","G1",9.97012012927618,-0.0141210958145222,0.146720994420946,0.0907849851098999,-0.0286627826810269,-0.0810967937424083,35.1908506286564
"TCGAGGCTCGTTACAG_NS_07","P3007","NS_07","mBrain","1","Malignant_Differentiated_tS2","Core_Shared_State","S",19.105514546244,0.11832918471862,0.190370150624068,0.0571125166120998,-0.0466929935205058,-0.160253018883002,21.9539236383043
"TCGCGAGAGTAGTGCG_BRONCHO_58","P1058","BRONCHO_58","tL/B","0","Malignant_Hybrid_EMT_tS1","Core_Shared_State","G1",5.89360222531293,0.107019234675748,-0.0154727413488998,0.228788534356498,-0.0926041819233111,0.632666338031319,33.5662557045421
"TCGCGAGGTCCGAAGA_NS_07","P3007","NS_07","mBrain","1","Malignant_Differentiated_tS2","Core_Shared_State","G2M",13.9072847682119,-0.149067866673969,-0.101790728899237,-0.482999956314698,-0.0908535243587574,0.36838300367017,19.5017130661894
"TCGCGAGGTTGCCTCT_NS_03","P3003","NS_03","mBrain","1","Malignant_Differentiated_tS2","Core_Shared_State","G1",19.1071428571429,-0.143949897120208,0.353445299595855,0.0521423962100391,0.22439142194059,-0.115286294301626,22.3781829911511
"TCGGGACCAGGGAGAG_EBUS_15","P1015","EBUS_15","mLN","1","Malignant_Differentiated_tS2","Core_Shared_State","G1",0.402144772117962,0.103316355195029,-0.0222690216587387,-0.0784128687018461,-0.0718132144318142,-0.384719490476049,17.4053225997196
"TCGTACCAGCTAAGAT_NS_16","P3016","NS_16","mBrain","9","Exploratory_High_Stemness_9","Patient_Specific_Exploratory","G1",9.99544626593807,-0.0274074557131066,-0.0232142021556498,0.536572455720757,-0.186749600840011,-0.415949559813295,NA
"TCGTACCCATATACCG_BRONCHO_58","P1058","BRONCHO_58","tL/B","0","Malignant_Hybrid_EMT_tS1","Core_Shared_State","G1",3.30378726833199,0.229011900468987,-0.0186154826154945,0.159804992149783,-0.131990893303563,0.279617250908716,34.6637787605884
"TCGTAGAAGTCAAGCG_EBUS_13","P1013","EBUS_13","mLN","2","Malignant_Cycling_tS3","Core_Shared_State","G2M",5.61268009739605,0.732339944990157,0.132114528157559,0.790915749514895,0.412488987956515,-0.493074422974923,66.4719746830437
"TCGTAGAGTATAGGGC_EBUS_28","P1028","EBUS_28","tL/B","0","Malignant_Hybrid_EMT_tS1","Core_Shared_State","S",4.44306674932837,-0.155795383903969,0.05162832512546,-0.117195101318776,0.125679007059256,-0.430550658156743,32.7278850089869
"TCGTAGATCATCATTC_EBUS_06","P1006","EBUS_06","tL/B","4","Exploratory_High_EMT_4","Patient_Specific_Exploratory","S",0.525502318392581,-0.178636166989147,0.287050208928599,0.305275275569994,-0.131952729957927,-0.238111087622536,NA
"TCTATTGAGCGTGAAC_NS_16","P3016","NS_16","mBrain","1","Malignant_Differentiated_tS2","Core_Shared_State","S",0.04995004995005,0.286188252665212,-0.0887722504369825,-0.208052818892981,-0.0425047011177176,-0.409396019139826,16.9212449958091
"TCTATTGTCAACTCTT_NS_06","P3006","NS_06","mBrain","0","Malignant_Hybrid_EMT_tS1","Core_Shared_State","G1",10.5277475516866,-0.124757438188774,-0.0848981677413349,0.0966210374667937,0.21976097101769,0.648382885013029,26.8716071138227
"TCTGAGAAGGGCTCTC_EBUS_49","P1049","EBUS_49","tL/B","1","Malignant_Differentiated_tS2","Core_Shared_State","S",0.0711743772241993,-0.139780680203468,-0.0871567151104698,-0.0858355571101188,0.408653612725082,-0.462524302013498,16.2090732440569
"TCTGAGAAGTGCGTGA_EBUS_06","P1006","EBUS_06","tL/B","6","Exploratory_Cycling_6","Patient_Specific_Exploratory","S",0.145095763203714,-0.134529377915103,0.1805467256775,0.010909980230273,0.698321019821234,-0.24123523286905,NA
"TCTGAGATCAAACCGT_EBUS_28","P1028","EBUS_28","tL/B","1","Malignant_Differentiated_tS2","Core_Shared_State","G2M",7.3209549071618,-0.103854572242242,-0.0652152941597134,-0.136494739919821,-0.0810759829630432,0.032565195115704,18.7447576980225
"TCTTCGGAGCGATAGC_NS_07","P3007","NS_07","mBrain","1","Malignant_Differentiated_tS2","Core_Shared_State","G1",0.382043935052531,-0.119439142197874,-0.0308676414760053,-0.0971230970230218,-0.0492010138095209,-0.376722720887259,16.6854061058564
"TCTTCGGCAACAACCT_NS_07","P3007","NS_07","mBrain","0","Malignant_Hybrid_EMT_tS1","Core_Shared_State","G1",12.0623281393217,-0.043288029439207,0.31554110819615,0.0363097913457021,-0.166003730139234,-0.362840050001428,27.8040381288253
"TCTTCGGCATCCGGGT_NS_13","P3013","NS_13","mBrain","5","Exploratory_High_LungDiff_5","Patient_Specific_Exploratory","S",2.6283888031739,-0.197607100846008,-0.147386905308129,-0.0774943534014997,-0.120757383534476,2.00168376326118,NA
"TCTTCGGGTATGAAAC_NS_19","P3019","NS_19","mBrain","0","Malignant_Hybrid_EMT_tS1","Core_Shared_State","G2M",3.64746945898778,0.0637406972457766,0.135359809634622,0.371866729089325,0.262515895747186,-0.418682015740206,27.7618899700756
"TCTTCGGTCTGGGCCA_EBUS_51","P1051","EBUS_51","mLN","3","Exploratory_State_3","Patient_Specific_Exploratory","G1",6.11037485800833,0.0441693537476232,0.0713089125651276,0.265417896922107,-0.14607988610348,0.78799499244531,NA
"TCTTTCCAGTGTTAGA_EBUS_19","P1019","EBUS_19","mLN","0","Malignant_Hybrid_EMT_tS1","Core_Shared_State","G1",11.0293147892812,0.105010865373819,-0.0661653514291,-0.0349751018349077,-0.121258384326087,-0.465697257751338,37.2380031128168
"TGAAAGAAGTTTGCGT_NS_04","P3004","NS_04","mBrain","8","Exploratory_State_8","Patient_Specific_Exploratory","G1",3.59379750684099,-0.0409315522238778,0.0263889675878355,0.273288897408165,-0.155812417334734,0.300447113853744,NA
"TGAAAGACACGCGAAA_EBUS_10","P1010","EBUS_10","mLN","0","Malignant_Hybrid_EMT_tS1","Core_Shared_State","G2M",0.02686005909213,-0.0181676036688691,-0.136895576497128,-0.145227632197287,-0.0738158883201264,-0.3312813875659,37.9859515776248
"TGAAAGACAGGTTTCA_NS_13","P3013","NS_13","mBrain","1","Malignant_Differentiated_tS2","Core_Shared_State","G1",10.5882352941176,-0.112325920970884,-0.120364771250142,0.436825729363743,-0.118639492315772,2.44254743259534,20.852543060932
"TGAAAGACAGTCCTTC_EBUS_19","P1019","EBUS_19","mLN","5","Exploratory_High_LungDiff_5","Patient_Specific_Exploratory","S",9.16595544306778,-0.192513781271072,-0.225943817786182,-0.18313943051863,-0.0221336561380774,0.52339356028374,NA
"TGAAAGAGTCAAAGCG_EBUS_28","P1028","EBUS_28","tL/B","0","Malignant_Hybrid_EMT_tS1","Core_Shared_State","G1",6.75979047143926,-0.0911923176816571,-0.00746026086029733,-0.0606428317871737,-0.154016666657526,0.0139979040280707,32.6307330578088
"TGAAAGAGTCGCTTCT_EBUS_28","P1028","EBUS_28","tL/B","0","Malignant_Hybrid_EMT_tS1","Core_Shared_State","G1",6.12109115103127,-0.163136452029256,0.0499299665676064,-0.0143567080068189,0.112501205181016,-0.283222649135176,26.4407373418238
"TGAAAGATCAACGCTA_EBUS_19","P1019","EBUS_19","mLN","0","Malignant_Hybrid_EMT_tS1","Core_Shared_State","G1",8.48917467995988,0.399098124450404,-0.00665884461696048,0.223442993880519,-0.170612923410184,-0.349701439799348,33.8238889228835
"TGACAACAGTGGACGT_NS_04","P3004","NS_04","mBrain","1","Malignant_Differentiated_tS2","Core_Shared_State","G1",0.404858299595142,0.153509745493299,-0.109923063769322,0.397394563094127,-0.0750918143860364,-0.511850763736156,16.3279428905542
"TGACAACCAGTTTACG_EBUS_13","P1013","EBUS_13","mLN","4","Exploratory_High_EMT_4","Patient_Specific_Exploratory","G1",9.11873454296138,0.612757824465163,0.0146934570432549,0.742442741927609,0.105470810940172,-0.415247074681107,NA
"TGACAACGTCAATACC_NS_07","P3007","NS_07","mBrain","3","Exploratory_State_3","Patient_Specific_Exploratory","S",6.60750689531119,0.0131302677875004,-0.156554885164745,-0.0128913697898959,-0.0922516862662895,-0.163337606910366,NA
"TGACAACTCAAGGTAA_NS_16","P3016","NS_16","mBrain","0","Malignant_Hybrid_EMT_tS1","Core_Shared_State","G1",0.0298351607369285,-0.0898352181011047,-0.0659042896407097,-0.383783669924893,-0.00416273499383024,-0.636987268924698,38.2845136113814
"TGACGGCGTCCGTGAC_NS_07","P3007","NS_07","mBrain","3","Exploratory_State_3","Patient_Specific_Exploratory","G1",8.19397993311037,-0.170063937089318,-0.0191024378569321,-0.356943377840367,-0.118342647217665,-0.211480650246914,NA
"TGACGGCTCAAACGGG_NS_02","P3002","NS_02","mBrain","3","Exploratory_State_3","Patient_Specific_Exploratory","G1",6.7910447761194,0.0638119055184412,-0.030268133005067,0.0575780013216304,-0.127072321227615,-0.529839756654855,NA
"TGACGGCTCGATAGAA_NS_16","P3016","NS_16","mBrain","0","Malignant_Hybrid_EMT_tS1","Core_Shared_State","G1",2.33756672188478,0.580193058062319,0.0553320260254406,-0.377451176898711,-0.148843622695211,-0.534792487685796,36.8425044930763
"TGACTAGAGCTCCTCT_NS_19","P3019","NS_19","mBrain","2","Malignant_Cycling_tS3","Core_Shared_State","S",8.69763621429223,0.0254928966548809,-0.0472184213805231,-0.277810806735762,0.592940757971503,-0.618366733481168,47.2016540170965
"TGAGCATAGGTTCCTA_BRONCHO_11","P1011","BRONCHO_11","mLN","1","Malignant_Differentiated_tS2","Core_Shared_State","G1",6.48068669527897,-0.126292753278981,0.174102118903428,-0.203284489448995,-0.0655509546566058,-0.405981164306795,23.3695705592266
"TGAGCCGCAACTGCTA_EBUS_15","P1015","EBUS_15","mLN","6","Exploratory_Cycling_6","Patient_Specific_Exploratory","G2M",2.50596658711217,-0.144378325168272,-0.0714654165973064,-0.501572148213931,-0.0355083923950971,-0.437614239181181,NA
"TGAGCCGCAAGTAGTA_NS_12","P3012","NS_12","mBrain","10","Exploratory_State_10","Patient_Specific_Exploratory","G1",4.37687045746045,-0.0532697709286815,-0.0275458106388215,-0.0132822750656832,-0.110359116018689,0.246950238776736,NA
"TGAGCCGCACTCAGGC_EBUS_19","P1019","EBUS_19","mLN","5","Exploratory_High_LungDiff_5","Patient_Specific_Exploratory","G1",14.3498840803709,-0.208632026686928,-0.138907592090932,-0.1399663585833,-0.165447418855329,0.687842389407371,NA
"TGAGCCGTCCGCAGTG_EBUS_51","P1051","EBUS_51","mLN","0","Malignant_Hybrid_EMT_tS1","Core_Shared_State","G1",3.46333661417323,0.0787232274577615,0.208530591684025,0.19037941271167,-0.151719500749089,-0.378168249261604,28.2222804063878
"TGAGGGAAGGTGGGTT_BRONCHO_58","P1058","BRONCHO_58","tL/B","2","Malignant_Cycling_tS3","Core_Shared_State","G2M",2.40983134380901,0.11874272093353,-0.0269602951988375,0.0800517225391004,0.312038069987939,0.127188746270802,52.7194939842106
"TGAGGGACACGAAACG_NS_12","P3012","NS_12","mBrain","1","Malignant_Differentiated_tS2","Core_Shared_State","G2M",0.998463901689708,0.126942562041883,-0.0584673207586748,-0.0931079974966572,0.372537463650712,-0.0723885514319478,18.8380621669493
"TGAGGGAGTAGCGCAA_NS_17","P3017","NS_17","mBrain","7","Exploratory_State_7","Patient_Specific_Exploratory","G1",19.8568251320545,-0.0302938234075285,-0.132503150504957,-0.0439050381705345,-0.152317277112972,-0.446963925534183,NA
"TGAGGGATCGCCGTGA_EBUS_15","P1015","EBUS_15","mLN","2","Malignant_Cycling_tS3","Core_Shared_State","G2M",4.70204411109336,-0.133933236730783,-0.135056837410436,0.0280537168629922,0.467120058093863,-0.568562512431765,61.7775138506083
"TGATTTCAGATATGGT_BRONCHO_58","P1058","BRONCHO_58","tL/B","0","Malignant_Hybrid_EMT_tS1","Core_Shared_State","G1",6.20956861659806,0.125371303335893,0.00322674886829849,0.100293777933711,-0.12437028420163,0.296582882032537,36.8569745726094
"TGATTTCTCCTTGACC_NS_07","P3007","NS_07","mBrain","3","Exploratory_State_3","Patient_Specific_Exploratory","G1",4.68569224836097,-0.176702715954432,0.0108326258989709,0.0120769344113122,-0.119598148613301,-0.0703007472767549,NA
"TGCACCTGTAGCTAAA_EBUS_49","P1049","EBUS_49","tL/B","4","Exploratory_High_EMT_4","Patient_Specific_Exploratory","G1",4.72470392686474,0.0106371826823051,-0.0390149863994473,-0.0955149367911489,-0.0719591221981972,-0.306502935099369,NA
"TGCACCTTCACCGTAA_EBUS_15","P1015","EBUS_15","mLN","0","Malignant_Hybrid_EMT_tS1","Core_Shared_State","G1",18.2144505409979,0.387963883136612,-0.0746018199950481,0.542070005042103,-0.0761740478397525,-0.475457060936465,33.2778588195671
"TGCCAAAAGTTAAGTG_BRONCHO_11","P1011","BRONCHO_11","mLN","0","Malignant_Hybrid_EMT_tS1","Core_Shared_State","G1",0.227817045388165,-0.205484314443708,-0.0360917155556474,-0.175481282303026,-0.152372935121747,-0.552945786560995,36.7503714197041
"TGCCAAAGTATTCTCT_EBUS_49","P1049","EBUS_49","tL/B","4","Exploratory_High_EMT_4","Patient_Specific_Exploratory","G1",4.08376234868513,0.0298364742647803,-0.00485753296243849,0.157228521961914,-0.135792564008362,-0.527132349543734,NA
"TGCCAAAGTCTCATCC_BRONCHO_11","P1011","BRONCHO_11","mLN","0","Malignant_Hybrid_EMT_tS1","Core_Shared_State","G1",17.6777152386909,0.0463928394878466,0.0367928510658758,0.220678959488149,-0.133485172134758,-0.147799380179827,32.7683350235328
"TGCCCATAGCGTGAGT_EBUS_51","P1051","EBUS_51","mLN","3","Exploratory_State_3","Patient_Specific_Exploratory","G1",7.39335332639696,0.11335561455646,0.112513383338016,0.258014923366187,-0.141619160624691,0.0174322295970971,NA
"TGCCCATGTAAATGAC_EBUS_10","P1010","EBUS_10","mLN","0","Malignant_Hybrid_EMT_tS1","Core_Shared_State","G2M",0.392464678178964,-0.134815156684997,0.143125811208159,-0.0843290610342327,-0.0562771920211497,-0.439892846596798,29.4189162110596
"TGCCCATTCCGTTGTC_EBUS_19","P1019","EBUS_19","mLN","2","Malignant_Cycling_tS3","Core_Shared_State","S",11.2551708820345,0.0738997593513936,-0.19027601383477,-0.0124081380750215,0.218121536351641,0.0701294849192551,46.1123454933804
"TGCCCTAAGCCCAATT_BRONCHO_11","P1011","BRONCHO_11","mLN","6","Exploratory_Cycling_6","Patient_Specific_Exploratory","G2M",9.64539007092199,0.132574787366248,-0.0508119226133988,0.274550838821124,-0.0556594850419864,0.0790207223953926,NA
"TGCGCAGAGGATGGAA_EBUS_49","P1049","EBUS_49","tL/B","1","Malignant_Differentiated_tS2","Core_Shared_State","G2M",0.371484167698567,-0.128585423841138,0.179283052578659,-0.429997589782339,0.0952166183304225,-0.381998120545157,22.3086748170804
"TGCGCAGTCATACGGT_BRONCHO_58","P1058","BRONCHO_58","tL/B","0","Malignant_Hybrid_EMT_tS1","Core_Shared_State","S",0.0702165008777063,0.0662700699271835,0.0673258986382783,0.140333536021382,-0.10319937832501,0.421364866857322,35.8567942850146
"TGCGTGGCACTTAACG_NS_04","P3004","NS_04","mBrain","8","Exploratory_State_8","Patient_Specific_Exploratory","G1",14.243431537726,0.0543534336030532,-0.0912405479469178,-0.0201645841999617,-0.128108817716633,-0.165895717830967,NA
"TGCGTGGGTCGAACAG_EBUS_10","P1010","EBUS_10","mLN","0","Malignant_Hybrid_EMT_tS1","Core_Shared_State","G1",2.55003768528599,0.0757726984129814,-0.14474611973545,-0.362203045909266,-0.128051148627568,-0.425418405174968,34.4126459392886
"TGCGTGGTCAGTCCCT_EBUS_10","P1010","EBUS_10","mLN","1","Malignant_Differentiated_tS2","Core_Shared_State","S",1.58955435708203,-0.155669164484475,-0.113671557321,-0.245592981598742,-0.0908603444380181,-0.0168868644223528,21.6779114432171
"TGCGTGGTCGTCGTTC_NS_13","P3013","NS_13","mBrain","1","Malignant_Differentiated_tS2","Core_Shared_State","G1",14.1090909090909,-0.0787730989513211,-0.0943431912815052,-0.252144025283262,-0.109930312892141,1.81624078150877,22.3091236592295
"TGCTACCAGGGTTTCT_EBUS_12","P1012","EBUS_12","mLN","0","Malignant_Hybrid_EMT_tS1","Core_Shared_State","G1",5.11486579807559,0.181408539222914,-0.0332133017775556,0.350664324035054,-0.154645049510608,-0.569803579007166,35.3981715363353
"TGCTACCAGTGTCCAT_EBUS_19","P1019","EBUS_19","mLN","0","Malignant_Hybrid_EMT_tS1","Core_Shared_State","G1",14.1083902952002,0.232948530647658,-0.112745361869378,0.318181116176891,-0.108324471412509,-0.274940453117221,37.1936620403823
"TGCTACCGTTCGAATC_EBUS_28","P1028","EBUS_28","tL/B","0","Malignant_Hybrid_EMT_tS1","Core_Shared_State","G1",4.21076852277957,0.0743414914772622,0.0847809770902317,0.14338498191595,-0.141301905457594,-0.512372285019933,36.7503714197041
"TGCTGCTCAGGCAGTA_NS_17","P3017","NS_17","mBrain","7","Exploratory_State_7","Patient_Specific_Exploratory","S",0.407885791978246,0.107826688793403,-0.0569110794196982,0.3675313441485,-0.0651665796696104,-0.362066563052984,NA
"TGCTGCTGTGCAGGTA_NS_04","P3004","NS_04","mBrain","8","Exploratory_State_8","Patient_Specific_Exploratory","G1",5.64193859964773,0.0254223268190338,0.00616177684431882,0.15656346003633,-0.060201448884374,-0.526152874921418,NA
"TGCTGCTGTTTGTGTG_NS_19","P3019","NS_19","mBrain","0","Malignant_Hybrid_EMT_tS1","Core_Shared_State","S",7.37580006095703,-0.139049716067136,-0.103741925832962,-0.338831483287186,-0.137569885116453,-0.248931810774119,26.6019465331975
"TGCTGCTTCAGATAAG_NS_19","P3019","NS_19","mBrain","0","Malignant_Hybrid_EMT_tS1","Core_Shared_State","G1",3.28703703703704,-0.0499541316601916,-0.170425710726688,-0.152484886634092,-0.161847234058065,-0.482315891111868,35.4051500541815
"TGCTGCTTCCAAGTAC_NS_13","P3013","NS_13","mBrain","1","Malignant_Differentiated_tS2","Core_Shared_State","S",12.6801152737752,0.180974476046465,-0.0412477524336099,0.595484692317703,-0.062395609245354,1.49495441004011,19.6502906431021
"TGGACGCAGAGGTTGC_NS_04","P3004","NS_04","mBrain","8","Exploratory_State_8","Patient_Specific_Exploratory","G1",8.87317790046471,0.00921491768796903,0.0402745465925528,0.255942663264815,-0.0748731160376877,-0.25847313719672,NA
"TGGACGCAGCTAGTTC_NS_17","P3017","NS_17","mBrain","7","Exploratory_State_7","Patient_Specific_Exploratory","G1",0.303835928598557,0.14490338874837,0.192748293695542,0.487060757873669,-0.102290761483891,-0.210228846171574,NA
"TGGACGCGTGAGGCTA_EBUS_12","P1012","EBUS_12","mLN","0","Malignant_Hybrid_EMT_tS1","Core_Shared_State","G1",16.0557327951038,-0.036215175646193,-0.12793466601793,0.0387036799450762,-0.104260394080404,-0.362265699071515,36.5203639985073
"TGGACGCGTGGTACAG_EBUS_19","P1019","EBUS_19","mLN","5","Exploratory_High_LungDiff_5","Patient_Specific_Exploratory","S",4.23076923076923,0.0112451526828529,-0.0612913320747681,0.0856430256990585,0.061256805587754,0.472780400186729,NA
"TGGCCAGAGCAGGTCA_NS_17","P3017","NS_17","mBrain","7","Exploratory_State_7","Patient_Specific_Exploratory","G1",8.34872686442827,0.0536042853451645,-0.105692274319442,0.060272791301701,-0.131466206646665,-0.349979175328044,NA
"TGGCCAGCAATCTGCA_NS_19","P3019","NS_19","mBrain","1","Malignant_Differentiated_tS2","Core_Shared_State","S",1.88330871491876,-0.157922404111852,-0.105512430682971,-0.567539968503414,-0.0860224844015177,-0.182856605635888,18.3772498229019
"TGGCCAGCAGTGGAGT_EBUS_13","P1013","EBUS_13","mLN","4","Exploratory_High_EMT_4","Patient_Specific_Exploratory","S",6.41806127227466,0.527463437854964,0.291293145535422,0.813976409533643,0.0683490149488291,-0.450108707369674,NA
"TGGCGCAAGGTGCAAC_EBUS_13","P1013","EBUS_13","mLN","4","Exploratory_High_EMT_4","Patient_Specific_Exploratory","S",8.41542527630947,0.54554030978264,-0.0625913599446042,0.228711009572784,0.147971372258307,-0.528522918750297,NA
"TGGCGCAGTCCTAGCG_EBUS_49","P1049","EBUS_49","tL/B","1","Malignant_Differentiated_tS2","Core_Shared_State","G1",0.935325653016996,-0.171692404255467,-0.155164063849472,-0.050867296165532,-0.150450502957102,-0.484826899155236,22.031483021814
"TGGCGCATCGCATGGC_EBUS_49","P1049","EBUS_49","tL/B","4","Exploratory_High_EMT_4","Patient_Specific_Exploratory","G1",14.8474825431827,0.184634017220175,-0.0650616573419745,-0.324569488013115,-0.150106971614652,-0.368860305939247,NA
"TGGCTGGTCCACGTGG_NS_19","P3019","NS_19","mBrain","2","Malignant_Cycling_tS3","Core_Shared_State","G2M",6.4006818735287,0.0197269860124024,0.0508204263864031,-0.0796009327759044,0.357716972331516,-0.472100794917526,63.4755515203212
"TGGGCGTAGTATGACA_BRONCHO_58","P1058","BRONCHO_58","tL/B","0","Malignant_Hybrid_EMT_tS1","Core_Shared_State","S",4.07978241160471,0.126991777448142,-0.0297237396512051,0.254626085315802,-0.11083247171108,0.194894249297271,37.1812455338503
"TGGGCGTTCTACGAGT_EBUS_12","P1012","EBUS_12","mLN","2","Malignant_Cycling_tS3","Core_Shared_State","G2M",5.28850051069211,0.127338699389665,-0.0170172837864596,0.227658816308543,0.365460566056214,-0.517578671246849,59.9890595988353
"TGGGCGTTCTGGCGTG_EBUS_06","P1006","EBUS_06","tL/B","4","Exploratory_High_EMT_4","Patient_Specific_Exploratory","S",2.45799626633479,-0.136621517984919,-0.0672075256628879,0.0950141297346517,-0.201757294550165,-0.377936466767291,NA
"TGGTTAGCAACACCTA_EBUS_13","P1013","EBUS_13","mLN","1","Malignant_Differentiated_tS2","Core_Shared_State","S",0.221852468108708,0.624850883253465,-0.0792581247423552,0.612679043858285,-0.069987654671997,-0.45753953555666,16.7273225875076
"TGGTTAGCAATGGTCT_NS_07","P3007","NS_07","mBrain","0","Malignant_Hybrid_EMT_tS1","Core_Shared_State","G1",11.3259269946617,0.241764696807745,0.263469919836761,0.319654746579546,0.046284145224011,-0.316340046848376,25.2578297861486
"TGGTTCCCAGGATTGG_EBUS_49","P1049","EBUS_49","tL/B","4","Exploratory_High_EMT_4","Patient_Specific_Exploratory","G1",5.98091072958837,-0.0837316269951892,0.00277695861771329,-0.055763735627169,-0.103576564775823,-0.46518985515976,NA
"TGGTTCCCATCACGAT_NS_07","P3007","NS_07","mBrain","3","Exploratory_State_3","Patient_Specific_Exploratory","G1",7.42956868611319,0.000339224107374358,0.446872542173946,-0.0587444826559996,-0.126913684020048,-0.477130534748055,NA
"TGGTTCCGTCGCTTTC_EBUS_28","P1028","EBUS_28","tL/B","1","Malignant_Differentiated_tS2","Core_Shared_State","G1",2.66695576756288,0.0805198275215839,0.0590296168326113,0.141837872550537,-0.070016308932569,-0.211364659493213,23.2990155906685
"TGTATTCAGTTCCACA_NS_06","P3006","NS_06","mBrain","1","Malignant_Differentiated_tS2","Core_Shared_State","S",10.4335047759001,-0.0845734956446814,-0.0645319875604543,-0.397042711071019,-0.0659774006111064,-0.356092565696043,21.5513363187673
"TGTATTCTCAGTTCGA_NS_17","P3017","NS_17","mBrain","7","Exploratory_State_7","Patient_Specific_Exploratory","G1",0.297324083250743,0.168061694326784,0.156447891455107,0.598451501898665,-0.0822469082053658,-0.117253727863414,NA
"TGTCCCACAGATCCAT_EBUS_12","P1012","EBUS_12","mLN","0","Malignant_Hybrid_EMT_tS1","Core_Shared_State","G1",4.76574562717489,0.182834806380556,-0.0200767252482484,0.290754163760997,-0.128385292415333,-0.225649920516222,34.3910593039516
"TGTCCCACATGCCTAA_BRONCHO_11","P1011","BRONCHO_11","mLN","0","Malignant_Hybrid_EMT_tS1","Core_Shared_State","G1",14.3049026192075,-0.086728473511084,-0.0141196788334396,-0.0860195948812096,-0.119256914382593,-0.14649540492331,34.5703797127321
"TGTCCCATCAGGCAAG_NS_12","P3012","NS_12","mBrain","10","Exploratory_State_10","Patient_Specific_Exploratory","G1",0.501169395255596,0.257812419753742,-0.157846124311673,0.246804093841178,-0.150269685025488,0.230587750206653,NA
"TGTGGTATCGTTGACA_NS_17","P3017","NS_17","mBrain","1","Malignant_Differentiated_tS2","Core_Shared_State","S",0.456273764258555,0.12586883500545,-0.0519697894578686,0.23661665524499,-0.0537820998630101,-0.360320284973861,20.3666445650275
"TGTTCCGCATTTGCCC_BRONCHO_58","P1058","BRONCHO_58","tL/B","2","Malignant_Cycling_tS3","Core_Shared_State","S",6.79375577493556,0.10431363826286,0.0692459812458868,0.0695739210612466,0.329063540823895,0.700948148482577,46.3752755906476
"TGTTCCGGTCTCTTTA_EBUS_49","P1049","EBUS_49","tL/B","6","Exploratory_Cycling_6","Patient_Specific_Exploratory","S",0.878868933893772,0.128600929189915,-0.097064454943538,-0.09828400485136,0.780754367887574,-0.444535403081962,NA
"TTAGGCAAGCGATATA_NS_19","P3019","NS_19","mBrain","0","Malignant_Hybrid_EMT_tS1","Core_Shared_State","G1",5.74686940966011,0.246972334459494,-0.128446932445184,0.17703904511796,-0.0996437397194071,-0.360403914033732,25.4621674863789
"TTAGGCACATCTCCCA_EBUS_51","P1051","EBUS_51","mLN","1","Malignant_Differentiated_tS2","Core_Shared_State","S",0.155038759689922,0.188033936982561,-0.0798634630210241,0.565918007310645,-0.0577348961618193,0.372959190938267,16.1295177025438
"TTAGGCATCCGAGCCA_NS_17","P3017","NS_17","mBrain","7","Exploratory_State_7","Patient_Specific_Exploratory","G1",13.1402741693598,-0.142331057943113,0.0466061453659924,0.172155900226251,-0.115325790690533,-0.451878421100849,NA
"TTAGTTCCATGCTGGC_EBUS_51","P1051","EBUS_51","mLN","0","Malignant_Hybrid_EMT_tS1","Core_Shared_State","G1",3.48846428288274,0.0440383275240617,0.0764062048038426,0.121477226867676,-0.161543913832193,-0.00633118257667131,29.5642356293729
"TTATGCTGTAAGCACG_EBUS_19","P1019","EBUS_19","mLN","0","Malignant_Hybrid_EMT_tS1","Core_Shared_State","G1",12.2642711518858,0.112860487397275,-0.123325658461573,0.0176504799790346,-0.0988190902748135,0.10362155613157,34.4572034539887
"TTATGCTTCTGTCTAT_EBUS_12","P1012","EBUS_12","mLN","0","Malignant_Hybrid_EMT_tS1","Core_Shared_State","G1",15.4776026662148,-0.126793757608385,0.00414904094052515,-0.148418237779088,-0.156319183354403,-0.363113932345577,27.2512827387049
"TTCCCAGCATGCTGGC_NS_04","P3004","NS_04","mBrain","8","Exploratory_State_8","Patient_Specific_Exploratory","G1",5.52240465512768,0.0470290311771578,0.046872380055386,0.354413264923645,-0.155764580526847,-0.332411284757272,NA
"TTCGAAGAGAGACTTA_EBUS_06","P1006","EBUS_06","tL/B","4","Exploratory_High_EMT_4","Patient_Specific_Exploratory","G1",2.76981431658801,-0.228239204559138,-0.0623409799914203,-0.0288417248705422,-0.049071903325173,-0.351153532562277,NA
"TTCGGTCTCCAAACTG_NS_12","P3012","NS_12","mBrain","10","Exploratory_State_10","Patient_Specific_Exploratory","G1",5.43745480838756,0.120280486015288,0.0752433070731507,0.200176163942168,-0.0184600658662675,0.045404822971449,NA
"TTCGGTCTCTGTCTAT_NS_17","P3017","NS_17","mBrain","7","Exploratory_State_7","Patient_Specific_Exploratory","S",0.411522633744856,0.180666531396396,0.136354862295651,0.705197013755537,-0.0683132827830677,-0.465474674567117,NA
"TTCTACAAGGGAAACA_NS_03","P3003","NS_03","mBrain","1","Malignant_Differentiated_tS2","Core_Shared_State","G1",5.50138723741578,-0.0854817330564586,-0.102625668473327,-0.497859206692774,-0.0738847525342801,-0.29502545939683,15.5527926288041
"TTCTACAGTCCGAAGA_NS_17","P3017","NS_17","mBrain","7","Exploratory_State_7","Patient_Specific_Exploratory","G1",11.6436267534052,-0.125850883976952,0.119203315122605,0.269531674069312,-0.149055428288022,-0.422359247817593,NA
"TTCTACATCCCATTTA_NS_07","P3007","NS_07","mBrain","0","Malignant_Hybrid_EMT_tS1","Core_Shared_State","G1",3.89684162690298,-0.183408251035331,-0.152728395221864,-0.331405157365769,-0.171647367105016,-0.31436540090737,27.3172375760056
"TTCTACATCCGATATG_EBUS_13","P1013","EBUS_13","mLN","1","Malignant_Differentiated_tS2","Core_Shared_State","S",0.550964187327824,0.184504541917491,-0.0820079311791044,0.116986681790875,0.401513111855633,-0.228951828633844,20.8278150630293
"TTCTACATCTGGCGTG_EBUS_10","P1010","EBUS_10","mLN","2","Malignant_Cycling_tS3","Core_Shared_State","S",2.88746846528894,-0.0605860979080443,-0.125245763083605,-0.204845273555579,0.169892782646403,-0.562529029369487,46.2434380420076
"TTCTCCTAGTGGGCTA_NS_12","P3012","NS_12","mBrain","10","Exploratory_State_10","Patient_Specific_Exploratory","S",0.0797448165869219,0.102107131435589,-0.101954921620981,-0.200973839243594,-0.107778725518745,0.00480749328376051,NA
"TTCTCCTCATGAAGTA_NS_19","P3019","NS_19","mBrain","0","Malignant_Hybrid_EMT_tS1","Core_Shared_State","G2M",5.48192771084337,0.352123264424579,-0.101325185492234,0.244394442013227,-0.0628592703896828,-0.473734464797149,35.2629573807175
"TTGAACGAGCCCTAAT_NS_04","P3004","NS_04","mBrain","8","Exploratory_State_8","Patient_Specific_Exploratory","G1",6.60145746463505,0.139963599786066,-0.0226925301572261,0.254854686316642,-0.0672342236822828,-0.378114015818516,NA
"TTGAACGAGTCGTTTG_EBUS_19","P1019","EBUS_19","mLN","0","Malignant_Hybrid_EMT_tS1","Core_Shared_State","G1",16.6560671584838,0.20264439397334,-0.0889702136713689,0.066406897759267,-0.0498499342723733,0.360826785539218,37.1242059012828
"TTGAACGGTCATCGGC_BRONCHO_58","P1058","BRONCHO_58","tL/B","0","Malignant_Hybrid_EMT_tS1","Core_Shared_State","G1",3.57344215641528,-0.0468047782015531,-0.0284252905965045,0.145955757584167,-0.0839958183572587,0.427706269320354,36.354866564698
"TTGAACGTCCCACTTG_EBUS_12","P1012","EBUS_12","mLN","0","Malignant_Hybrid_EMT_tS1","Core_Shared_State","G1",0.281013276859168,0.0939428509258337,-0.00240847172479336,0.103942853486465,-0.00333683047226399,-0.329707247252152,36.0059779223011
"TTGACTTAGTGGGCTA_NS_13","P3013","NS_13","mBrain","1","Malignant_Differentiated_tS2","Core_Shared_State","G1",0.0358294518093873,-0.107846072012008,-0.0623475923214041,-0.0680908419201343,-0.0537685561768904,2.01292539916167,13.6945616347108
"TTGACTTCAATCGAAA_NS_13","P3013","NS_13","mBrain","5","Exploratory_High_LungDiff_5","Patient_Specific_Exploratory","S",0.398247710075667,-0.170840235038189,-0.106346133329717,-0.448472984573598,0.16708808517436,1.90055458302843,NA
"TTGACTTCACGTGAGA_NS_13","P3013","NS_13","mBrain","5","Exploratory_High_LungDiff_5","Patient_Specific_Exploratory","G1",1.81598062953995,-0.139012556857045,-0.109370242410631,0.0495929856069409,-0.111849409042646,1.83228197199423,NA
"TTGACTTCATGTTGAC_EBUS_28","P1028","EBUS_28","tL/B","2","Malignant_Cycling_tS3","Core_Shared_State","S",4.04743083003953,-0.0870561590745298,0.190786734711054,-0.131965205005266,0.321697112086279,-0.117529556642935,46.0678279400443
"TTGACTTGTCAGTGGA_NS_07","P3007","NS_07","mBrain","0","Malignant_Hybrid_EMT_tS1","Core_Shared_State","G1",7.87382016890214,-0.158280819972301,-0.113692428503149,-0.445511269742406,-0.107111906653608,-0.480531222937239,25.94921705151
"TTGACTTTCCTTTCGG_NS_16","P3016","NS_16","mBrain","0","Malignant_Hybrid_EMT_tS1","Core_Shared_State","G1",1.75233644859813,-0.106452263644381,0.114265101235199,-0.306524787104827,-0.120469178096659,-0.569219873977832,35.8638331085301
"TTGCCGTAGGATCGCA_NS_16","P3016","NS_16","mBrain","1","Malignant_Differentiated_tS2","Core_Shared_State","G1",1.34048257372654,-0.0923224675046062,0.163289021439146,-0.211792851762973,-0.0864658197039722,-0.229449435733639,23.8620406410739
"TTGCCGTCAGTCGTGC_EBUS_15","P1015","EBUS_15","mLN","2","Malignant_Cycling_tS3","Core_Shared_State","S",7.03230227557362,-0.0399890202299814,-0.0127369173009146,0.0320052014096439,0.0752992152864963,-0.555612643063746,44.5682880746807
"TTGCCGTTCGCATGAT_EBUS_49","P1049","EBUS_49","tL/B","4","Exploratory_High_EMT_4","Patient_Specific_Exploratory","G1",6.82096685252129,-0.0357970666705224,-0.0736645298308198,-0.149209154388364,-0.0713246048201383,-0.542520012850598,NA
"TTGCGTCAGCGTGTCC_EBUS_13","P1013","EBUS_13","mLN","4","Exploratory_High_EMT_4","Patient_Specific_Exploratory","G1",9.08723451164842,0.551710276855462,0.315225397382345,0.852907428068017,-0.0549426178300755,-0.388289549052743,NA
"TTGCGTCGTCTAGCGC_NS_04","P3004","NS_04","mBrain","1","Malignant_Differentiated_tS2","Core_Shared_State","G1",7.47011952191235,-0.132656137332526,0.271395045363207,0.0890719046007638,-0.0632631477302973,-0.35767844520682,20.8391675978999
"TTGGAACTCTATCCCG_NS_07","P3007","NS_07","mBrain","3","Exploratory_State_3","Patient_Specific_Exploratory","G1",3.94818013571869,-0.042053100889884,0.00519525613243399,0.0245322884628106,0.0331982016437164,0.224386066994768,NA
"TTGGCAACACATCCGG_EBUS_13","P1013","EBUS_13","mLN","2","Malignant_Cycling_tS3","Core_Shared_State","S",3.93579211093632,0.348950360040536,-0.0314468507210295,0.302242360630416,0.802681219552652,-0.435121045949823,49.5362185221209
"TTGGCAACATATACGC_NS_12","P3012","NS_12","mBrain","10","Exploratory_State_10","Patient_Specific_Exploratory","G1",7.14862837135932,-0.00835576539567984,-0.0286657166587715,-0.0708360201679411,-0.166006035417273,0.148758662913553,NA
"TTGGCAATCAGGATCT_EBUS_51","P1051","EBUS_51","mLN","3","Exploratory_State_3","Patient_Specific_Exploratory","G1",3.42672089170056,-0.00833215570344373,0.0176805059762659,0.0639695099721288,-0.010583247787183,0.186520847364839,NA
"TTGTAGGGTCTTCGTC_NS_17","P3017","NS_17","mBrain","7","Exploratory_State_7","Patient_Specific_Exploratory","G1",13.0925804333552,-0.0282806311354207,0.0191927944928666,0.167913166952609,-0.145639703065559,-0.360344608071727,NA
"TTGTAGGGTGACGGTA_EBUS_28","P1028","EBUS_28","tL/B","2","Malignant_Cycling_tS3","Core_Shared_State","S",7.22284150790434,-0.116883251643388,-0.0100846816389021,-0.215563989211875,0.22914479684797,0.077571761592729,47.5937769288571
"TTTACTGAGTCCATAC_NS_06","P3006","NS_06","mBrain","2","Malignant_Cycling_tS3","Core_Shared_State","G1",4.01718462310997,0.0156831929826636,0.341109136042614,-0.14277228649311,-0.0643036059189476,0.130072209488545,45.6555413142124
"TTTACTGGTAGAAAGG_NS_03","P3003","NS_03","mBrain","2","Malignant_Cycling_tS3","Core_Shared_State","S",16.0064412238325,-0.121125285455568,-0.0606956636921052,-0.10469567446712,0.179001853550112,0.027886041684295,46.7690135776222
"TTTATGCAGCTGTCTA_NS_19","P3019","NS_19","mBrain","2","Malignant_Cycling_tS3","Core_Shared_State","G2M",17.9169914263445,0.166519121363058,-0.0659625466887594,0.227486191547821,0.0889792447602793,-0.564698219845938,51.4773393551263
"TTTATGCGTAATTGGA_EBUS_12","P1012","EBUS_12","mLN","0","Malignant_Hybrid_EMT_tS1","Core_Shared_State","G1",2.08365728502566,0.130842432184556,-0.0623159300492936,0.147188601718,-0.172653517141336,-0.552892692872675,36.833944845193
"TTTATGCGTGCCTGTG_EBUS_12","P1012","EBUS_12","mLN","1","Malignant_Differentiated_tS2","Core_Shared_State","G1",17.6080363912055,0.120734466114404,-0.125734561222516,0.303886866961907,-0.101913235951142,-0.0779188171465295,24.5021046624869
"TTTATGCTCCAAGCCG_EBUS_10","P1010","EBUS_10","mLN","0","Malignant_Hybrid_EMT_tS1","Core_Shared_State","G1",2.04511278195489,-0.13849101675527,0.131076642144843,-0.485335217734076,-0.0861291028148292,-0.174501265627309,28.293359903215
"TTTCCTCAGGCGCTCT_EBUS_12","P1012","EBUS_12","mLN","6","Exploratory_Cycling_6","Patient_Specific_Exploratory","G2M",10.1709401709402,0.130785756952771,-0.0591151405485968,0.436403607681915,0.414558940914916,0.284978045055355,NA
"TTTCCTCAGGTGCTAG_NS_07","P3007","NS_07","mBrain","0","Malignant_Hybrid_EMT_tS1","Core_Shared_State","G1",8.51651059635288,0.0323274188148374,0.114661465276381,-0.125356145909152,-0.11464673196812,-0.297711179921731,25.7912887476618
"TTTGCGCGTACGCACC_NS_16","P3016","NS_16","mBrain","9","Exploratory_High_Stemness_9","Patient_Specific_Exploratory","G1",1.47594581971042,-0.174782755997876,-0.0709471165997593,-0.101335191329621,-0.00181058412211463,-0.529420102207065,NA
"TTTGGTTTCGTGACAT_NS_06","P3006","NS_06","mBrain","0","Malignant_Hybrid_EMT_tS1","Core_Shared_State","G1",4.949723358191,0.116643322893894,0.112066724781545,-0.0227135610386656,-0.0735095767709154,-0.0942063881232245,36.4943201313852
"TTTGTCACATCGGACC_EBUS_15","P1015","EBUS_15","mLN","0","Malignant_Hybrid_EMT_tS1","Core_Shared_State","S",9.68523633331596,-0.124225307869611,0.311489975578068,-0.104020602648596,0.0332976952883102,-0.523773982953019,34.2009533184705
"TTTGTCAGTGCAACTT_EBUS_28","P1028","EBUS_28","tL/B","0","Malignant_Hybrid_EMT_tS1","Core_Shared_State","S",6.35303913405495,0.0926338240134093,-0.139628304481397,-0.0666220958241815,-0.112137667546895,0.040481399727298,30.3354714245184
"TTTGTCATCGTAGGAG_EBUS_13","P1013","EBUS_13","mLN","1","Malignant_Differentiated_tS2","Core_Shared_State","S",11.3977734582082,0.0861098877381145,-0.0803820649204631,-0.0936707887826265,0.220591932795308,-0.364444482764631,45.2262052750639
